project_id,mp_constituency,state,work_category,units,unit_type,contractor_id,sanctioned_cost_inr,regional_baseline_cost_inr,recommended_date,sanction_date,start_date,completion_certified_date,fund_release_date,planned_duration_days,latitude,longitude,_ground_truth_is_anomalous,_ground_truth_anomaly_type
MPLAD-00001,Warangal,Telangana,Street Lighting,0.57,unit,CTR-0009,234849.19,256500.0,2022-02-24,2022-05-21,2022-06-07,2022-06-27,2022-07-26,17,17.3195,78.4492,False,
MPLAD-00002,Nalgonda,Telangana,Health Sub-Centre,2.51,unit,CTR-0195,8509436.69,8032000.0,2022-11-15,2022-12-27,2023-01-22,2024-03-21,2024-04-09,451,16.9967,78.8475,False,
MPLAD-00003,Nalgonda,Telangana,Health Sub-Centre,1.65,unit,CTR-0187,11188624.05,5280000.0,2022-06-11,2022-09-04,2022-09-27,2023-11-30,2023-12-18,349,17.4774,78.7046,True,cost_inflation
MPLAD-00004,Warangal,Telangana,Drinking Water Supply,1.45,unit,CTR-0026,1715680.18,1740000.0,2022-11-30,2023-01-31,2023-02-27,2023-03-21,2023-03-25,100,17.6018,78.6835,True,ghost_project
MPLAD-00005,Kanpur,Uttar Pradesh,Drainage System,1.45,km,CTR-0071,1829236.92,1595000.0,2023-03-26,2023-05-21,2023-05-29,2023-07-12,2023-07-16,158,27.105,80.8012,True,ghost_project
MPLAD-00006,Patna Sahib,Bihar,Drainage System,2.14,km,CTR-0055,2280295.25,2354000.0,2024-07-28,2024-08-30,2024-09-20,2025-05-17,2025-06-16,251,25.639,85.347,False,
MPLAD-00007,Gaya,Bihar,Street Lighting,1.05,unit,CTR-0093,543025.96,472500.0,2022-07-06,2022-07-27,2022-08-08,2022-08-13,2022-08-16,32,25.8921,85.0222,True,ghost_project
MPLAD-00008,Varanasi,Uttar Pradesh,Street Lighting,2.65,unit,CTR-0142,1017732.34,1192500.0,2023-07-01,2023-08-28,2023-09-09,2023-12-07,2023-12-12,88,26.7537,81.3538,False,
MPLAD-00009,Kota,Rajasthan,Drinking Water Supply,0.95,unit,CTR-0196,1281118.72,1140000.0,2023-09-04,2023-11-22,2024-01-04,2024-03-08,2024-03-26,66,27.1625,75.8394,False,
MPLAD-00010,Cuttack,Odisha,Street Lighting,2.0,unit,CTR-0001,896923.54,900000.0,2024-01-14,2024-03-08,2024-03-28,2024-04-11,2024-04-12,56,19.8857,85.786,True,ghost_project
MPLAD-00011,Pune,Maharashtra,Community Hall,2.87,unit,CTR-0122,6454185.78,7175000.0,2024-05-16,2024-06-27,2024-08-05,2026-02-02,2026-02-09,455,19.3129,72.799,False,
MPLAD-00012,Jaipur Rural,Rajasthan,Drinking Water Supply,1.63,unit,CTR-0133,3705369.06,1956000.0,2022-02-13,2022-05-14,2022-06-23,2022-09-19,2022-09-28,89,26.4072,76.0078,True,cost_inflation
MPLAD-00013,Bhubaneswar,Odisha,Road Construction,0.68,km,CTR-0085,532570.0,578000.0,2023-03-15,2023-06-07,2023-06-20,2023-09-07,2023-10-02,67,20.043,85.773,False,
MPLAD-00014,Warangal,Telangana,Road Construction,1.56,km,CTR-0091,1312882.41,1326000.0,2022-07-21,2022-08-12,2022-09-11,2023-03-15,2023-03-16,156,17.1487,78.1902,False,
MPLAD-00015,Secunderabad,Telangana,School Building Repair,1.12,unit,CTR-0058,1135995.52,1008000.0,2022-07-20,2022-08-10,2022-09-18,2023-01-02,2023-01-02,86,17.8264,78.8487,True,contractor_collusion
MPLAD-00016,Bhubaneswar,Odisha,Community Hall,2.76,unit,CTR-0103,6205798.84,6900000.0,2024-03-10,2024-04-27,2024-05-31,2025-06-11,2025-07-11,371,20.4619,85.7867,False,
MPLAD-00017,Nalgonda,Telangana,Community Hall,2.34,unit,CTR-0149,5079480.54,5850000.0,2022-04-13,2022-07-11,2022-08-15,2022-10-01,2022-10-05,348,17.0574,78.9608,True,ghost_project
MPLAD-00018,Pune,Maharashtra,Road Construction,1.51,km,CTR-0061,1453536.59,1283500.0,2022-03-23,2022-04-17,2022-05-18,2022-11-01,2022-11-29,144,18.9164,72.6608,False,
MPLAD-00019,Kanpur,Uttar Pradesh,Drinking Water Supply,0.83,unit,CTR-0071,1039475.64,996000.0,2022-05-29,2022-06-14,2022-07-18,2022-09-13,2022-09-14,50,26.3733,80.6132,False,
MPLAD-00020,Cuttack,Odisha,Road Construction,1.42,km,CTR-0063,1083070.13,1207000.0,2023-09-12,2023-12-03,2023-12-08,2024-05-26,2024-06-25,146,20.0994,85.9634,False,
MPLAD-00021,Varanasi,Uttar Pradesh,Community Hall,2.72,unit,CTR-0030,7294530.04,6800000.0,2023-08-01,2023-09-11,2023-10-07,2024-10-19,2024-10-30,386,26.8054,80.6511,False,
MPLAD-00022,Warangal,Telangana,Road Construction,1.19,km,CTR-0213,860850.94,1011500.0,2023-06-21,2023-07-26,2023-08-28,2024-01-10,2024-02-01,121,17.4609,78.1119,False,
MPLAD-00023,Cuttack,Odisha,Drainage System,1.86,km,CTR-0039,2251374.42,2046000.0,2022-10-31,2023-01-09,2023-01-22,2023-07-23,2023-08-10,199,20.699,86.0961,False,
MPLAD-00024,Kanpur,Uttar Pradesh,Drinking Water Supply,0.76,unit,CTR-0171,988639.8,912000.0,2024-04-12,2024-05-16,2024-06-05,2024-08-08,2024-08-14,52,27.1814,80.4248,False,
MPLAD-00025,Madurai,Tamil Nadu,Drinking Water Supply,2.51,unit,CTR-0106,3340968.26,3012000.0,2023-07-01,2023-08-05,2023-08-16,2024-02-12,2024-02-09,171,11.3586,77.8224,False,
MPLAD-00026,Patna Sahib,Bihar,School Building Repair,2.55,unit,CTR-0079,2550655.91,2295000.0,2023-01-31,2023-04-07,2023-05-03,2023-11-05,2023-11-04,184,26.0669,84.8791,False,
MPLAD-00027,Pune,Maharashtra,School Building Repair,1.84,unit,CTR-0216,1874213.01,1656000.0,2023-06-19,2023-07-26,2023-09-06,2024-02-17,2024-02-28,128,18.6383,72.9966,False,
MPLAD-00028,Patna Sahib,Bihar,Health Sub-Centre,2.02,unit,CTR-0112,6486151.6,6464000.0,2023-01-25,2023-03-13,2023-03-20,2024-05-28,2024-05-23,368,25.6199,85.4065,False,
MPLAD-00029,Coimbatore,Tamil Nadu,Drainage System,1.58,km,CTR-0094,1972043.16,1738000.0,2023-10-05,2023-11-04,2023-11-28,2024-06-19,2024-07-10,185,10.8262,78.2972,False,
MPLAD-00030,Gaya,Bihar,Community Hall,2.85,unit,CTR-0171,7504017.11,7125000.0,2023-09-09,2023-11-14,2023-12-24,2025-08-30,2025-09-13,499,25.3869,85.0299,False,
MPLAD-00031,Patna Sahib,Bihar,Drainage System,1.6,km,CTR-0120,1852731.18,1760000.0,2022-12-14,2023-01-08,2023-01-31,2023-08-04,2023-08-20,168,25.1934,85.552,False,
MPLAD-00032,Kanpur,Uttar Pradesh,Drinking Water Supply,0.56,unit,CTR-0038,620560.26,672000.0,2022-05-30,2022-08-11,2022-09-11,2022-10-23,2022-10-30,34,27.0183,80.784,False,
MPLAD-00033,Pune,Maharashtra,Community Hall,0.51,unit,CTR-0177,1370993.91,1275000.0,2022-08-07,2022-10-15,2022-11-03,2023-01-24,2023-02-21,85,19.0645,72.9574,False,
MPLAD-00034,Jaipur Rural,Rajasthan,Road Construction,2.5,km,CTR-0035,2231830.8,2125000.0,2023-10-12,2023-12-22,2024-02-04,2024-12-29,2025-01-25,269,26.8267,76.2069,False,
MPLAD-00035,Coimbatore,Tamil Nadu,Community Hall,1.15,unit,CTR-0116,2656994.27,2875000.0,2024-12-03,2025-02-18,2025-04-04,2025-10-07,2025-10-30,187,10.5775,77.8857,False,
MPLAD-00036,Cuttack,Odisha,Drinking Water Supply,0.7,unit,CTR-0139,752009.33,840000.0,2022-11-09,2022-12-21,2022-12-30,2023-02-12,2023-02-28,42,20.3426,85.7158,False,
MPLAD-00037,Gaya,Bihar,School Building Repair,1.96,unit,CTR-0198,1867470.76,1764000.0,2024-02-19,2024-05-05,2024-05-10,2024-12-13,2024-12-27,170,25.8535,85.4534,False,
MPLAD-00038,Kota,Rajasthan,School Building Repair,2.34,unit,CTR-0192,2295456.71,2106000.0,2024-09-26,2024-11-08,2024-11-30,2025-07-07,2025-07-03,204,26.7889,75.9689,False,
MPLAD-00039,Secunderabad,Telangana,Drainage System,2.95,km,CTR-0033,3278219.35,3245000.0,2022-02-25,2022-03-22,2022-04-23,2023-03-18,2023-04-11,345,17.0817,78.2602,False,
MPLAD-00040,Patna Sahib,Bihar,School Building Repair,2.4,unit,CTR-0087,2081673.79,2160000.0,2024-05-13,2024-06-29,2024-07-09,2025-02-13,2025-03-14,202,25.1521,85.5519,False,
MPLAD-00041,Madurai,Tamil Nadu,Road Construction,0.6,km,CTR-0167,438247.59,510000.0,2022-02-11,2022-03-17,2022-04-06,2022-05-25,2022-05-27,52,11.064,77.818,False,
MPLAD-00042,Patna Sahib,Bihar,Health Sub-Centre,2.01,unit,CTR-0043,7326822.56,6432000.0,2022-12-02,2023-01-25,2023-02-05,2024-05-04,2024-05-18,402,25.6758,85.508,False,
MPLAD-00043,Kanpur,Uttar Pradesh,Drainage System,2.23,km,CTR-0071,2546637.68,2453000.0,2023-09-10,2023-10-10,2023-11-20,2024-01-06,2024-01-06,207,26.8327,81.0615,True,ghost_project
MPLAD-00044,Gaya,Bihar,Health Sub-Centre,1.73,unit,CTR-0211,5425595.66,5536000.0,2024-07-30,2024-09-02,2024-10-04,2025-08-03,2025-08-31,313,26.0655,84.8701,False,
MPLAD-00045,Madurai,Tamil Nadu,Street Lighting,1.66,unit,CTR-0124,819997.12,747000.0,2023-10-23,2023-12-08,2023-12-18,2024-02-08,2024-03-02,52,10.7439,78.0647,False,
MPLAD-00046,Patna Sahib,Bihar,School Building Repair,1.74,unit,CTR-0008,1483791.66,1566000.0,2023-12-28,2024-02-14,2024-03-11,2024-07-26,2024-08-07,136,25.6558,85.1166,False,
MPLAD-00047,Coimbatore,Tamil Nadu,Community Hall,2.4,unit,CTR-0143,6343096.81,6000000.0,2024-10-02,2024-12-13,2024-12-19,2025-12-22,2025-12-31,393,10.9044,77.8433,False,
MPLAD-00048,Jaipur Rural,Rajasthan,Drinking Water Supply,1.83,unit,CTR-0142,2146921.91,2196000.0,2023-11-09,2024-01-08,2024-02-11,2024-06-13,2024-06-24,122,26.6305,76.0213,False,
MPLAD-00049,Kota,Rajasthan,Drainage System,2.23,km,CTR-0196,2226005.0,2453000.0,2023-07-21,2023-10-19,2023-11-26,2024-09-05,2024-09-06,250,27.2326,75.5962,False,
MPLAD-00050,Nalgonda,Telangana,Drinking Water Supply,1.84,unit,CTR-0182,2058503.82,2208000.0,2023-08-22,2023-09-22,2023-11-06,2024-04-17,2024-05-13,131,17.0026,78.0123,False,
MPLAD-00051,Jaipur Rural,Rajasthan,School Building Repair,0.96,unit,CTR-0088,747716.85,864000.0,2024-09-05,2024-10-04,2024-10-13,2025-01-11,2025-01-10,85,26.92,75.82,True,geo_clustering
MPLAD-00052,Nagpur,Maharashtra,Health Sub-Centre,0.71,unit,CTR-0078,2100366.96,2272000.0,2024-05-02,2024-06-14,2024-07-22,2024-12-11,2025-01-03,135,18.8974,72.9885,False,
MPLAD-00053,Nagpur,Maharashtra,Street Lighting,2.02,unit,CTR-0016,974472.35,909000.0,2023-03-02,2023-04-13,2023-05-04,2023-07-25,2023-07-30,71,19.12,72.92,True,geo_clustering
MPLAD-00054,Jaipur Rural,Rajasthan,School Building Repair,1.98,unit,CTR-0177,1670407.22,1782000.0,2023-08-03,2023-10-15,2023-10-24,2024-04-09,2024-04-20,143,27.1878,75.9251,False,
MPLAD-00055,Gaya,Bihar,Community Hall,1.86,unit,CTR-0030,4855950.44,4650000.0,2022-10-19,2022-11-12,2022-11-20,2023-10-02,2023-10-16,327,25.695,85.4242,False,
MPLAD-00056,Warangal,Telangana,School Building Repair,2.25,unit,CTR-0078,4294000.72,2025000.0,2024-10-08,2024-12-18,2024-12-28,2025-07-16,2025-08-07,176,17.6345,78.6037,True,cost_inflation
MPLAD-00057,Bhubaneswar,Odisha,Drainage System,1.97,km,CTR-0148,1855436.62,2167000.0,2023-07-06,2023-10-02,2023-10-09,2024-07-02,2024-07-08,222,20.2705,85.9515,False,
MPLAD-00058,Nagpur,Maharashtra,Community Hall,2.09,unit,CTR-0112,5212030.19,5225000.0,2023-12-14,2024-02-19,2024-03-16,2025-01-08,2025-01-09,290,19.4577,72.7298,False,
MPLAD-00059,Pune,Maharashtra,Drinking Water Supply,2.53,unit,CTR-0103,9159959.56,3036000.0,2023-10-07,2023-11-23,2023-12-18,2024-05-13,2024-06-02,156,19.4649,73.2249,True,cost_inflation
MPLAD-00060,Gaya,Bihar,School Building Repair,0.97,unit,CTR-0014,836800.01,873000.0,2024-06-24,2024-07-15,2024-08-02,2024-10-22,2024-10-25,81,26.0277,85.0381,False,
MPLAD-00061,Nalgonda,Telangana,Road Construction,2.02,km,CTR-0162,1582712.12,1717000.0,2022-01-29,2022-04-24,2022-05-25,2022-11-01,2022-11-03,171,17.3614,78.1175,False,
MPLAD-00062,Cuttack,Odisha,School Building Repair,1.23,unit,CTR-0184,1175217.2,1107000.0,2024-09-15,2024-11-29,2024-12-19,2025-03-30,2025-04-03,94,20.1836,86.2219,False,
MPLAD-00063,Bhubaneswar,Odisha,Community Hall,1.19,unit,CTR-0018,3233830.52,2975000.0,2024-11-05,2024-12-24,2024-12-29,2025-07-01,2025-07-15,182,20.6375,85.8799,False,
MPLAD-00064,Secunderabad,Telangana,Health Sub-Centre,1.36,unit,CTR-0124,4419783.38,4352000.0,2024-07-21,2024-09-15,2024-10-02,2025-09-01,2025-09-11,259,17.4718,78.2336,False,
MPLAD-00065,Patna Sahib,Bihar,Road Construction,1.68,km,CTR-0191,1605113.48,1428000.0,2022-11-08,2023-01-25,2023-02-01,2023-06-26,2023-07-12,153,25.9697,85.4742,False,
MPLAD-00066,Cuttack,Odisha,Street Lighting,0.54,unit,CTR-0117,217058.93,243000.0,2022-11-13,2022-12-07,2023-01-11,2023-02-01,2023-02-12,18,20.1386,85.9927,False,
MPLAD-00067,Patna Sahib,Bihar,Health Sub-Centre,2.19,unit,CTR-0219,7078687.55,7008000.0,2024-09-26,2024-12-19,2024-12-26,2026-06-14,2026-06-24,467,25.7312,85.5209,False,
MPLAD-00068,Warangal,Telangana,Drainage System,2.4,km,CTR-0026,2801481.54,2640000.0,2022-12-07,2023-01-29,2023-02-04,2023-08-27,2023-08-25,223,17.42,78.52,True,geo_clustering
MPLAD-00069,Gaya,Bihar,Street Lighting,2.2,unit,CTR-0145,894976.9,990000.0,2024-02-23,2024-04-08,2024-05-14,2024-07-31,2024-08-04,62,25.3322,85.2379,False,
MPLAD-00070,Nalgonda,Telangana,Drainage System,1.66,km,CTR-0206,1709664.63,1826000.0,2022-06-01,2022-08-11,2022-09-07,2023-04-22,2023-05-06,176,17.5389,78.4243,False,
MPLAD-00071,Varanasi,Uttar Pradesh,Health Sub-Centre,3.0,unit,CTR-0051,10617606.12,9600000.0,2024-02-21,2024-05-19,2024-06-15,2026-01-04,2026-01-17,503,26.3219,81.23,False,
MPLAD-00072,Nagpur,Maharashtra,Road Construction,2.45,km,CTR-0176,2378383.36,2082500.0,2024-10-14,2024-12-04,2024-12-23,2025-10-13,2025-10-30,258,18.819,72.5901,False,
MPLAD-00073,Coimbatore,Tamil Nadu,Health Sub-Centre,2.6,unit,CTR-0175,8640107.27,8320000.0,2022-03-22,2022-05-15,2022-06-17,2023-10-30,2023-11-17,548,11.2324,77.6901,False,
MPLAD-00074,Gaya,Bihar,Drainage System,1.0,km,CTR-0045,1194549.23,1100000.0,2024-01-20,2024-04-11,2024-05-18,2024-10-11,2024-10-16,116,25.357,85.4247,False,
MPLAD-00075,Varanasi,Uttar Pradesh,Health Sub-Centre,2.68,unit,CTR-0192,9358729.48,8576000.0,2022-06-04,2022-07-07,2022-07-26,2024-04-09,2024-04-29,501,27.2673,81.2046,False,
MPLAD-00076,Gaya,Bihar,Health Sub-Centre,1.16,unit,CTR-0004,11276791.64,3712000.0,2023-06-21,2023-09-18,2023-10-17,2024-07-01,2024-07-19,210,25.2083,84.8338,True,cost_inflation
MPLAD-00077,Patna Sahib,Bihar,Street Lighting,1.05,unit,CTR-0157,410586.02,472500.0,2023-09-11,2023-11-17,2023-11-29,2023-12-08,2023-12-09,35,25.4044,85.0926,True,ghost_project
MPLAD-00078,Jaipur Rural,Rajasthan,School Building Repair,2.18,unit,CTR-0095,2105112.28,1962000.0,2024-05-08,2024-08-06,2024-08-20,2025-04-17,2025-04-18,192,27.2337,75.9157,False,
MPLAD-00079,Nalgonda,Telangana,Drinking Water Supply,1.43,unit,CTR-0177,1686853.61,1716000.0,2024-01-13,2024-02-09,2024-03-08,2024-06-27,2024-07-14,100,16.9606,78.2759,False,
MPLAD-00080,Bhubaneswar,Odisha,Health Sub-Centre,0.73,unit,CTR-0117,2134243.76,2336000.0,2022-02-13,2022-03-06,2022-04-01,2022-08-21,2022-08-24,143,20.587,85.5052,False,
MPLAD-00081,Kanpur,Uttar Pradesh,Street Lighting,2.67,unit,CTR-0209,1139704.29,1201500.0,2022-01-06,2022-02-25,2022-03-11,2022-06-16,2022-07-15,75,26.5507,80.5745,False,
MPLAD-00082,Secunderabad,Telangana,Road Construction,2.47,km,CTR-0058,1934436.22,2099500.0,2022-12-23,2023-02-09,2023-02-17,2023-09-15,2023-10-06,221,17.4261,78.7457,False,
MPLAD-00083,Nagpur,Maharashtra,Street Lighting,1.63,unit,CTR-0028,672227.02,733500.0,2024-12-03,2025-01-25,2025-02-28,2025-04-29,2025-04-25,52,18.6608,72.879,False,
MPLAD-00084,Warangal,Telangana,Drainage System,0.68,km,CTR-0114,653929.38,748000.0,2022-05-15,2022-06-15,2022-07-07,2022-09-28,2022-10-28,73,17.6122,78.3809,False,
MPLAD-00085,Jaipur Rural,Rajasthan,Drinking Water Supply,2.01,unit,CTR-0130,2121965.53,2412000.0,2023-03-17,2023-05-26,2023-06-28,2023-12-11,2024-01-01,133,26.7389,75.7535,False,
MPLAD-00086,Patna Sahib,Bihar,Road Construction,1.28,km,CTR-0110,1007996.03,1088000.0,2024-08-29,2024-09-21,2024-10-01,2025-03-17,2025-03-17,136,25.5319,85.3446,False,
MPLAD-00087,Kota,Rajasthan,Community Hall,1.97,unit,CTR-0016,5015993.93,4925000.0,2022-09-08,2022-11-14,2022-12-11,2023-12-13,2024-01-04,294,27.2681,76.0211,False,
MPLAD-00088,Varanasi,Uttar Pradesh,Street Lighting,0.76,unit,CTR-0091,342760.53,342000.0,2024-09-14,2024-10-27,2024-11-07,2024-11-27,2024-12-27,20,26.6676,81.1626,False,
MPLAD-00089,Gaya,Bihar,Health Sub-Centre,1.9,unit,CTR-0217,6567796.94,6080000.0,2022-02-23,2022-04-13,2022-04-19,2023-04-14,2023-04-28,371,26.0215,84.951,False,
MPLAD-00090,Nagpur,Maharashtra,Community Hall,1.5,unit,CTR-0169,3347108.99,3750000.0,2022-03-04,2022-03-30,2022-05-07,2023-01-03,2023-01-24,245,19.0536,72.5574,False,
MPLAD-00091,Madurai,Tamil Nadu,Drinking Water Supply,1.99,unit,CTR-0146,2662626.34,2388000.0,2022-04-12,2022-05-07,2022-05-29,2022-09-26,2022-10-18,112,10.9857,78.042,False,
MPLAD-00092,Kota,Rajasthan,Health Sub-Centre,1.36,unit,CTR-0030,3843977.69,4352000.0,2024-09-23,2024-12-14,2025-01-07,2025-09-10,2025-09-30,269,27.3844,75.3548,False,
MPLAD-00093,Madurai,Tamil Nadu,Community Hall,2.41,unit,CTR-0036,5644425.69,6025000.0,2024-10-15,2024-12-24,2025-01-09,2025-11-25,2025-12-24,337,11.2037,78.1003,False,
MPLAD-00094,Patna Sahib,Bihar,Health Sub-Centre,1.49,unit,CTR-0019,5114215.91,4768000.0,2024-07-30,2024-08-23,2024-09-17,2025-07-25,2025-07-14,276,25.8095,85.0177,True,payment_timing
MPLAD-00095,Secunderabad,Telangana,Drinking Water Supply,1.65,unit,CTR-0159,2092628.36,1980000.0,2024-06-13,2024-07-11,2024-07-31,2024-11-14,2024-12-04,99,17.424,78.3958,False,
MPLAD-00096,Kanpur,Uttar Pradesh,Drinking Water Supply,0.92,unit,CTR-0071,1107472.06,1104000.0,2024-11-10,2024-12-19,2025-01-15,2025-03-09,2025-03-13,51,26.5363,80.5464,False,
MPLAD-00097,Madurai,Tamil Nadu,Health Sub-Centre,0.69,unit,CTR-0168,2506935.91,2208000.0,2024-08-08,2024-11-03,2024-12-15,2025-05-08,2025-05-23,134,11.02,78.12,True,geo_clustering
MPLAD-00098,Jaipur Rural,Rajasthan,Road Construction,2.08,km,CTR-0114,1925173.26,1768000.0,2023-12-22,2024-03-10,2024-03-19,2024-10-10,2024-11-02,201,26.4376,75.6687,False,
MPLAD-00099,Bhubaneswar,Odisha,Drainage System,0.73,km,CTR-0219,825663.83,803000.0,2022-03-26,2022-06-06,2022-07-17,2022-10-10,2022-10-25,74,20.405,85.8014,False,
MPLAD-00100,Warangal,Telangana,School Building Repair,1.36,unit,CTR-0215,1302696.67,1224000.0,2022-12-20,2023-01-09,2023-01-29,2023-06-04,2023-06-27,107,17.4241,78.6098,False,
MPLAD-00101,Gaya,Bihar,Drinking Water Supply,2.44,unit,CTR-0105,3085143.76,2928000.0,2023-11-17,2023-12-10,2024-01-05,2024-05-08,2024-05-27,133,25.3841,85.3237,False,
MPLAD-00102,Bhubaneswar,Odisha,Street Lighting,1.33,unit,CTR-0039,613355.88,598500.0,2023-12-18,2024-02-10,2024-03-11,2024-04-14,2024-04-14,36,20.1096,85.6767,False,
MPLAD-00103,Secunderabad,Telangana,Health Sub-Centre,2.87,unit,CTR-0213,10553786.56,9184000.0,2022-07-11,2022-09-18,2022-10-25,2024-07-18,2024-08-05,605,17.2089,78.9512,False,
MPLAD-00104,Jaipur Rural,Rajasthan,Health Sub-Centre,1.07,unit,CTR-0050,3051707.13,3424000.0,2022-07-27,2022-10-14,2022-11-22,2023-06-28,2023-07-26,177,26.4377,75.6368,False,
MPLAD-00105,Nagpur,Maharashtra,Community Hall,0.89,unit,CTR-0097,2011964.68,2225000.0,2022-12-06,2023-02-15,2023-02-22,2023-07-28,2023-08-07,147,19.5696,73.0106,False,
MPLAD-00106,Jaipur Rural,Rajasthan,Health Sub-Centre,1.84,unit,CTR-0060,5551444.09,5888000.0,2024-08-18,2024-09-26,2024-10-24,2026-01-09,2026-02-01,378,26.8617,75.5818,False,
MPLAD-00107,Gaya,Bihar,Street Lighting,2.54,unit,CTR-0042,1246301.79,1143000.0,2023-05-28,2023-06-18,2023-07-23,2023-10-19,2023-11-18,71,26.0343,85.3114,False,
MPLAD-00108,Varanasi,Uttar Pradesh,Road Construction,2.41,km,CTR-0022,1908868.89,2048500.0,2022-10-29,2023-01-07,2023-01-17,2023-12-06,2023-12-15,253,27.1167,81.2846,False,
MPLAD-00109,Nalgonda,Telangana,School Building Repair,1.76,unit,CTR-0102,1458441.74,1584000.0,2024-02-07,2024-03-21,2024-03-27,2024-09-05,2024-09-06,158,17.7392,78.65,False,
MPLAD-00110,Nalgonda,Telangana,Community Hall,2.79,unit,CTR-0074,6917361.95,6975000.0,2024-08-18,2024-10-29,2024-12-12,2026-02-18,2026-02-18,480,17.42,78.52,True,geo_clustering
MPLAD-00111,Nagpur,Maharashtra,Drainage System,1.56,km,CTR-0136,1858173.67,1716000.0,2022-09-07,2022-09-28,2022-10-18,2023-03-28,2023-04-21,151,18.6628,73.2367,False,
MPLAD-00112,Nalgonda,Telangana,Street Lighting,1.79,unit,CTR-0162,743139.35,805500.0,2024-05-29,2024-06-13,2024-07-27,2024-09-16,2024-10-07,49,17.0873,78.6682,False,
MPLAD-00113,Warangal,Telangana,Drinking Water Supply,1.77,unit,CTR-0140,2435164.82,2124000.0,2024-03-10,2024-05-24,2024-05-31,2024-10-08,2024-10-26,113,17.1537,78.0162,False,
MPLAD-00114,Kanpur,Uttar Pradesh,Drinking Water Supply,0.76,unit,CTR-0161,934408.75,912000.0,2022-10-01,2022-10-21,2022-11-17,2023-01-11,2023-01-17,50,27.1304,81.0847,False,
MPLAD-00115,Pune,Maharashtra,School Building Repair,2.53,unit,CTR-0047,1978553.98,2277000.0,2024-07-26,2024-08-14,2024-09-06,2025-04-03,2025-04-10,214,19.4858,72.7156,False,
MPLAD-00116,Bhubaneswar,Odisha,School Building Repair,1.68,unit,CTR-0140,1301811.18,1512000.0,2023-08-09,2023-10-08,2023-10-16,2024-04-03,2024-04-19,137,20.0732,86.0993,False,
MPLAD-00117,Coimbatore,Tamil Nadu,School Building Repair,1.35,unit,CTR-0099,1100844.88,1215000.0,2024-01-23,2024-04-13,2024-05-05,2024-09-17,2024-10-09,111,10.5789,78.2025,False,
MPLAD-00118,Varanasi,Uttar Pradesh,Street Lighting,0.76,unit,CTR-0083,324344.58,342000.0,2024-07-02,2024-09-09,2024-09-24,2024-10-18,2024-11-04,21,26.7471,81.1268,False,
MPLAD-00119,Gaya,Bihar,Street Lighting,2.1,unit,CTR-0071,1027633.96,945000.0,2024-04-11,2024-06-11,2024-07-18,2024-09-25,2024-09-30,57,26.0528,84.7428,False,
MPLAD-00120,Jaipur Rural,Rajasthan,Health Sub-Centre,0.82,unit,CTR-0009,2416175.56,2624000.0,2024-01-12,2024-03-16,2024-04-26,2024-09-19,2024-09-23,160,27.0791,76.2488,False,
MPLAD-00121,Warangal,Telangana,Health Sub-Centre,1.42,unit,CTR-0136,4290970.23,4544000.0,2022-08-21,2022-09-08,2022-09-24,2023-06-25,2023-07-14,250,17.8135,78.1178,False,
MPLAD-00122,Jaipur Rural,Rajasthan,Drainage System,2.99,km,CTR-0055,3077428.71,3289000.0,2024-10-02,2024-11-11,2024-11-23,2025-10-23,2025-10-22,351,26.852,76.1987,False,
MPLAD-00123,Madurai,Tamil Nadu,Road Construction,2.92,km,CTR-0175,2844303.49,2482000.0,2022-05-13,2022-08-06,2022-09-14,2023-07-03,2023-07-17,288,11.3514,78.3118,False,
MPLAD-00124,Secunderabad,Telangana,Drainage System,1.06,km,CTR-0131,1335699.36,1166000.0,2023-04-30,2023-07-17,2023-07-23,2023-11-25,2023-11-10,120,17.3674,78.983,True,payment_timing
MPLAD-00125,Varanasi,Uttar Pradesh,Road Construction,3.0,km,CTR-0102,2717435.29,2550000.0,2024-04-18,2024-07-15,2024-07-24,2025-04-20,2025-05-05,285,26.9423,80.85,False,
MPLAD-00126,Secunderabad,Telangana,Drinking Water Supply,1.88,unit,CTR-0200,2315413.56,2256000.0,2022-09-22,2022-12-01,2023-01-07,2023-06-15,2023-06-13,126,17.7314,78.5181,False,
MPLAD-00127,Patna Sahib,Bihar,Community Hall,1.06,unit,CTR-0182,3005749.09,2650000.0,2023-08-05,2023-08-30,2023-09-20,2024-03-01,2024-03-31,167,25.3745,85.225,False,
MPLAD-00128,Kota,Rajasthan,Road Construction,0.92,km,CTR-0165,885601.0,782000.0,2023-11-23,2024-02-18,2024-02-25,2024-05-29,2024-05-25,77,26.4812,76.2485,False,
MPLAD-00129,Pune,Maharashtra,Drinking Water Supply,2.42,unit,CTR-0054,2831330.41,2904000.0,2024-10-16,2025-01-08,2025-01-31,2025-08-01,2025-08-15,158,19.0829,73.2047,False,
MPLAD-00130,Jaipur Rural,Rajasthan,Drinking Water Supply,2.22,unit,CTR-0019,2390737.89,2664000.0,2024-08-09,2024-09-19,2024-10-15,2025-03-19,2025-04-03,136,27.2615,75.6193,False,
MPLAD-00131,Gaya,Bihar,Drinking Water Supply,2.4,unit,CTR-0034,2892942.84,2880000.0,2023-05-11,2023-07-24,2023-08-05,2023-12-17,2023-12-27,134,25.2409,84.6506,False,
MPLAD-00132,Nagpur,Maharashtra,Health Sub-Centre,1.12,unit,CTR-0108,3976778.63,3584000.0,2023-11-02,2024-01-29,2024-02-23,2024-08-26,2024-08-31,190,19.0983,72.9147,False,
MPLAD-00133,Jaipur Rural,Rajasthan,Drinking Water Supply,0.73,unit,CTR-0006,847944.05,876000.0,2023-05-09,2023-06-20,2023-08-01,2023-09-15,2023-09-13,44,26.6814,75.8975,False,
MPLAD-00134,Jaipur Rural,Rajasthan,Drainage System,1.84,km,CTR-0074,2234803.06,2024000.0,2023-06-26,2023-08-26,2023-09-25,2024-04-09,2024-04-29,189,26.4512,75.8618,False,
MPLAD-00135,Warangal,Telangana,Drinking Water Supply,2.41,unit,CTR-0116,2700885.66,2892000.0,2022-09-01,2022-10-02,2022-10-13,2023-04-12,2023-04-28,172,17.42,78.52,True,geo_clustering
MPLAD-00136,Kota,Rajasthan,Street Lighting,1.75,unit,CTR-0103,680077.92,787500.0,2023-11-14,2024-01-28,2024-03-06,2024-04-26,2024-05-23,48,26.5398,76.2314,False,
MPLAD-00137,Nagpur,Maharashtra,School Building Repair,2.61,unit,CTR-0190,2415047.76,2349000.0,2024-11-09,2025-01-31,2025-03-08,2025-11-05,2025-11-19,205,19.0749,72.4166,False,
MPLAD-00138,Gaya,Bihar,Road Construction,1.27,km,CTR-0150,1208640.73,1079500.0,2022-02-24,2022-05-10,2022-05-31,2022-11-16,2022-11-25,132,25.8214,85.1835,False,
MPLAD-00139,Coimbatore,Tamil Nadu,Drainage System,1.45,km,CTR-0216,1748914.93,1595000.0,2022-08-14,2022-09-22,2022-09-28,2023-02-26,2023-03-19,141,10.6514,78.2905,False,
MPLAD-00140,Nagpur,Maharashtra,Health Sub-Centre,2.68,unit,CTR-0121,9182762.13,8576000.0,2022-10-10,2022-12-30,2023-01-17,2024-05-27,2024-06-21,442,19.1255,72.7138,False,
MPLAD-00141,Patna Sahib,Bihar,Street Lighting,1.39,unit,CTR-0140,676538.88,625500.0,2023-06-26,2023-09-10,2023-09-27,2023-11-23,2023-12-05,45,25.6581,84.8249,False,
MPLAD-00142,Madurai,Tamil Nadu,Drinking Water Supply,2.26,unit,CTR-0074,2866779.19,2712000.0,2024-09-09,2024-11-07,2024-12-17,2025-06-14,2025-06-26,141,10.7878,78.1735,False,
MPLAD-00143,Bhubaneswar,Odisha,School Building Repair,2.89,unit,CTR-0089,2838691.74,2601000.0,2023-08-13,2023-09-07,2023-10-04,2024-06-30,2024-07-11,213,20.5473,85.514,False,
MPLAD-00144,Cuttack,Odisha,Drinking Water Supply,2.24,unit,CTR-0144,2395496.91,2688000.0,2023-05-06,2023-06-21,2023-06-29,2023-12-15,2023-11-14,145,20.0257,85.5328,True,payment_timing
MPLAD-00145,Jaipur Rural,Rajasthan,Drainage System,2.2,km,CTR-0026,2156801.07,2420000.0,2022-11-20,2023-01-26,2023-03-02,2023-12-11,2023-12-18,261,27.1559,75.5872,False,
MPLAD-00146,Cuttack,Odisha,Road Construction,0.72,km,CTR-0197,625610.88,612000.0,2022-03-18,2022-04-24,2022-05-25,2022-08-16,2022-08-22,67,20.7339,85.3363,False,
MPLAD-00147,Jaipur Rural,Rajasthan,Health Sub-Centre,2.84,unit,CTR-0048,10347954.99,9088000.0,2022-03-18,2022-04-03,2022-04-27,2024-03-04,2024-03-05,601,27.3285,75.635,False,
MPLAD-00148,Kota,Rajasthan,Drainage System,1.73,km,CTR-0135,2153374.19,1903000.0,2024-08-16,2024-10-04,2024-10-21,2025-06-21,2025-07-07,199,26.5625,75.7589,False,
MPLAD-00149,Nalgonda,Telangana,Community Hall,1.34,unit,CTR-0189,3143999.38,3350000.0,2023-01-31,2023-03-09,2023-04-22,2023-06-12,2023-06-13,221,17.727,78.5153,True,ghost_project
MPLAD-00150,Jaipur Rural,Rajasthan,Community Hall,2.84,unit,CTR-0083,6049548.16,7100000.0,2024-07-03,2024-08-21,2024-09-16,2025-11-30,2025-11-25,432,26.6616,75.6596,False,
MPLAD-00151,Warangal,Telangana,Drainage System,1.51,km,CTR-0041,1662255.95,1661000.0,2023-09-29,2023-10-29,2023-12-13,2024-07-22,2024-08-04,176,17.2675,78.2208,False,
MPLAD-00152,Secunderabad,Telangana,School Building Repair,1.43,unit,CTR-0156,1364969.31,1287000.0,2023-03-24,2023-05-09,2023-06-21,2023-11-24,2023-11-24,125,17.4255,78.5282,False,
MPLAD-00153,Warangal,Telangana,Street Lighting,1.87,unit,CTR-0164,842885.21,841500.0,2022-11-03,2022-12-09,2023-01-03,2023-03-18,2023-04-10,60,17.0162,78.2054,True,contractor_collusion
MPLAD-00154,Jaipur Rural,Rajasthan,Street Lighting,0.64,unit,CTR-0208,256199.99,288000.0,2022-04-29,2022-07-24,2022-08-27,2022-09-18,2022-10-02,19,27.1233,75.6959,False,
MPLAD-00155,Kanpur,Uttar Pradesh,Drainage System,1.56,km,CTR-0012,1819158.14,1716000.0,2022-05-04,2022-05-27,2022-07-01,2022-11-28,2022-12-19,165,26.48,80.5354,False,
MPLAD-00156,Pune,Maharashtra,Drainage System,1.44,km,CTR-0108,1769961.73,1584000.0,2024-02-13,2024-04-16,2024-04-26,2024-10-16,2024-09-02,148,18.733,73.2603,True,payment_timing
MPLAD-00157,Kota,Rajasthan,School Building Repair,2.32,unit,CTR-0033,1914293.15,2088000.0,2022-02-16,2022-04-10,2022-05-14,2022-11-12,2022-12-11,156,26.8241,75.6793,False,
MPLAD-00158,Patna Sahib,Bihar,School Building Repair,1.19,unit,CTR-0040,1211539.95,1071000.0,2022-08-20,2022-09-08,2022-10-09,2023-01-30,2023-01-26,99,25.3407,84.6673,False,
MPLAD-00159,Nagpur,Maharashtra,School Building Repair,2.26,unit,CTR-0173,1758602.29,2034000.0,2024-04-03,2024-06-13,2024-07-02,2025-01-28,2025-01-26,189,18.7401,73.3935,False,
MPLAD-00160,Nagpur,Maharashtra,Drainage System,1.94,km,CTR-0082,2308478.96,2134000.0,2023-05-01,2023-06-23,2023-07-07,2023-09-09,2023-09-14,222,18.821,72.7005,True,ghost_project
MPLAD-00161,Pune,Maharashtra,Community Hall,1.57,unit,CTR-0174,3919843.48,3925000.0,2024-02-20,2024-05-12,2024-06-06,2025-05-01,2025-05-22,280,18.7492,72.7765,False,
MPLAD-00162,Kanpur,Uttar Pradesh,School Building Repair,2.64,unit,CTR-0077,2122493.93,2376000.0,2022-04-29,2022-07-24,2022-08-24,2023-05-14,2023-06-13,205,26.83,80.7884,False,
MPLAD-00163,Pune,Maharashtra,Drinking Water Supply,2.81,unit,CTR-0021,3723160.13,3372000.0,2023-01-26,2023-02-16,2023-03-10,2023-08-19,2023-08-16,155,19.4736,72.5882,False,
MPLAD-00164,Pune,Maharashtra,Drainage System,1.04,km,CTR-0144,1044090.74,1144000.0,2023-09-13,2023-09-29,2023-10-17,2024-03-19,2024-03-21,121,19.3469,73.1543,False,
MPLAD-00165,Nagpur,Maharashtra,Drainage System,1.01,km,CTR-0181,1249361.65,1111000.0,2023-08-03,2023-10-05,2023-11-08,2024-03-06,2024-03-23,107,18.9084,72.7596,False,
MPLAD-00166,Warangal,Telangana,School Building Repair,1.67,unit,CTR-0185,1656184.79,1503000.0,2024-01-30,2024-03-25,2024-04-25,2024-09-06,2024-09-15,146,17.6413,78.0162,False,
MPLAD-00167,Nagpur,Maharashtra,Street Lighting,1.54,unit,CTR-0185,620736.33,693000.0,2024-02-17,2024-05-14,2024-06-03,2024-07-22,2024-08-07,45,18.8573,73.2216,False,
MPLAD-00168,Coimbatore,Tamil Nadu,Drainage System,2.33,km,CTR-0044,2449338.26,2563000.0,2024-09-27,2024-11-04,2024-12-13,2025-02-08,2025-02-08,219,11.0239,78.4391,True,ghost_project
MPLAD-00169,Nalgonda,Telangana,Health Sub-Centre,0.84,unit,CTR-0106,2793397.81,2688000.0,2022-11-06,2022-11-22,2022-12-10,2023-05-11,2023-05-29,138,16.9605,78.6377,False,
MPLAD-00170,Pune,Maharashtra,School Building Repair,0.54,unit,CTR-0125,490696.58,486000.0,2022-02-04,2022-04-27,2022-05-19,2022-07-02,2022-07-15,40,18.6171,73.2132,False,
MPLAD-00171,Cuttack,Odisha,Health Sub-Centre,0.77,unit,CTR-0046,2165595.23,2464000.0,2023-01-29,2023-04-21,2023-05-12,2023-10-18,2023-10-30,130,20.5949,85.379,False,
MPLAD-00172,Nagpur,Maharashtra,School Building Repair,2.98,unit,CTR-0063,5471111.05,2682000.0,2022-06-15,2022-07-04,2022-07-14,2023-04-01,2023-04-20,246,19.1527,72.4561,True,cost_inflation
MPLAD-00173,Bhubaneswar,Odisha,School Building Repair,2.11,unit,CTR-0112,1802874.87,1899000.0,2022-07-15,2022-10-05,2022-10-12,2023-04-16,2023-05-11,188,20.0711,86.2242,False,
MPLAD-00174,Cuttack,Odisha,Drinking Water Supply,1.91,unit,CTR-0140,1970823.26,2292000.0,2023-10-07,2023-10-24,2023-11-11,2024-04-11,2024-05-01,134,20.7289,85.5993,False,
MPLAD-00175,Bhubaneswar,Odisha,Street Lighting,1.47,unit,CTR-0218,740190.54,661500.0,2022-10-14,2022-11-08,2022-12-15,2023-02-04,2023-02-21,43,19.8537,85.7371,False,
MPLAD-00176,Nagpur,Maharashtra,Drinking Water Supply,2.03,unit,CTR-0197,2505870.81,2436000.0,2023-10-31,2023-11-18,2024-01-02,2024-05-26,2024-06-18,144,19.0906,72.7558,False,
MPLAD-00177,Secunderabad,Telangana,School Building Repair,1.45,unit,CTR-0170,1411553.54,1305000.0,2023-05-20,2023-06-13,2023-06-23,2023-10-07,2023-10-26,106,17.6117,78.6339,False,
MPLAD-00178,Patna Sahib,Bihar,Drinking Water Supply,0.73,unit,CTR-0028,992409.95,876000.0,2023-07-07,2023-08-04,2023-08-17,2023-09-27,2023-10-19,44,25.5488,85.1547,False,
MPLAD-00179,Warangal,Telangana,Road Construction,1.99,km,CTR-0024,1835838.43,1691500.0,2022-01-26,2022-03-19,2022-04-19,2022-11-23,2022-11-23,207,17.6248,78.5595,False,
MPLAD-00180,Nagpur,Maharashtra,Community Hall,0.92,unit,CTR-0134,2217705.1,2300000.0,2023-09-09,2023-10-28,2023-12-03,2024-04-04,2024-04-09,129,19.0347,72.8211,False,
MPLAD-00181,Patna Sahib,Bihar,Road Construction,2.86,km,CTR-0065,2592101.97,2431000.0,2023-02-05,2023-04-19,2023-04-30,2024-01-11,2024-01-06,269,26.0488,84.9322,False,
MPLAD-00182,Bhubaneswar,Odisha,Health Sub-Centre,1.6,unit,CTR-0085,5013426.52,5120000.0,2022-10-06,2022-11-28,2022-12-23,2024-01-03,2024-01-10,330,20.279,85.4776,False,
MPLAD-00183,Varanasi,Uttar Pradesh,Drinking Water Supply,2.24,unit,CTR-0189,2680748.3,2688000.0,2023-05-12,2023-07-07,2023-08-05,2023-12-27,2024-01-16,143,26.665,81.3321,False,
MPLAD-00184,Secunderabad,Telangana,Street Lighting,0.57,unit,CTR-0141,273984.07,256500.0,2023-03-06,2023-05-16,2023-06-08,2023-07-02,2023-07-01,20,17.719,78.7957,False,
MPLAD-00185,Secunderabad,Telangana,School Building Repair,1.13,unit,CTR-0062,911479.1,1017000.0,2024-02-12,2024-03-07,2024-04-09,2024-07-29,2024-08-23,86,17.4822,78.5344,False,
MPLAD-00186,Coimbatore,Tamil Nadu,Health Sub-Centre,2.48,unit,CTR-0010,7601567.82,7936000.0,2022-06-24,2022-07-22,2022-08-11,2024-04-07,2024-04-24,521,10.6663,78.2127,False,
MPLAD-00187,Pune,Maharashtra,Drainage System,1.5,km,CTR-0166,1775077.97,1650000.0,2024-05-31,2024-06-28,2024-07-03,2024-12-17,2024-12-26,178,19.1107,72.9188,False,
MPLAD-00188,Kanpur,Uttar Pradesh,Street Lighting,1.66,unit,CTR-0101,787238.38,747000.0,2022-11-05,2023-01-03,2023-01-09,2023-03-09,2023-01-12,54,26.716,81.3617,True,payment_timing
MPLAD-00189,Patna Sahib,Bihar,Community Hall,1.36,unit,CTR-0080,3689955.4,3400000.0,2023-12-15,2024-02-28,2024-03-10,2024-10-27,2024-11-19,215,25.4189,84.9003,False,
MPLAD-00190,Nalgonda,Telangana,Road Construction,1.36,km,CTR-0218,1020526.98,1156000.0,2023-05-15,2023-08-04,2023-08-20,2024-01-22,2024-02-07,139,17.4598,78.9585,False,
MPLAD-00191,Pune,Maharashtra,School Building Repair,0.97,unit,CTR-0048,914198.94,873000.0,2023-02-09,2023-04-22,2023-06-03,2023-08-20,2023-08-15,73,19.3047,72.6058,False,
MPLAD-00192,Madurai,Tamil Nadu,Health Sub-Centre,1.94,unit,CTR-0017,6765793.19,6208000.0,2024-01-20,2024-03-16,2024-04-02,2025-05-07,2025-05-18,370,11.1707,78.0895,False,
MPLAD-00193,Nagpur,Maharashtra,Drinking Water Supply,2.03,unit,CTR-0100,2499583.05,2436000.0,2024-07-26,2024-09-01,2024-09-25,2025-02-25,2025-02-25,121,19.2721,72.7132,False,
MPLAD-00194,Secunderabad,Telangana,Road Construction,1.78,km,CTR-0037,1475888.73,1513000.0,2024-02-25,2024-05-04,2024-05-20,2024-10-31,2024-11-29,150,17.5934,78.6453,False,
MPLAD-00195,Secunderabad,Telangana,Street Lighting,0.97,unit,CTR-0036,481282.96,436500.0,2024-01-06,2024-01-22,2024-02-27,2024-03-27,2024-04-15,31,17.8638,78.5054,False,
MPLAD-00196,Jaipur Rural,Rajasthan,Drainage System,2.28,km,CTR-0107,2465754.05,2508000.0,2022-03-05,2022-04-17,2022-05-10,2022-11-22,2022-12-01,215,26.9376,75.4682,False,
MPLAD-00197,Madurai,Tamil Nadu,Drainage System,1.74,km,CTR-0197,1920204.79,1914000.0,2023-07-03,2023-09-25,2023-10-23,2024-05-17,2024-05-14,186,11.26,78.0414,False,
MPLAD-00198,Warangal,Telangana,School Building Repair,2.38,unit,CTR-0168,2012007.76,2142000.0,2024-07-10,2024-08-27,2024-09-23,2025-06-15,2025-06-15,213,17.3391,78.994,False,
MPLAD-00199,Kanpur,Uttar Pradesh,Community Hall,2.22,unit,CTR-0151,6151146.08,5550000.0,2024-05-26,2024-07-01,2024-08-14,2025-07-24,2025-08-01,360,27.1135,81.2054,False,
MPLAD-00200,Varanasi,Uttar Pradesh,Street Lighting,1.85,unit,CTR-0153,788457.49,832500.0,2023-08-16,2023-11-12,2023-12-04,2023-12-21,2023-12-24,61,27.2855,81.0793,True,ghost_project
MPLAD-00201,Varanasi,Uttar Pradesh,Road Construction,0.82,km,CTR-0168,773547.08,697000.0,2023-10-22,2023-12-07,2024-01-06,2024-01-24,2024-01-24,71,26.9278,80.7752,True,ghost_project
MPLAD-00202,Kota,Rajasthan,School Building Repair,1.2,unit,CTR-0192,1221372.9,1080000.0,2024-09-26,2024-11-21,2025-01-02,2025-03-24,2025-03-24,90,27.1309,75.7584,False,
MPLAD-00203,Bhubaneswar,Odisha,Drinking Water Supply,2.49,unit,CTR-0017,2896312.5,2988000.0,2023-03-10,2023-05-27,2023-06-18,2023-12-17,2023-12-30,177,20.1378,85.8779,False,
MPLAD-00204,Madurai,Tamil Nadu,School Building Repair,2.74,unit,CTR-0088,2660015.53,2466000.0,2024-07-30,2024-08-16,2024-08-28,2025-04-22,2025-04-27,187,10.9413,77.6007,False,
MPLAD-00205,Coimbatore,Tamil Nadu,Community Hall,1.25,unit,CTR-0167,3476021.91,3125000.0,2022-07-11,2022-09-10,2022-10-01,2023-04-21,2023-04-26,217,10.5518,78.2256,False,
MPLAD-00206,Kanpur,Uttar Pradesh,Health Sub-Centre,2.26,unit,CTR-0024,6149556.84,7232000.0,2022-09-29,2022-12-28,2023-01-16,2024-04-28,2024-05-21,423,26.3093,81.0956,False,
MPLAD-00207,Gaya,Bihar,Health Sub-Centre,0.83,unit,CTR-0178,2314035.99,2656000.0,2022-07-29,2022-08-26,2022-09-20,2023-02-25,2023-03-11,151,25.2371,85.3735,False,
MPLAD-00208,Pune,Maharashtra,Community Hall,0.86,unit,CTR-0174,2169677.84,2150000.0,2022-12-03,2023-02-12,2023-03-11,2023-07-26,2023-07-30,116,19.5199,73.0161,False,
MPLAD-00209,Warangal,Telangana,Community Hall,2.38,unit,CTR-0036,6109889.44,5950000.0,2024-05-29,2024-07-23,2024-08-05,2025-08-01,2025-08-01,362,17.1482,78.601,False,
MPLAD-00210,Madurai,Tamil Nadu,Drinking Water Supply,0.57,unit,CTR-0177,755218.77,684000.0,2023-02-25,2023-05-17,2023-06-29,2023-08-11,2023-08-31,39,10.7955,77.6546,False,
MPLAD-00211,Jaipur Rural,Rajasthan,Community Hall,0.78,unit,CTR-0099,1949755.79,1950000.0,2024-12-17,2025-01-02,2025-01-30,2025-07-09,2025-07-12,126,26.7868,76.139,False,
MPLAD-00212,Pune,Maharashtra,Street Lighting,2.41,unit,CTR-0045,1232356.28,1084500.0,2022-02-04,2022-05-05,2022-05-14,2022-07-26,2022-08-03,81,18.6398,72.4605,False,
MPLAD-00213,Varanasi,Uttar Pradesh,Street Lighting,2.28,unit,CTR-0161,1108216.46,1026000.0,2024-04-03,2024-04-28,2024-06-12,2024-08-27,2024-08-31,69,26.5775,80.7099,False,
MPLAD-00214,Madurai,Tamil Nadu,Community Hall,1.84,unit,CTR-0040,4449209.47,4600000.0,2022-05-16,2022-07-09,2022-08-10,2023-08-02,2023-08-12,300,10.5579,77.6862,False,
MPLAD-00215,Nagpur,Maharashtra,School Building Repair,0.64,unit,CTR-0156,604698.55,576000.0,2022-12-26,2023-01-25,2023-01-30,2023-04-01,2023-03-27,52,18.7638,73.353,False,
MPLAD-00216,Bhubaneswar,Odisha,Health Sub-Centre,1.15,unit,CTR-0185,3538543.85,3680000.0,2023-07-05,2023-08-04,2023-08-10,2024-04-04,2024-04-26,231,20.072,85.3639,False,
MPLAD-00217,Pune,Maharashtra,Street Lighting,1.74,unit,CTR-0020,785532.66,783000.0,2022-12-08,2023-02-08,2023-02-23,2023-04-11,2023-02-13,47,19.4943,73.0741,True,payment_timing
MPLAD-00218,Nalgonda,Telangana,Street Lighting,2.65,unit,CTR-0012,1018021.06,1192500.0,2024-01-16,2024-03-20,2024-04-03,2024-06-11,2024-06-08,72,17.4529,78.9139,False,
MPLAD-00219,Kanpur,Uttar Pradesh,School Building Repair,1.54,unit,CTR-0071,1477595.72,1386000.0,2022-06-09,2022-09-05,2022-10-03,2023-01-17,2023-01-15,112,26.4793,81.2043,False,
MPLAD-00220,Cuttack,Odisha,Road Construction,2.67,km,CTR-0120,2455731.18,2269500.0,2022-06-26,2022-09-19,2022-10-23,2023-05-25,2023-06-01,238,20.0916,86.0845,False,
MPLAD-00221,Jaipur Rural,Rajasthan,Community Hall,1.98,unit,CTR-0095,4940140.6,4950000.0,2023-02-05,2023-04-30,2023-05-20,2024-04-06,2024-04-27,336,26.4239,75.8415,False,
MPLAD-00222,Cuttack,Odisha,Drainage System,2.88,km,CTR-0003,2694189.52,3168000.0,2023-09-22,2023-10-20,2023-11-07,2024-10-22,2024-11-01,315,20.2198,86.2612,False,
MPLAD-00223,Coimbatore,Tamil Nadu,Community Hall,0.61,unit,CTR-0007,1402148.7,1525000.0,2024-04-25,2024-06-26,2024-07-30,2024-12-11,2024-12-11,104,11.0808,78.1054,True,contractor_collusion
MPLAD-00224,Nagpur,Maharashtra,Street Lighting,1.59,unit,CTR-0016,815144.45,715500.0,2023-06-19,2023-08-13,2023-09-12,2023-09-18,2023-09-22,45,18.9181,72.672,True,ghost_project
MPLAD-00225,Secunderabad,Telangana,Road Construction,1.62,km,CTR-0058,1300177.15,1377000.0,2024-01-04,2024-02-14,2024-03-18,2024-08-03,2024-08-14,135,17.7525,78.0904,True,contractor_collusion
MPLAD-00226,Coimbatore,Tamil Nadu,Drainage System,2.59,km,CTR-0056,6741158.83,2849000.0,2023-05-24,2023-07-23,2023-08-22,2024-05-13,2024-05-27,240,10.7602,78.5907,True,cost_inflation
MPLAD-00227,Kota,Rajasthan,School Building Repair,1.88,unit,CTR-0192,1486282.55,1692000.0,2022-10-14,2022-11-13,2022-11-18,2023-03-19,2023-03-28,131,26.5307,76.1237,False,
MPLAD-00228,Pune,Maharashtra,Drainage System,1.96,km,CTR-0022,2000005.2,2156000.0,2022-02-14,2022-03-09,2022-03-26,2023-01-02,2023-01-25,224,19.4093,72.492,False,
MPLAD-00229,Patna Sahib,Bihar,Health Sub-Centre,0.61,unit,CTR-0032,1929158.63,1952000.0,2024-06-06,2024-08-10,2024-09-15,2024-12-17,2025-01-08,103,25.2728,84.8147,False,
MPLAD-00230,Jaipur Rural,Rajasthan,Drinking Water Supply,0.59,unit,CTR-0039,733313.1,708000.0,2023-08-28,2023-11-14,2023-12-15,2024-01-26,2024-02-20,34,26.92,75.82,True,geo_clustering
MPLAD-00231,Pune,Maharashtra,Community Hall,1.81,unit,CTR-0205,4702499.08,4525000.0,2022-02-09,2022-04-13,2022-05-10,2023-04-12,2023-05-08,309,18.944,72.9657,False,
MPLAD-00232,Secunderabad,Telangana,Drinking Water Supply,1.99,unit,CTR-0058,2050793.0,2388000.0,2023-07-30,2023-08-21,2023-09-25,2024-02-23,2024-03-03,136,17.874,78.1001,True,contractor_collusion
MPLAD-00233,Madurai,Tamil Nadu,Health Sub-Centre,0.64,unit,CTR-0189,2352983.27,2048000.0,2024-03-06,2024-05-05,2024-05-21,2024-09-05,2024-09-20,111,11.3062,78.2976,False,
MPLAD-00234,Coimbatore,Tamil Nadu,Road Construction,1.91,km,CTR-0146,1654237.19,1623500.0,2024-10-05,2024-12-28,2025-01-21,2025-06-28,2025-06-25,163,10.5903,77.8326,False,
MPLAD-00235,Jaipur Rural,Rajasthan,Street Lighting,1.33,unit,CTR-0001,618992.9,598500.0,2023-11-29,2024-01-05,2024-01-30,2024-03-10,2024-03-14,44,26.9866,76.2172,False,
MPLAD-00236,Kota,Rajasthan,Health Sub-Centre,2.9,unit,CTR-0094,8928076.73,9280000.0,2024-03-21,2024-06-19,2024-06-30,2026-03-30,2026-04-14,617,26.5365,75.4575,False,
MPLAD-00237,Pune,Maharashtra,Health Sub-Centre,2.12,unit,CTR-0125,6120937.28,6784000.0,2024-01-01,2024-02-13,2024-03-26,2025-10-02,2025-08-07,453,18.9068,73.0885,True,payment_timing
MPLAD-00238,Coimbatore,Tamil Nadu,Road Construction,2.63,km,CTR-0101,2417132.4,2235500.0,2023-01-08,2023-03-04,2023-04-17,2023-12-22,2023-12-23,252,11.4367,77.7406,False,
MPLAD-00239,Patna Sahib,Bihar,Community Hall,0.92,unit,CTR-0082,2565870.97,2300000.0,2023-11-19,2024-01-30,2024-02-04,2024-06-10,2024-06-20,127,25.7932,84.9505,False,
MPLAD-00240,Nalgonda,Telangana,Drainage System,1.46,km,CTR-0013,1718059.21,1606000.0,2024-04-27,2024-07-14,2024-08-12,2025-02-08,2025-02-27,173,17.0014,78.4795,False,
MPLAD-00241,Madurai,Tamil Nadu,Drainage System,1.06,km,CTR-0176,1148960.34,1166000.0,2022-03-10,2022-05-01,2022-05-07,2022-09-07,2022-09-08,120,10.5742,77.7701,False,
MPLAD-00242,Warangal,Telangana,Drainage System,1.34,km,CTR-0024,1688589.09,1474000.0,2022-03-05,2022-05-14,2022-05-29,2022-11-23,2022-12-15,156,17.0571,78.1013,False,
MPLAD-00243,Gaya,Bihar,Community Hall,1.89,unit,CTR-0179,5328250.58,4725000.0,2023-07-31,2023-09-22,2023-10-12,2024-07-19,2024-08-08,300,25.62,85.12,True,geo_clustering
MPLAD-00244,Nalgonda,Telangana,Drinking Water Supply,0.72,unit,CTR-0110,947954.18,864000.0,2024-09-10,2024-10-20,2024-10-31,2024-12-11,2024-12-16,46,17.5382,78.9771,False,
MPLAD-00245,Varanasi,Uttar Pradesh,Road Construction,1.49,km,CTR-0201,1262357.33,1266500.0,2022-07-06,2022-09-28,2022-10-27,2023-03-19,2023-04-07,147,26.6694,80.8458,False,
MPLAD-00246,Varanasi,Uttar Pradesh,School Building Repair,2.59,unit,CTR-0058,2375927.64,2331000.0,2022-07-18,2022-08-12,2022-09-08,2023-04-19,2023-05-10,183,27.2707,80.9897,False,
MPLAD-00247,Gaya,Bihar,Health Sub-Centre,1.81,unit,CTR-0210,15057508.21,5792000.0,2024-08-30,2024-11-26,2024-12-16,2026-01-11,2026-01-11,359,25.4948,85.4539,True,cost_inflation
MPLAD-00248,Madurai,Tamil Nadu,Street Lighting,2.19,unit,CTR-0147,1021058.75,985500.0,2024-07-08,2024-08-14,2024-08-29,2024-11-14,2024-11-21,60,10.6262,78.0234,False,
MPLAD-00249,Kanpur,Uttar Pradesh,School Building Repair,0.87,unit,CTR-0161,805326.69,783000.0,2022-05-18,2022-06-13,2022-07-12,2022-09-21,2022-10-21,64,26.6261,80.6762,False,
MPLAD-00250,Nalgonda,Telangana,Health Sub-Centre,2.25,unit,CTR-0202,7389164.35,7200000.0,2022-08-19,2022-10-26,2022-11-09,2024-01-23,2023-12-26,459,17.8249,78.5627,True,payment_timing
MPLAD-00251,Kota,Rajasthan,Health Sub-Centre,2.69,unit,CTR-0089,7998906.43,8608000.0,2024-08-26,2024-09-14,2024-09-30,2026-03-19,2026-03-23,530,27.0182,75.9808,False,
MPLAD-00252,Cuttack,Odisha,School Building Repair,2.23,unit,CTR-0085,1735628.1,2007000.0,2023-07-05,2023-09-05,2023-09-11,2024-03-09,2024-03-23,174,20.1109,86.1428,False,
MPLAD-00253,Warangal,Telangana,Drainage System,0.84,km,CTR-0059,1055453.62,924000.0,2023-10-20,2023-12-08,2024-01-08,2024-04-15,2024-04-15,86,17.0879,78.2114,False,
MPLAD-00254,Jaipur Rural,Rajasthan,Drainage System,1.79,km,CTR-0195,1894518.76,1969000.0,2022-11-22,2022-12-15,2023-01-08,2023-07-21,2023-08-10,164,26.5356,76.1513,False,
MPLAD-00255,Secunderabad,Telangana,Road Construction,2.58,km,CTR-0058,2414696.96,2193000.0,2024-07-23,2024-08-13,2024-09-10,2025-06-04,2025-06-16,226,17.2684,78.4642,False,
MPLAD-00256,Nalgonda,Telangana,Drainage System,1.43,km,CTR-0062,1617379.17,1573000.0,2024-08-29,2024-11-27,2025-01-06,2025-05-27,2025-06-01,136,17.7377,78.2587,False,
MPLAD-00257,Varanasi,Uttar Pradesh,Road Construction,1.47,km,CTR-0008,1123140.84,1249500.0,2023-03-15,2023-04-27,2023-05-16,2023-10-28,2023-11-09,141,26.9516,80.9133,False,
MPLAD-00258,Pune,Maharashtra,Health Sub-Centre,1.69,unit,CTR-0003,4811466.38,5408000.0,2022-01-18,2022-03-02,2022-03-23,2023-02-16,2023-03-02,289,19.3127,73.1094,False,
MPLAD-00259,Bhubaneswar,Odisha,School Building Repair,1.65,unit,CTR-0090,1359462.13,1485000.0,2024-12-02,2025-02-05,2025-03-19,2025-07-10,2025-08-06,121,20.7994,86.2665,False,
MPLAD-00260,Pune,Maharashtra,Street Lighting,2.02,unit,CTR-0153,854044.39,909000.0,2022-05-11,2022-07-08,2022-07-30,2022-10-01,2022-10-13,55,18.8611,73.1111,False,
MPLAD-00261,Kanpur,Uttar Pradesh,Drinking Water Supply,2.41,unit,CTR-0071,3238768.48,2892000.0,2024-04-07,2024-06-01,2024-06-14,2024-12-25,2025-01-20,164,27.2975,80.6594,True,contractor_collusion
MPLAD-00262,Nagpur,Maharashtra,Road Construction,2.99,km,CTR-0182,2782445.41,2541500.0,2023-04-01,2023-06-23,2023-08-07,2024-06-28,2024-07-15,269,19.1073,73.2454,False,
MPLAD-00263,Secunderabad,Telangana,Street Lighting,1.68,unit,CTR-0058,810640.4,756000.0,2023-01-10,2023-03-08,2023-03-18,2023-05-11,2023-05-20,55,17.6442,78.3071,True,contractor_collusion
MPLAD-00264,Nagpur,Maharashtra,Drinking Water Supply,1.66,unit,CTR-0076,1763586.21,1992000.0,2022-05-26,2022-08-09,2022-08-26,2022-12-03,2022-12-22,90,19.1298,72.8131,False,
MPLAD-00265,Secunderabad,Telangana,Community Hall,1.52,unit,CTR-0088,3879120.09,3800000.0,2024-07-26,2024-08-28,2024-09-22,2025-08-20,2025-08-26,267,17.6789,78.4876,False,
MPLAD-00266,Patna Sahib,Bihar,Community Hall,0.65,unit,CTR-0163,1601625.95,1625000.0,2022-12-12,2023-03-10,2023-03-25,2023-07-04,2023-07-04,93,25.2294,85.0337,False,
MPLAD-00267,Jaipur Rural,Rajasthan,School Building Repair,0.51,unit,CTR-0099,463651.86,459000.0,2022-01-29,2022-03-26,2022-05-03,2022-06-13,2022-06-08,42,27.0267,75.5488,False,
MPLAD-00268,Varanasi,Uttar Pradesh,Drinking Water Supply,0.76,unit,CTR-0034,912912.86,912000.0,2022-05-14,2022-06-03,2022-06-27,2022-08-22,2022-09-15,44,27.0278,80.9964,False,
MPLAD-00269,Secunderabad,Telangana,Drainage System,2.75,km,CTR-0058,2897270.18,3025000.0,2024-04-06,2024-04-23,2024-05-12,2025-01-27,2025-01-30,263,17.1112,78.0219,True,contractor_collusion
MPLAD-00270,Pune,Maharashtra,Drainage System,0.59,km,CTR-0203,722313.14,649000.0,2024-12-31,2025-01-21,2025-03-05,2025-05-17,2025-05-18,57,19.2536,72.4197,False,
MPLAD-00271,Jaipur Rural,Rajasthan,School Building Repair,0.81,unit,CTR-0098,674923.86,729000.0,2023-02-25,2023-03-13,2023-04-06,2023-06-15,2023-06-16,66,27.0625,75.57,False,
MPLAD-00272,Gaya,Bihar,Community Hall,2.75,unit,CTR-0213,6898893.62,6875000.0,2023-08-02,2023-08-31,2023-09-11,2025-01-14,2025-01-21,447,25.878,85.4315,False,
MPLAD-00273,Coimbatore,Tamil Nadu,Drinking Water Supply,0.6,unit,CTR-0042,719212.62,720000.0,2024-09-11,2024-11-07,2024-11-27,2024-12-27,2024-12-27,34,11.4069,78.4352,False,
MPLAD-00274,Warangal,Telangana,Community Hall,2.31,unit,CTR-0020,12744235.63,5775000.0,2023-04-19,2023-07-01,2023-07-24,2024-06-26,2024-06-24,337,16.9998,78.1747,True,cost_inflation
MPLAD-00275,Pune,Maharashtra,Health Sub-Centre,1.56,unit,CTR-0081,4416773.42,4992000.0,2022-04-04,2022-04-20,2022-05-03,2023-05-14,2023-05-19,323,18.9287,73.2945,False,
MPLAD-00276,Cuttack,Odisha,Drinking Water Supply,0.73,unit,CTR-0188,958772.62,876000.0,2024-03-31,2024-06-05,2024-07-09,2024-08-19,2024-09-07,41,20.4899,85.7782,False,
MPLAD-00277,Secunderabad,Telangana,Health Sub-Centre,2.24,unit,CTR-0058,6218913.21,7168000.0,2022-11-23,2022-12-21,2023-01-21,2024-09-13,2024-10-08,476,17.7023,78.6784,True,contractor_collusion
MPLAD-00278,Nagpur,Maharashtra,Drinking Water Supply,2.66,unit,CTR-0008,3555840.36,3192000.0,2022-09-25,2022-12-10,2023-01-15,2023-07-01,2023-07-22,177,19.0407,72.4633,False,
MPLAD-00279,Coimbatore,Tamil Nadu,Road Construction,2.42,km,CTR-0135,2104300.1,2057000.0,2023-11-24,2024-02-13,2024-03-22,2024-12-19,2024-12-20,232,10.9328,78.3267,False,
MPLAD-00280,Pune,Maharashtra,Drainage System,1.46,km,CTR-0165,1769346.11,1606000.0,2022-04-22,2022-05-08,2022-05-23,2022-06-22,2022-06-23,155,19.4519,73.2694,True,ghost_project
MPLAD-00281,Varanasi,Uttar Pradesh,Drinking Water Supply,1.77,unit,CTR-0013,2156175.78,2124000.0,2023-04-27,2023-05-22,2023-06-25,2023-10-18,2023-11-10,107,26.388,80.8985,False,
MPLAD-00282,Coimbatore,Tamil Nadu,School Building Repair,1.51,unit,CTR-0027,2870324.0,1359000.0,2022-07-06,2022-08-28,2022-10-04,2023-02-15,2023-03-11,120,11.4504,77.9633,True,cost_inflation
MPLAD-00283,Patna Sahib,Bihar,School Building Repair,2.42,unit,CTR-0144,2243308.08,2178000.0,2024-01-15,2024-03-27,2024-04-08,2024-10-13,2024-10-22,201,25.1022,84.9551,False,
MPLAD-00284,Varanasi,Uttar Pradesh,Health Sub-Centre,1.8,unit,CTR-0141,6109221.98,5760000.0,2022-12-03,2023-02-19,2023-03-04,2024-03-01,2024-03-22,296,26.407,81.0109,False,
MPLAD-00285,Gaya,Bihar,Health Sub-Centre,1.64,unit,CTR-0056,5691068.28,5248000.0,2022-08-09,2022-10-16,2022-10-23,2023-12-13,2023-12-15,328,25.8721,85.0505,False,
MPLAD-00286,Secunderabad,Telangana,Street Lighting,1.83,unit,CTR-0002,711974.62,823500.0,2024-09-16,2024-12-05,2024-12-21,2025-03-05,2025-03-11,63,17.6305,78.1284,False,
MPLAD-00287,Nagpur,Maharashtra,Street Lighting,1.76,unit,CTR-0083,764595.84,792000.0,2023-05-24,2023-07-13,2023-08-12,2023-10-30,2023-11-12,62,19.0528,72.5334,False,
MPLAD-00288,Cuttack,Odisha,Drainage System,1.78,km,CTR-0192,2159521.92,1958000.0,2023-10-05,2023-12-29,2024-02-12,2024-08-16,2024-08-24,189,20.4242,85.5906,False,
MPLAD-00289,Secunderabad,Telangana,Drainage System,2.94,km,CTR-0167,2921413.88,3234000.0,2023-10-23,2023-11-21,2023-12-18,2024-12-02,2024-12-23,312,17.5742,78.8939,False,
MPLAD-00290,Gaya,Bihar,Health Sub-Centre,0.53,unit,CTR-0207,1495772.17,1696000.0,2022-04-19,2022-05-11,2022-05-28,2022-09-01,2022-09-06,96,25.62,85.12,True,geo_clustering
MPLAD-00291,Coimbatore,Tamil Nadu,Road Construction,2.38,km,CTR-0053,1739156.74,2023000.0,2022-07-29,2022-10-23,2022-11-11,2023-08-30,2023-09-29,244,10.8889,78.1109,False,
MPLAD-00292,Varanasi,Uttar Pradesh,Drainage System,2.16,km,CTR-0178,2679998.37,2376000.0,2023-10-03,2023-12-27,2024-01-04,2024-07-20,2024-07-31,219,26.5031,81.2688,False,
MPLAD-00293,Bhubaneswar,Odisha,School Building Repair,2.78,unit,CTR-0058,2655594.58,2502000.0,2023-02-07,2023-03-18,2023-04-10,2023-12-11,2023-12-10,227,19.987,85.4738,False,
MPLAD-00294,Nalgonda,Telangana,School Building Repair,1.2,unit,CTR-0110,1003613.63,1080000.0,2023-06-07,2023-06-22,2023-07-18,2023-10-18,2023-10-22,85,16.9399,78.9286,False,
MPLAD-00295,Cuttack,Odisha,Health Sub-Centre,2.04,unit,CTR-0161,6845045.79,6528000.0,2024-01-04,2024-01-28,2024-02-22,2025-04-23,2025-04-29,384,20.32,85.82,True,geo_clustering
MPLAD-00296,Kota,Rajasthan,Street Lighting,0.73,unit,CTR-0104,301024.07,328500.0,2023-11-11,2024-01-07,2024-02-04,2024-02-24,2024-03-23,20,26.8749,75.8613,False,
MPLAD-00297,Nalgonda,Telangana,Drainage System,2.17,km,CTR-0030,2348092.32,2387000.0,2023-05-15,2023-06-04,2023-06-29,2024-03-22,2024-03-24,254,17.2859,78.5402,False,
MPLAD-00298,Bhubaneswar,Odisha,Street Lighting,1.44,unit,CTR-0198,706867.57,648000.0,2022-03-31,2022-05-22,2022-06-08,2022-07-23,2022-07-23,44,20.7482,85.4674,False,
MPLAD-00299,Kota,Rajasthan,Street Lighting,2.07,unit,CTR-0002,850677.88,931500.0,2023-03-13,2023-05-21,2023-06-01,2023-08-05,2023-08-27,67,27.0466,76.2398,False,
MPLAD-00300,Nalgonda,Telangana,Community Hall,2.29,unit,CTR-0118,4931319.75,5725000.0,2022-12-31,2023-02-16,2023-03-28,2024-01-15,2024-01-24,316,17.811,78.4076,False,
MPLAD-00301,Gaya,Bihar,School Building Repair,0.54,unit,CTR-0081,511266.96,486000.0,2022-05-10,2022-08-07,2022-08-14,2022-10-02,2022-10-01,42,25.4577,85.1028,False,
MPLAD-00302,Varanasi,Uttar Pradesh,Drainage System,0.72,km,CTR-0156,855029.16,792000.0,2024-03-20,2024-04-07,2024-05-12,2024-07-22,2024-07-31,74,26.4364,80.791,False,
MPLAD-00303,Varanasi,Uttar Pradesh,Street Lighting,0.86,unit,CTR-0163,407583.26,387000.0,2024-02-04,2024-02-20,2024-03-31,2024-05-06,2024-05-10,29,26.4232,80.405,False,
MPLAD-00304,Kota,Rajasthan,Street Lighting,1.26,unit,CTR-0022,609235.25,567000.0,2023-12-06,2024-01-17,2024-02-17,2024-04-11,2024-05-08,43,26.5425,75.484,False,
MPLAD-00305,Kanpur,Uttar Pradesh,Drinking Water Supply,2.18,unit,CTR-0071,2668811.27,2616000.0,2024-08-02,2024-10-26,2024-11-04,2025-03-04,2025-03-03,119,26.5507,80.5974,False,
MPLAD-00306,Secunderabad,Telangana,Drinking Water Supply,0.75,unit,CTR-0061,932269.26,900000.0,2023-10-13,2023-12-29,2024-01-31,2024-03-24,2024-04-07,52,17.5935,78.1524,False,
MPLAD-00307,Patna Sahib,Bihar,Health Sub-Centre,0.92,unit,CTR-0110,2779031.29,2944000.0,2024-06-12,2024-08-01,2024-08-29,2025-02-23,2025-03-11,187,25.9779,85.0628,False,
MPLAD-00308,Jaipur Rural,Rajasthan,Drinking Water Supply,0.77,unit,CTR-0142,964346.9,924000.0,2023-07-29,2023-08-30,2023-10-08,2023-11-18,2023-11-17,42,27.1274,76.1921,False,
MPLAD-00309,Nalgonda,Telangana,Drainage System,1.95,km,CTR-0209,2083954.03,2145000.0,2022-03-17,2022-06-10,2022-07-01,2023-02-20,2023-03-21,210,17.3721,78.7752,False,
MPLAD-00310,Cuttack,Odisha,Community Hall,1.97,unit,CTR-0198,5452710.04,4925000.0,2024-10-23,2025-01-11,2025-01-21,2025-11-10,2025-12-07,277,19.8106,85.5389,False,
MPLAD-00311,Pune,Maharashtra,Street Lighting,2.39,unit,CTR-0043,959465.6,1075500.0,2022-10-27,2023-01-11,2023-02-07,2023-04-09,2023-05-05,67,18.8317,72.6644,False,
MPLAD-00312,Kanpur,Uttar Pradesh,Drainage System,1.4,km,CTR-0203,1525989.49,1540000.0,2022-04-06,2022-04-26,2022-05-21,2022-10-04,2022-11-01,145,26.9336,80.6735,False,
MPLAD-00313,Kota,Rajasthan,Street Lighting,0.93,unit,CTR-0146,437793.94,418500.0,2022-06-09,2022-08-29,2022-09-19,2022-10-17,2022-10-26,27,26.9164,75.6529,False,
MPLAD-00314,Madurai,Tamil Nadu,School Building Repair,2.72,unit,CTR-0124,2085645.34,2448000.0,2024-06-19,2024-07-25,2024-08-13,2025-03-21,2025-04-02,237,10.7115,77.7869,False,
MPLAD-00315,Bhubaneswar,Odisha,Drainage System,2.15,km,CTR-0031,2304418.41,2365000.0,2022-08-21,2022-11-05,2022-12-10,2023-07-31,2023-08-05,214,20.4473,85.7109,False,
MPLAD-00316,Nagpur,Maharashtra,Community Hall,0.9,unit,CTR-0152,2337439.79,2250000.0,2022-10-28,2022-11-19,2022-12-04,2023-04-06,2023-04-12,123,19.1166,72.8055,False,
MPLAD-00317,Nalgonda,Telangana,Drainage System,2.32,km,CTR-0185,2797989.81,2552000.0,2023-03-20,2023-05-31,2023-07-13,2024-07-01,2024-07-26,273,17.0706,78.8304,False,
MPLAD-00318,Nagpur,Maharashtra,Health Sub-Centre,2.42,unit,CTR-0211,8030245.51,7744000.0,2022-12-10,2023-02-06,2023-03-12,2024-08-14,2024-07-23,458,18.8298,72.7855,True,payment_timing
MPLAD-00319,Bhubaneswar,Odisha,Street Lighting,2.21,unit,CTR-0130,1091915.51,994500.0,2022-12-30,2023-03-15,2023-04-28,2023-07-17,2023-08-15,71,20.3033,85.4175,False,
MPLAD-00320,Cuttack,Odisha,Community Hall,1.85,unit,CTR-0155,3932915.29,4625000.0,2024-06-02,2024-08-22,2024-09-22,2025-08-30,2025-08-27,327,20.4976,85.729,False,
MPLAD-00321,Madurai,Tamil Nadu,School Building Repair,1.45,unit,CTR-0197,1339862.33,1305000.0,2022-07-20,2022-09-27,2022-10-10,2023-02-08,2023-02-17,121,11.4101,77.6838,False,
MPLAD-00322,Gaya,Bihar,Street Lighting,0.97,unit,CTR-0066,463888.04,436500.0,2024-12-06,2025-01-05,2025-02-12,2025-03-12,2025-03-20,32,25.7878,84.9159,False,
MPLAD-00323,Gaya,Bihar,Community Hall,1.96,unit,CTR-0167,4549115.26,4900000.0,2024-01-19,2024-03-09,2024-04-08,2025-04-16,2025-05-07,311,25.6521,85.1576,False,
MPLAD-00324,Kota,Rajasthan,Street Lighting,1.13,unit,CTR-0124,479004.93,508500.0,2024-03-26,2024-04-27,2024-05-09,2024-06-17,2024-05-06,33,27.1831,76.2492,True,payment_timing
MPLAD-00325,Madurai,Tamil Nadu,School Building Repair,2.5,unit,CTR-0087,2326967.12,2250000.0,2022-04-17,2022-05-22,2022-06-20,2023-03-11,2023-03-06,206,11.3044,78.4233,False,
MPLAD-00326,Gaya,Bihar,Street Lighting,0.66,unit,CTR-0023,856266.39,297000.0,2022-03-19,2022-05-22,2022-06-21,2022-07-10,2022-08-07,17,25.3865,85.5635,True,cost_inflation
MPLAD-00327,Pune,Maharashtra,Community Hall,1.6,unit,CTR-0127,3642048.69,4000000.0,2024-11-27,2025-01-17,2025-02-03,2025-10-01,2025-10-28,263,19.1158,72.6317,False,
MPLAD-00328,Patna Sahib,Bihar,Road Construction,2.14,km,CTR-0062,2078559.97,1819000.0,2023-07-20,2023-09-24,2023-10-21,2024-05-14,2024-06-03,177,25.6861,85.1177,False,
MPLAD-00329,Cuttack,Odisha,Road Construction,1.87,km,CTR-0024,3250604.91,1589500.0,2023-12-14,2024-02-11,2024-03-04,2024-08-28,2024-09-04,179,20.2548,85.704,True,cost_inflation
MPLAD-00330,Warangal,Telangana,Street Lighting,1.24,unit,CTR-0129,632830.39,558000.0,2023-06-12,2023-09-03,2023-10-14,2023-11-25,2023-12-18,42,17.8661,78.5632,False,
MPLAD-00331,Patna Sahib,Bihar,Health Sub-Centre,1.65,unit,CTR-0199,5217781.18,5280000.0,2022-02-26,2022-05-13,2022-05-25,2023-04-09,2023-04-28,319,25.7337,85.5942,False,
MPLAD-00332,Madurai,Tamil Nadu,Community Hall,1.53,unit,CTR-0081,3656427.96,3825000.0,2023-06-24,2023-08-09,2023-09-01,2024-04-14,2024-04-30,242,10.576,78.5314,False,
MPLAD-00333,Kanpur,Uttar Pradesh,Drinking Water Supply,0.96,unit,CTR-0069,1237071.6,1152000.0,2023-01-25,2023-04-13,2023-04-30,2023-07-05,2023-07-15,67,27.1727,80.6068,False,
MPLAD-00334,Bhubaneswar,Odisha,Community Hall,1.39,unit,CTR-0159,3765793.37,3475000.0,2022-06-10,2022-08-27,2022-10-10,2023-04-03,2023-05-02,194,20.758,86.148,False,
MPLAD-00335,Jaipur Rural,Rajasthan,Drinking Water Supply,2.67,unit,CTR-0148,3195162.1,3204000.0,2024-11-12,2025-01-01,2025-01-31,2025-08-07,2025-08-10,191,26.4541,76.0993,False,
MPLAD-00336,Nalgonda,Telangana,Street Lighting,1.37,unit,CTR-0129,683156.0,616500.0,2024-07-25,2024-08-24,2024-10-01,2024-11-19,2024-11-14,46,16.9118,78.2108,False,
MPLAD-00337,Patna Sahib,Bihar,Drinking Water Supply,2.65,unit,CTR-0157,2881543.43,3180000.0,2023-07-06,2023-09-19,2023-11-02,2024-04-10,2024-04-16,155,25.5988,84.8105,False,
MPLAD-00338,Patna Sahib,Bihar,Drinking Water Supply,1.5,unit,CTR-0219,1773393.66,1800000.0,2023-04-14,2023-05-11,2023-06-02,2023-09-27,2023-10-27,96,25.62,85.12,True,geo_clustering
MPLAD-00339,Secunderabad,Telangana,Drainage System,0.94,km,CTR-0003,2004475.92,1034000.0,2024-11-24,2025-02-15,2025-03-12,2025-07-25,2025-08-08,112,17.151,78.8585,True,cost_inflation
MPLAD-00340,Nalgonda,Telangana,Community Hall,2.53,unit,CTR-0056,6280483.56,6325000.0,2024-07-10,2024-09-05,2024-09-26,2025-11-30,2025-12-30,412,17.4575,78.81,False,
MPLAD-00341,Warangal,Telangana,School Building Repair,2.91,unit,CTR-0174,2382471.39,2619000.0,2022-12-24,2023-02-13,2023-03-12,2023-11-06,2023-12-03,233,17.3875,78.7365,False,
MPLAD-00342,Nagpur,Maharashtra,School Building Repair,1.66,unit,CTR-0074,1698645.62,1494000.0,2023-11-22,2024-01-29,2024-03-14,2024-08-24,2024-09-13,143,19.4489,72.4713,False,
MPLAD-00343,Patna Sahib,Bihar,Community Hall,2.13,unit,CTR-0082,5661167.49,5325000.0,2024-03-20,2024-05-08,2024-06-10,2025-08-02,2025-08-20,345,25.8479,85.1209,False,
MPLAD-00344,Secunderabad,Telangana,Community Hall,2.32,unit,CTR-0033,6081919.23,5800000.0,2022-06-13,2022-07-24,2022-08-08,2023-10-17,2023-10-18,411,16.9638,78.8787,False,
MPLAD-00345,Madurai,Tamil Nadu,Road Construction,1.81,km,CTR-0102,1767435.14,1538500.0,2022-11-15,2022-12-10,2023-01-08,2023-06-10,2023-04-28,150,11.2376,78.0432,True,payment_timing
MPLAD-00346,Secunderabad,Telangana,Health Sub-Centre,2.16,unit,CTR-0058,7659260.78,6912000.0,2024-09-02,2024-11-15,2024-12-24,2026-05-01,2026-05-31,387,17.3448,78.9695,True,contractor_collusion
MPLAD-00347,Jaipur Rural,Rajasthan,Street Lighting,2.37,unit,CTR-0162,1187215.12,1066500.0,2024-12-29,2025-02-21,2025-03-20,2025-06-07,2025-06-16,73,27.2047,75.7419,False,
MPLAD-00348,Secunderabad,Telangana,Drinking Water Supply,0.5,unit,CTR-0058,1441565.66,600000.0,2023-12-06,2024-01-26,2024-03-01,2024-04-07,2024-05-03,34,17.847,78.4771,True,cost_inflation
MPLAD-00349,Nagpur,Maharashtra,Drinking Water Supply,2.49,unit,CTR-0060,3031217.41,2988000.0,2024-06-14,2024-08-18,2024-09-07,2024-10-08,2024-10-12,142,19.4284,72.6206,True,ghost_project
MPLAD-00350,Madurai,Tamil Nadu,Health Sub-Centre,2.52,unit,CTR-0157,8510681.79,8064000.0,2024-12-25,2025-02-12,2025-03-15,2026-05-23,2026-05-22,446,10.6824,77.8896,False,
MPLAD-00351,Jaipur Rural,Rajasthan,Street Lighting,2.25,unit,CTR-0070,1010068.79,1012500.0,2022-11-08,2022-11-29,2023-01-07,2023-03-07,2023-03-08,66,26.6821,75.425,False,
MPLAD-00352,Kanpur,Uttar Pradesh,Road Construction,0.54,km,CTR-0071,420056.8,459000.0,2024-10-17,2024-12-18,2025-01-21,2025-03-19,2025-03-16,49,26.6302,81.2435,True,contractor_collusion
MPLAD-00353,Gaya,Bihar,Health Sub-Centre,1.86,unit,CTR-0019,5383471.64,5952000.0,2023-05-28,2023-07-30,2023-08-04,2024-08-08,2024-08-18,390,25.4848,85.575,False,
MPLAD-00354,Kanpur,Uttar Pradesh,Road Construction,0.73,km,CTR-0198,651402.37,620500.0,2024-03-07,2024-04-30,2024-05-25,2024-07-23,2024-06-13,62,27.0447,80.9496,True,payment_timing
MPLAD-00355,Varanasi,Uttar Pradesh,Drainage System,1.4,km,CTR-0051,1333064.43,1540000.0,2022-08-20,2022-10-04,2022-11-18,2023-05-02,2023-03-03,154,26.4674,80.6761,True,payment_timing
MPLAD-00356,Nalgonda,Telangana,Community Hall,1.95,unit,CTR-0011,5153973.94,4875000.0,2022-11-14,2023-01-15,2023-01-25,2023-12-13,2024-01-08,323,16.9914,78.6186,False,
MPLAD-00357,Pune,Maharashtra,Health Sub-Centre,0.65,unit,CTR-0016,2170214.74,2080000.0,2022-08-08,2022-09-08,2022-10-14,2023-02-19,2023-03-21,129,19.3886,73.1567,False,
MPLAD-00358,Coimbatore,Tamil Nadu,School Building Repair,2.22,unit,CTR-0007,1912985.6,1998000.0,2022-03-22,2022-06-07,2022-07-10,2023-01-01,2023-01-30,156,11.197,77.7898,True,contractor_collusion
MPLAD-00359,Jaipur Rural,Rajasthan,Drainage System,2.67,km,CTR-0071,3023946.9,2937000.0,2022-11-25,2022-12-18,2023-01-25,2023-11-18,2023-12-01,309,27.2194,75.8416,False,
MPLAD-00360,Pune,Maharashtra,Health Sub-Centre,1.45,unit,CTR-0130,4202263.73,4640000.0,2024-01-16,2024-03-01,2024-03-26,2024-12-31,2025-01-29,236,19.419,72.5899,False,
MPLAD-00361,Kota,Rajasthan,Health Sub-Centre,2.03,unit,CTR-0040,6150282.96,6496000.0,2022-08-15,2022-09-11,2022-10-19,2024-01-25,2024-01-22,398,27.2352,75.4298,False,
MPLAD-00362,Warangal,Telangana,Community Hall,0.58,unit,CTR-0026,1511661.98,1450000.0,2024-09-30,2024-12-21,2025-02-03,2025-05-17,2025-05-28,88,16.9491,78.2207,False,
MPLAD-00363,Cuttack,Odisha,Road Construction,2.14,km,CTR-0054,4845282.41,1819000.0,2024-08-16,2024-09-07,2024-10-05,2025-06-09,2025-06-30,220,20.622,86.0942,True,cost_inflation
MPLAD-00364,Nalgonda,Telangana,Street Lighting,0.68,unit,CTR-0188,287998.44,306000.0,2024-11-29,2024-12-26,2025-01-06,2025-02-02,2025-03-03,23,17.2853,78.1931,False,
MPLAD-00365,Pune,Maharashtra,Street Lighting,1.9,unit,CTR-0046,869913.32,855000.0,2024-01-04,2024-03-17,2024-04-18,2024-07-07,2024-07-12,64,19.3925,72.95,False,
MPLAD-00366,Secunderabad,Telangana,Drainage System,1.61,km,CTR-0154,1692539.78,1771000.0,2023-10-27,2023-12-28,2024-01-28,2024-08-07,2024-08-29,160,17.7262,78.3235,False,
MPLAD-00367,Kanpur,Uttar Pradesh,Street Lighting,2.82,unit,CTR-0141,1175381.73,1269000.0,2024-07-05,2024-09-08,2024-09-13,2025-01-08,2025-01-21,99,26.8958,80.9176,False,
MPLAD-00368,Nalgonda,Telangana,Drinking Water Supply,2.96,unit,CTR-0077,3248115.19,3552000.0,2023-07-20,2023-10-13,2023-11-19,2024-06-03,2024-06-07,176,17.42,78.52,True,geo_clustering
MPLAD-00369,Patna Sahib,Bihar,Drinking Water Supply,1.12,unit,CTR-0150,1245717.52,1344000.0,2024-03-29,2024-06-24,2024-07-12,2024-09-28,2024-10-13,66,25.8929,84.7729,False,
MPLAD-00370,Coimbatore,Tamil Nadu,Drainage System,1.99,km,CTR-0025,2057918.25,2189000.0,2024-02-21,2024-03-17,2024-03-25,2024-12-31,2025-01-16,222,10.8479,78.4171,False,
MPLAD-00371,Warangal,Telangana,Health Sub-Centre,2.37,unit,CTR-0059,8379132.73,7584000.0,2024-02-23,2024-03-15,2024-04-08,2025-10-17,2025-11-01,502,17.4399,78.1496,False,
MPLAD-00372,Secunderabad,Telangana,Community Hall,2.33,unit,CTR-0058,5637812.53,5825000.0,2024-10-30,2024-11-25,2024-12-14,2026-01-04,2026-01-24,360,17.048,78.3362,False,
MPLAD-00373,Gaya,Bihar,Street Lighting,0.71,unit,CTR-0068,319674.75,319500.0,2022-09-25,2022-10-27,2022-12-01,2022-12-26,2023-01-21,23,25.4953,85.1713,False,
MPLAD-00374,Kota,Rajasthan,Drainage System,1.11,km,CTR-0064,1135379.97,1221000.0,2022-07-03,2022-08-01,2022-09-01,2022-12-31,2023-01-17,114,26.5905,75.6445,False,
MPLAD-00375,Varanasi,Uttar Pradesh,Health Sub-Centre,2.97,unit,CTR-0044,9835369.3,9504000.0,2024-06-24,2024-07-27,2024-08-29,2026-04-07,2026-04-16,639,26.4997,80.7738,False,
MPLAD-00376,Warangal,Telangana,Health Sub-Centre,0.64,unit,CTR-0164,2323829.3,2048000.0,2023-08-13,2023-08-29,2023-09-24,2024-02-29,2024-03-02,135,17.2051,78.4712,False,
MPLAD-00377,Kanpur,Uttar Pradesh,Community Hall,1.15,unit,CTR-0193,2860360.21,2875000.0,2022-10-17,2022-11-03,2022-12-02,2023-07-07,2023-08-04,192,26.3435,80.5703,False,
MPLAD-00378,Coimbatore,Tamil Nadu,Health Sub-Centre,1.66,unit,CTR-0014,6021433.24,5312000.0,2023-07-10,2023-09-09,2023-09-20,2024-05-25,2024-06-13,274,10.7312,77.9807,False,
MPLAD-00379,Cuttack,Odisha,Road Construction,1.71,km,CTR-0081,1495843.25,1453500.0,2023-02-12,2023-05-02,2023-06-05,2023-11-10,2023-11-06,141,19.8398,86.2223,False,
MPLAD-00380,Gaya,Bihar,School Building Repair,0.89,unit,CTR-0191,764181.21,801000.0,2023-09-12,2023-10-27,2023-12-03,2024-02-07,2024-02-05,66,25.7258,85.4787,False,
MPLAD-00381,Nalgonda,Telangana,Health Sub-Centre,2.87,unit,CTR-0143,8427925.45,9184000.0,2024-03-15,2024-04-16,2024-04-26,2026-01-02,2026-01-30,517,17.8606,78.6124,False,
MPLAD-00382,Gaya,Bihar,Community Hall,1.93,unit,CTR-0062,4718558.08,4825000.0,2023-11-06,2024-01-17,2024-02-25,2024-11-24,2024-11-27,287,25.681,85.284,False,
MPLAD-00383,Varanasi,Uttar Pradesh,Community Hall,2.26,unit,CTR-0177,5690350.29,5650000.0,2022-10-25,2023-01-20,2023-02-04,2023-12-26,2024-01-25,317,26.833,81.1194,False,
MPLAD-00384,Cuttack,Odisha,Health Sub-Centre,2.32,unit,CTR-0038,8015176.86,7424000.0,2024-04-27,2024-07-03,2024-07-27,2025-12-31,2026-01-12,485,20.32,85.82,True,geo_clustering
MPLAD-00385,Madurai,Tamil Nadu,Road Construction,2.04,km,CTR-0157,1788935.47,1734000.0,2023-04-21,2023-06-04,2023-06-10,2024-01-02,2024-01-27,198,10.6341,78.4461,False,
MPLAD-00386,Patna Sahib,Bihar,Drainage System,2.63,km,CTR-0048,2885575.63,2893000.0,2023-01-31,2023-03-15,2023-03-22,2023-12-09,2023-12-04,247,26.0254,85.5502,False,
MPLAD-00387,Kanpur,Uttar Pradesh,Drainage System,0.94,km,CTR-0017,1175047.65,1034000.0,2024-09-30,2024-11-25,2024-12-29,2025-04-28,2025-05-20,96,26.7049,80.4418,False,
MPLAD-00388,Coimbatore,Tamil Nadu,School Building Repair,2.03,unit,CTR-0007,1959896.63,1827000.0,2024-12-11,2024-12-30,2025-02-06,2025-07-09,2025-08-02,163,11.327,77.6424,False,
MPLAD-00389,Coimbatore,Tamil Nadu,School Building Repair,1.47,unit,CTR-0007,1428241.95,1323000.0,2023-01-24,2023-03-17,2023-04-19,2023-09-03,2023-09-17,130,11.2737,77.8859,True,contractor_collusion
MPLAD-00390,Coimbatore,Tamil Nadu,Road Construction,1.66,km,CTR-0037,1472844.77,1411000.0,2024-10-22,2024-11-20,2024-12-06,2025-05-22,2025-06-20,138,10.6353,78.0136,False,
MPLAD-00391,Jaipur Rural,Rajasthan,Community Hall,2.74,unit,CTR-0152,7663358.53,6850000.0,2022-07-04,2022-08-20,2022-09-14,2024-03-29,2024-02-20,478,27.1184,75.4235,True,payment_timing
MPLAD-00392,Patna Sahib,Bihar,Drainage System,1.81,km,CTR-0022,1921765.39,1991000.0,2024-11-13,2024-12-18,2025-01-16,2025-09-02,2025-08-30,205,25.8683,85.5123,False,
MPLAD-00393,Bhubaneswar,Odisha,Drainage System,0.91,km,CTR-0039,894275.59,1001000.0,2022-04-16,2022-06-23,2022-07-17,2022-10-29,2022-11-21,102,20.0888,85.4807,False,
MPLAD-00394,Nalgonda,Telangana,Community Hall,2.41,unit,CTR-0160,5143315.53,6025000.0,2024-10-18,2025-01-10,2025-01-15,2026-03-23,2026-04-18,378,17.1379,78.5889,False,
MPLAD-00395,Jaipur Rural,Rajasthan,School Building Repair,2.0,unit,CTR-0021,1533549.43,1800000.0,2023-07-24,2023-10-18,2023-11-05,2024-04-13,2024-04-17,174,26.92,75.82,True,geo_clustering
MPLAD-00396,Pune,Maharashtra,Road Construction,2.6,km,CTR-0148,2076366.75,2210000.0,2022-04-11,2022-05-09,2022-06-09,2023-05-31,2023-06-05,275,19.2721,73.0111,False,
MPLAD-00397,Nagpur,Maharashtra,Street Lighting,1.91,unit,CTR-0202,979733.72,859500.0,2024-01-08,2024-01-27,2024-02-06,2024-02-17,2024-02-21,64,18.9686,72.7789,True,ghost_project
MPLAD-00398,Varanasi,Uttar Pradesh,Road Construction,0.84,km,CTR-0121,755687.48,714000.0,2024-12-15,2025-02-20,2025-03-30,2025-06-09,2025-06-17,73,26.9121,80.5093,False,
MPLAD-00399,Kota,Rajasthan,Drainage System,1.71,km,CTR-0023,1987457.61,1881000.0,2023-08-12,2023-10-20,2023-12-02,2024-08-07,2024-08-18,201,26.9254,76.295,False,
MPLAD-00400,Nagpur,Maharashtra,Community Hall,1.74,unit,CTR-0145,4649086.09,4350000.0,2023-01-04,2023-02-17,2023-03-12,2024-02-27,2024-02-22,273,18.7182,72.8649,False,
MPLAD-00401,Bhubaneswar,Odisha,Drainage System,2.5,km,CTR-0054,3161664.28,2750000.0,2023-11-15,2024-01-13,2024-02-22,2024-12-30,2025-01-07,256,19.8113,85.5012,False,
MPLAD-00402,Warangal,Telangana,Health Sub-Centre,1.77,unit,CTR-0164,5364811.39,5664000.0,2023-11-14,2024-01-11,2024-02-10,2025-01-15,2025-01-11,286,17.732,78.194,False,
MPLAD-00403,Cuttack,Odisha,School Building Repair,2.49,unit,CTR-0122,2338921.99,2241000.0,2024-08-01,2024-10-23,2024-11-18,2025-06-16,2025-07-07,194,20.7278,85.356,False,
MPLAD-00404,Coimbatore,Tamil Nadu,Street Lighting,1.84,unit,CTR-0143,755532.4,828000.0,2023-12-26,2024-01-18,2024-02-01,2024-04-01,2024-03-28,60,10.8392,77.9752,False,
MPLAD-00405,Nagpur,Maharashtra,Community Hall,1.47,unit,CTR-0156,3779949.03,3675000.0,2023-09-24,2023-11-18,2023-11-25,2024-08-08,2024-08-08,255,19.0971,72.6376,False,
MPLAD-00406,Kanpur,Uttar Pradesh,Drinking Water Supply,0.78,unit,CTR-0045,1016012.27,936000.0,2022-07-09,2022-09-18,2022-10-25,2022-12-11,2023-01-05,52,27.205,80.5541,False,
MPLAD-00407,Coimbatore,Tamil Nadu,School Building Repair,2.44,unit,CTR-0080,1961002.78,2196000.0,2024-11-23,2024-12-24,2025-01-11,2025-09-20,2025-08-22,212,10.8876,78.4648,True,payment_timing
MPLAD-00408,Pune,Maharashtra,Road Construction,1.99,km,CTR-0218,1481961.66,1691500.0,2022-04-05,2022-05-03,2022-06-10,2023-01-20,2023-02-03,186,18.6225,73.1585,False,
MPLAD-00409,Patna Sahib,Bihar,Community Hall,0.98,unit,CTR-0052,2285837.41,2450000.0,2024-06-22,2024-07-22,2024-08-13,2024-12-31,2025-01-12,146,25.2145,85.5583,False,
MPLAD-00410,Kanpur,Uttar Pradesh,Road Construction,1.3,km,CTR-0141,986176.09,1105000.0,2023-08-04,2023-10-31,2023-11-20,2024-03-24,2024-04-07,130,26.9133,80.7387,False,
MPLAD-00411,Nalgonda,Telangana,Community Hall,2.76,unit,CTR-0121,5969443.94,6900000.0,2022-06-26,2022-09-03,2022-10-03,2023-11-14,2023-12-07,419,17.5163,78.3124,False,
MPLAD-00412,Madurai,Tamil Nadu,Drainage System,2.52,km,CTR-0172,2421518.53,2772000.0,2024-08-11,2024-11-06,2024-11-19,2025-08-23,2025-09-16,296,10.5973,77.9104,False,
MPLAD-00413,Jaipur Rural,Rajasthan,Health Sub-Centre,1.08,unit,CTR-0121,3169630.09,3456000.0,2023-06-13,2023-08-13,2023-09-12,2024-04-17,2024-05-03,224,27.1888,76.1824,False,
MPLAD-00414,Warangal,Telangana,Road Construction,1.7,km,CTR-0090,1594889.67,1445000.0,2023-12-15,2024-03-12,2024-03-25,2024-09-06,2024-09-26,150,17.7176,78.7968,False,
MPLAD-00415,Warangal,Telangana,Drainage System,1.65,km,CTR-0137,1864296.83,1815000.0,2023-05-15,2023-08-08,2023-08-23,2024-03-16,2024-04-04,160,16.9661,78.2082,False,
MPLAD-00416,Madurai,Tamil Nadu,School Building Repair,1.92,unit,CTR-0112,1646196.91,1728000.0,2022-12-21,2023-01-14,2023-02-24,2023-09-08,2023-09-10,159,11.0922,78.0629,False,
MPLAD-00417,Jaipur Rural,Rajasthan,Health Sub-Centre,1.27,unit,CTR-0046,3949143.68,4064000.0,2024-02-16,2024-04-12,2024-05-18,2025-02-26,2025-02-24,246,26.4905,76.117,False,
MPLAD-00418,Pune,Maharashtra,Health Sub-Centre,0.5,unit,CTR-0208,1430428.17,1600000.0,2024-12-24,2025-02-14,2025-03-15,2025-06-20,2025-07-13,85,18.7957,73.0815,False,
MPLAD-00419,Madurai,Tamil Nadu,Street Lighting,1.26,unit,CTR-0174,642410.99,567000.0,2023-12-07,2024-01-02,2024-02-13,2024-03-18,2024-04-14,38,10.9042,77.7276,False,
MPLAD-00420,Cuttack,Odisha,Drinking Water Supply,2.92,unit,CTR-0141,2979286.49,3504000.0,2024-01-06,2024-02-04,2024-02-27,2024-10-15,2024-10-25,186,20.2317,85.8902,False,
MPLAD-00421,Gaya,Bihar,Drainage System,1.45,km,CTR-0104,1616589.34,1595000.0,2024-08-30,2024-10-01,2024-10-18,2025-04-14,2025-05-02,159,25.94,84.7543,False,
MPLAD-00422,Secunderabad,Telangana,Drainage System,0.68,km,CTR-0058,639324.83,748000.0,2024-09-23,2024-12-02,2024-12-15,2025-02-23,2025-03-16,75,17.7602,78.8936,False,
MPLAD-00423,Secunderabad,Telangana,Street Lighting,1.88,unit,CTR-0109,833321.62,846000.0,2023-01-16,2023-03-26,2023-05-08,2023-06-27,2023-07-23,56,17.7468,78.2367,False,
MPLAD-00424,Cuttack,Odisha,School Building Repair,1.94,unit,CTR-0140,1501627.33,1746000.0,2024-09-16,2024-11-17,2024-11-29,2025-04-27,2025-04-27,132,19.9421,86.0313,False,
MPLAD-00425,Madurai,Tamil Nadu,Health Sub-Centre,1.66,unit,CTR-0072,4639874.66,5312000.0,2022-07-01,2022-08-16,2022-09-20,2023-10-24,2023-10-23,347,11.1841,78.1392,False,
MPLAD-00426,Nalgonda,Telangana,Street Lighting,1.84,unit,CTR-0088,706478.6,828000.0,2024-08-18,2024-11-14,2024-12-10,2025-02-07,2025-02-20,56,17.1892,78.0353,False,
MPLAD-00427,Varanasi,Uttar Pradesh,Drainage System,2.46,km,CTR-0187,2511527.74,2706000.0,2022-12-13,2023-03-11,2023-03-19,2024-01-23,2024-02-05,267,27.1089,81.0243,False,
MPLAD-00428,Secunderabad,Telangana,Road Construction,2.46,km,CTR-0218,1935461.58,2091000.0,2023-07-18,2023-09-03,2023-09-08,2024-06-19,2024-06-25,239,17.8101,78.739,False,
MPLAD-00429,Madurai,Tamil Nadu,Drinking Water Supply,1.15,unit,CTR-0045,1463120.8,1380000.0,2024-12-16,2025-01-04,2025-01-30,2025-05-03,2025-05-07,72,11.0955,78.4217,False,
MPLAD-00430,Gaya,Bihar,Health Sub-Centre,1.46,unit,CTR-0198,4897191.27,4672000.0,2022-12-09,2023-01-19,2023-03-01,2024-02-12,2024-02-29,292,25.1543,84.8644,False,
MPLAD-00431,Secunderabad,Telangana,Road Construction,1.25,km,CTR-0122,1140960.49,1062500.0,2024-12-26,2025-02-08,2025-03-09,2025-08-03,2025-08-22,126,17.3746,78.1451,False,
MPLAD-00432,Varanasi,Uttar Pradesh,Road Construction,1.62,km,CTR-0205,1450735.63,1377000.0,2022-03-26,2022-04-22,2022-05-31,2022-12-15,2023-01-06,172,26.9105,81.0521,False,
MPLAD-00433,Varanasi,Uttar Pradesh,Drinking Water Supply,0.75,unit,CTR-0206,1705619.46,900000.0,2023-05-11,2023-08-09,2023-08-26,2023-10-14,2023-10-20,45,26.6133,80.4106,True,cost_inflation
MPLAD-00434,Warangal,Telangana,School Building Repair,1.61,unit,CTR-0176,1327030.28,1449000.0,2023-01-31,2023-02-19,2023-02-25,2023-07-10,2023-07-08,118,17.8385,78.6566,False,
MPLAD-00435,Pune,Maharashtra,Street Lighting,2.27,unit,CTR-0032,905041.99,1021500.0,2022-09-24,2022-11-26,2023-01-06,2023-04-11,2023-04-17,78,19.496,73.0957,False,
MPLAD-00436,Pune,Maharashtra,School Building Repair,2.1,unit,CTR-0020,2129668.29,1890000.0,2024-05-24,2024-07-19,2024-08-09,2025-01-04,2025-01-03,154,18.8773,72.4624,False,
MPLAD-00437,Varanasi,Uttar Pradesh,Road Construction,1.16,km,CTR-0209,968422.04,986000.0,2023-02-15,2023-04-21,2023-05-07,2023-09-09,2023-09-10,108,26.4439,81.1687,False,
MPLAD-00438,Warangal,Telangana,Drainage System,1.15,km,CTR-0184,2968546.85,1265000.0,2023-05-29,2023-08-09,2023-08-15,2023-12-25,2023-12-29,105,17.5529,78.0009,True,cost_inflation
MPLAD-00439,Coimbatore,Tamil Nadu,Community Hall,1.48,unit,CTR-0007,3149111.17,3700000.0,2024-10-01,2024-12-16,2025-01-17,2025-10-05,2025-10-04,246,11.0401,77.6033,False,
MPLAD-00440,Warangal,Telangana,School Building Repair,1.33,unit,CTR-0092,1126195.56,1197000.0,2022-07-05,2022-09-04,2022-10-13,2023-02-01,2023-02-17,90,16.9805,78.4596,False,
MPLAD-00441,Kanpur,Uttar Pradesh,Drainage System,0.6,km,CTR-0071,637064.41,660000.0,2024-03-09,2024-04-06,2024-05-21,2024-07-27,2024-08-22,57,26.3849,81.0328,True,contractor_collusion
MPLAD-00442,Nalgonda,Telangana,Community Hall,2.99,unit,CTR-0185,6888552.91,7475000.0,2023-09-23,2023-12-10,2024-01-18,2025-08-25,2025-09-17,455,17.8666,78.0164,False,
MPLAD-00443,Madurai,Tamil Nadu,Drinking Water Supply,0.61,unit,CTR-0185,648153.89,732000.0,2024-12-07,2025-02-18,2025-03-29,2025-05-07,2025-05-16,41,11.02,78.12,True,geo_clustering
MPLAD-00444,Nalgonda,Telangana,Drainage System,2.77,km,CTR-0121,3155203.92,3047000.0,2022-09-25,2022-10-11,2022-10-27,2023-09-02,2023-09-16,269,17.7207,78.0973,False,
MPLAD-00445,Nagpur,Maharashtra,Health Sub-Centre,2.54,unit,CTR-0017,7168078.0,8128000.0,2023-03-28,2023-04-20,2023-05-07,2024-09-30,2024-10-20,479,18.9242,73.3759,False,
MPLAD-00446,Patna Sahib,Bihar,Community Hall,2.91,unit,CTR-0215,6649128.49,7275000.0,2022-12-22,2023-02-17,2023-02-26,2024-03-09,2024-03-13,398,25.8576,84.7681,False,
MPLAD-00447,Jaipur Rural,Rajasthan,Community Hall,2.81,unit,CTR-0063,6057022.92,7025000.0,2024-02-10,2024-03-16,2024-03-22,2024-06-20,2024-06-22,391,26.4063,75.4794,True,ghost_project
MPLAD-00448,Coimbatore,Tamil Nadu,School Building Repair,1.69,unit,CTR-0198,1350751.01,1521000.0,2023-07-09,2023-09-28,2023-10-31,2024-03-04,2024-03-10,118,11.1105,77.6376,False,
MPLAD-00449,Nagpur,Maharashtra,School Building Repair,2.07,unit,CTR-0023,2020935.66,1863000.0,2022-01-10,2022-04-06,2022-04-26,2022-09-24,2022-10-22,155,19.5768,73.0189,False,
MPLAD-00450,Kota,Rajasthan,Street Lighting,1.66,unit,CTR-0057,775340.64,747000.0,2022-04-19,2022-05-28,2022-06-09,2022-08-05,2022-08-30,47,26.8975,75.4598,False,
MPLAD-00451,Pune,Maharashtra,Road Construction,1.21,km,CTR-0094,1008342.94,1028500.0,2024-07-17,2024-08-06,2024-08-17,2024-12-24,2025-01-22,108,18.7759,73.1855,False,
MPLAD-00452,Warangal,Telangana,Road Construction,1.61,km,CTR-0185,1401246.2,1368500.0,2023-10-30,2023-12-13,2023-12-25,2024-05-24,2024-05-25,147,17.1371,78.4126,False,
MPLAD-00453,Warangal,Telangana,Community Hall,0.64,unit,CTR-0125,1569215.23,1600000.0,2024-07-20,2024-08-26,2024-09-24,2024-12-29,2025-01-22,92,17.6198,78.632,False,
MPLAD-00454,Patna Sahib,Bihar,Community Hall,0.58,unit,CTR-0033,1479869.64,1450000.0,2022-08-16,2022-10-29,2022-12-02,2023-03-02,2023-03-18,85,25.62,85.12,True,geo_clustering
MPLAD-00455,Pune,Maharashtra,Health Sub-Centre,2.76,unit,CTR-0157,9038990.58,8832000.0,2023-04-16,2023-05-12,2023-06-12,2025-03-29,2025-04-24,528,19.4622,72.6164,False,
MPLAD-00456,Varanasi,Uttar Pradesh,School Building Repair,2.33,unit,CTR-0004,2245580.12,2097000.0,2023-11-02,2024-01-11,2024-02-22,2024-08-07,2024-08-11,169,27.2138,81.2983,False,
MPLAD-00457,Nalgonda,Telangana,Road Construction,2.33,km,CTR-0121,1983005.13,1980500.0,2024-03-18,2024-06-02,2024-06-13,2025-01-30,2025-02-09,214,16.9831,78.7531,False,
MPLAD-00458,Kanpur,Uttar Pradesh,School Building Repair,1.24,unit,CTR-0071,1165429.94,1116000.0,2024-09-09,2024-11-02,2024-11-17,2025-02-26,2025-02-22,86,26.82,80.92,True,geo_clustering
MPLAD-00459,Madurai,Tamil Nadu,Community Hall,2.07,unit,CTR-0095,5491557.95,5175000.0,2022-05-25,2022-07-28,2022-08-23,2023-06-29,2023-07-12,279,10.9259,77.8698,False,
MPLAD-00460,Nagpur,Maharashtra,Street Lighting,1.02,unit,CTR-0204,484428.4,459000.0,2023-11-19,2023-12-11,2024-01-17,2024-02-26,2024-03-15,32,19.488,72.511,False,
MPLAD-00461,Nalgonda,Telangana,Street Lighting,1.42,unit,CTR-0094,667404.7,639000.0,2023-02-24,2023-03-28,2023-04-23,2023-06-07,2023-06-09,46,17.549,78.7374,False,
MPLAD-00462,Coimbatore,Tamil Nadu,Health Sub-Centre,2.36,unit,CTR-0007,6929950.58,7552000.0,2023-07-02,2023-09-19,2023-10-21,2024-12-24,2024-12-23,426,10.8728,78.0524,False,
MPLAD-00463,Coimbatore,Tamil Nadu,School Building Repair,1.83,unit,CTR-0212,1544357.82,1647000.0,2022-05-15,2022-06-23,2022-07-27,2022-12-12,2023-01-01,148,11.3979,77.8884,False,
MPLAD-00464,Secunderabad,Telangana,Road Construction,2.24,km,CTR-0058,1901902.97,1904000.0,2024-12-02,2024-12-19,2025-01-11,2025-09-16,2025-10-15,233,17.8317,78.4739,False,
MPLAD-00465,Varanasi,Uttar Pradesh,Road Construction,0.66,km,CTR-0049,623572.88,561000.0,2024-11-30,2025-01-26,2025-02-26,2025-05-01,2025-05-16,57,26.7861,81.0659,False,
MPLAD-00466,Jaipur Rural,Rajasthan,Street Lighting,1.26,unit,CTR-0118,504395.42,567000.0,2022-12-18,2023-02-04,2023-02-23,2023-04-09,2023-04-22,42,27.1697,75.3473,False,
MPLAD-00467,Secunderabad,Telangana,School Building Repair,2.28,unit,CTR-0042,1919797.8,2052000.0,2022-11-11,2022-12-16,2023-01-05,2023-07-15,2023-07-30,202,17.4745,78.4409,False,
MPLAD-00468,Kota,Rajasthan,Community Hall,0.59,unit,CTR-0182,1393997.62,1475000.0,2024-02-03,2024-04-15,2024-05-24,2024-09-14,2024-10-13,88,26.7016,76.2204,False,
MPLAD-00469,Madurai,Tamil Nadu,School Building Repair,2.87,unit,CTR-0038,2914510.97,2583000.0,2024-11-05,2025-01-01,2025-01-24,2025-09-02,2025-09-15,203,11.4696,78.3542,False,
MPLAD-00470,Secunderabad,Telangana,Drainage System,2.77,km,CTR-0187,2994078.67,3047000.0,2024-09-07,2024-09-27,2024-10-10,2025-10-03,2025-10-05,306,17.2081,78.4016,False,
MPLAD-00471,Patna Sahib,Bihar,School Building Repair,1.32,unit,CTR-0024,1226545.09,1188000.0,2024-12-14,2025-01-26,2025-02-17,2025-05-19,2025-05-19,94,25.6384,85.0455,False,
MPLAD-00472,Kota,Rajasthan,Road Construction,0.99,km,CTR-0101,795492.96,841500.0,2022-04-25,2022-06-25,2022-07-25,2022-10-25,2022-11-16,96,26.7696,75.6728,False,
MPLAD-00473,Varanasi,Uttar Pradesh,Drinking Water Supply,2.69,unit,CTR-0115,2828630.51,3228000.0,2024-06-28,2024-09-04,2024-10-07,2025-04-07,2025-04-29,180,27.0286,80.8142,False,
MPLAD-00474,Warangal,Telangana,Street Lighting,1.26,unit,CTR-0164,650073.85,567000.0,2023-11-18,2023-12-11,2024-01-22,2024-03-08,2024-03-08,39,16.9066,78.6388,True,contractor_collusion
MPLAD-00475,Coimbatore,Tamil Nadu,School Building Repair,1.0,unit,CTR-0036,989716.61,900000.0,2024-10-01,2024-10-21,2024-11-14,2025-02-13,2025-02-27,74,10.9941,78.3399,False,
MPLAD-00476,Nalgonda,Telangana,Health Sub-Centre,1.16,unit,CTR-0040,10655688.35,3712000.0,2024-08-25,2024-09-24,2024-10-17,2025-06-28,2025-07-24,239,17.8068,78.6448,True,cost_inflation
MPLAD-00477,Warangal,Telangana,School Building Repair,1.95,unit,CTR-0093,3944456.49,1755000.0,2024-09-01,2024-10-01,2024-10-29,2025-05-03,2025-04-29,169,17.7453,78.1628,True,cost_inflation
MPLAD-00478,Secunderabad,Telangana,Drainage System,1.18,km,CTR-0014,1266658.75,1298000.0,2023-12-31,2024-01-21,2024-02-13,2024-07-02,2024-07-01,138,17.4139,78.7664,False,
MPLAD-00479,Nagpur,Maharashtra,Road Construction,0.92,km,CTR-0193,740383.57,782000.0,2023-09-09,2023-10-28,2023-11-25,2024-02-09,2024-02-26,81,19.4233,72.4129,False,
MPLAD-00480,Madurai,Tamil Nadu,Drinking Water Supply,1.53,unit,CTR-0125,2067835.78,1836000.0,2023-03-23,2023-04-26,2023-06-02,2023-08-26,2023-09-02,86,11.2951,78.1587,False,
MPLAD-00481,Bhubaneswar,Odisha,Street Lighting,2.28,unit,CTR-0137,1088257.13,1026000.0,2024-05-04,2024-07-16,2024-07-25,2024-10-05,2024-10-08,77,20.7234,85.7795,False,
MPLAD-00482,Secunderabad,Telangana,Drinking Water Supply,1.81,unit,CTR-0153,2478324.62,2172000.0,2023-09-16,2023-10-04,2023-10-16,2024-01-24,2024-01-28,102,17.588,78.3074,False,
MPLAD-00483,Gaya,Bihar,Road Construction,2.41,km,CTR-0177,4028357.03,2048500.0,2024-09-18,2024-11-27,2024-12-04,2025-06-12,2025-06-09,195,25.8931,85.1135,True,cost_inflation
MPLAD-00484,Nalgonda,Telangana,Drinking Water Supply,1.25,unit,CTR-0017,1279622.58,1500000.0,2022-09-11,2022-10-22,2022-12-03,2023-02-27,2023-03-05,69,17.42,78.52,True,geo_clustering
MPLAD-00485,Varanasi,Uttar Pradesh,Drainage System,1.37,km,CTR-0149,1353537.97,1507000.0,2023-05-11,2023-07-29,2023-09-08,2024-01-18,2024-01-13,143,26.8288,81.1158,False,
MPLAD-00486,Cuttack,Odisha,Community Hall,1.84,unit,CTR-0194,5253540.27,4600000.0,2023-03-15,2023-06-02,2023-07-07,2024-03-30,2024-04-05,256,20.2397,86.2577,False,
MPLAD-00487,Gaya,Bihar,Drinking Water Supply,1.04,unit,CTR-0109,1145996.3,1248000.0,2023-10-06,2023-11-05,2023-12-09,2024-01-31,2024-02-03,57,25.5958,84.9613,False,
MPLAD-00488,Nalgonda,Telangana,Drainage System,1.32,km,CTR-0022,1284608.77,1452000.0,2023-10-01,2023-12-11,2023-12-30,2024-05-23,2024-06-05,130,17.885,78.428,False,
MPLAD-00489,Madurai,Tamil Nadu,Health Sub-Centre,2.85,unit,CTR-0122,8757319.66,9120000.0,2024-10-03,2024-10-31,2024-11-30,2026-04-11,2026-04-11,463,10.6192,77.9948,False,
MPLAD-00490,Coimbatore,Tamil Nadu,Road Construction,0.66,km,CTR-0044,640977.42,561000.0,2024-04-07,2024-05-07,2024-05-26,2024-08-06,2024-09-01,59,10.7785,78.3135,False,
MPLAD-00491,Madurai,Tamil Nadu,Drinking Water Supply,2.5,unit,CTR-0203,3398902.55,3000000.0,2024-04-08,2024-06-24,2024-07-31,2024-12-30,2025-01-23,151,10.608,77.8507,False,
MPLAD-00492,Secunderabad,Telangana,Drainage System,2.34,km,CTR-0058,2829067.29,2574000.0,2022-02-24,2022-04-02,2022-05-01,2022-05-29,2022-06-02,245,17.0527,78.622,True,ghost_project
MPLAD-00493,Jaipur Rural,Rajasthan,Health Sub-Centre,1.67,unit,CTR-0203,12839328.56,5344000.0,2024-10-30,2024-12-17,2025-01-25,2025-12-16,2026-01-14,314,26.9466,76.2526,True,cost_inflation
MPLAD-00494,Gaya,Bihar,Road Construction,1.29,km,CTR-0116,1055820.91,1096500.0,2022-03-09,2022-04-15,2022-05-25,2022-10-11,2022-10-25,120,25.9847,84.7641,False,
MPLAD-00495,Coimbatore,Tamil Nadu,Drinking Water Supply,0.77,unit,CTR-0196,972516.81,924000.0,2024-08-20,2024-11-03,2024-12-13,2025-02-13,2025-03-12,50,10.5557,77.8634,False,
MPLAD-00496,Nagpur,Maharashtra,School Building Repair,1.38,unit,CTR-0174,3785467.02,1242000.0,2022-02-27,2022-05-28,2022-06-04,2022-09-09,2022-09-27,102,18.9489,73.1421,True,cost_inflation
MPLAD-00497,Gaya,Bihar,Drinking Water Supply,1.57,unit,CTR-0025,2162047.61,1884000.0,2022-04-26,2022-06-11,2022-07-01,2022-07-16,2022-07-18,96,25.6925,85.5104,True,ghost_project
MPLAD-00498,Nalgonda,Telangana,Community Hall,1.32,unit,CTR-0138,3261300.29,3300000.0,2024-11-20,2025-01-27,2025-02-18,2025-09-13,2025-10-08,229,17.488,78.9858,False,
MPLAD-00499,Patna Sahib,Bihar,School Building Repair,0.74,unit,CTR-0147,663674.05,666000.0,2023-02-26,2023-04-25,2023-05-31,2023-08-05,2023-08-21,60,25.2666,84.8995,False,
MPLAD-00500,Jaipur Rural,Rajasthan,Community Hall,2.62,unit,CTR-0163,7114248.98,6550000.0,2023-03-15,2023-05-05,2023-05-26,2024-07-14,2024-08-03,452,27.2046,75.9246,False,
MPLAD-00501,Bhubaneswar,Odisha,Drainage System,0.74,km,CTR-0149,774155.85,814000.0,2024-12-23,2025-03-08,2025-04-09,2025-06-14,2025-06-13,68,20.4515,85.6018,False,
MPLAD-00502,Pune,Maharashtra,School Building Repair,1.28,unit,CTR-0139,1122387.01,1152000.0,2024-11-21,2025-02-02,2025-03-14,2025-06-12,2025-06-08,93,19.2278,72.9162,False,
MPLAD-00503,Kanpur,Uttar Pradesh,School Building Repair,2.36,unit,CTR-0211,2103160.57,2124000.0,2024-12-27,2025-03-07,2025-04-17,2025-12-21,2025-12-19,209,26.82,80.92,True,geo_clustering
MPLAD-00504,Coimbatore,Tamil Nadu,Community Hall,2.61,unit,CTR-0077,6349334.46,6525000.0,2022-05-12,2022-06-22,2022-07-23,2023-10-21,2023-11-03,452,11.146,77.8564,False,
MPLAD-00505,Kanpur,Uttar Pradesh,School Building Repair,0.98,unit,CTR-0071,814682.22,882000.0,2024-08-08,2024-10-24,2024-12-03,2025-03-20,2025-04-11,83,26.9469,80.437,True,contractor_collusion
MPLAD-00506,Madurai,Tamil Nadu,Drinking Water Supply,1.19,unit,CTR-0206,1449722.5,1428000.0,2022-03-28,2022-06-13,2022-06-19,2022-07-11,2022-07-13,77,10.8139,77.898,True,ghost_project
MPLAD-00507,Pune,Maharashtra,Drainage System,1.49,km,CTR-0024,1806084.81,1639000.0,2023-04-29,2023-05-28,2023-07-08,2024-01-28,2024-01-30,171,19.122,73.229,False,
MPLAD-00508,Varanasi,Uttar Pradesh,Street Lighting,2.71,unit,CTR-0128,1123675.42,1219500.0,2023-10-04,2023-11-30,2024-01-11,2024-04-09,2024-03-17,75,27.2355,80.618,True,payment_timing
MPLAD-00509,Jaipur Rural,Rajasthan,Drinking Water Supply,1.14,unit,CTR-0105,1404722.98,1368000.0,2024-02-07,2024-03-07,2024-04-01,2024-06-19,2024-07-14,71,27.0827,76.2633,False,
MPLAD-00510,Patna Sahib,Bihar,Community Hall,2.29,unit,CTR-0122,6276945.02,5725000.0,2022-03-13,2022-04-03,2022-04-23,2023-02-27,2023-03-18,310,25.4093,85.5585,False,
MPLAD-00511,Pune,Maharashtra,Health Sub-Centre,1.84,unit,CTR-0032,5422344.98,5888000.0,2022-01-17,2022-03-23,2022-04-13,2023-03-26,2023-04-05,341,18.8974,73.2594,False,
MPLAD-00512,Pune,Maharashtra,School Building Repair,2.7,unit,CTR-0082,2624454.12,2430000.0,2022-03-11,2022-04-30,2022-05-10,2023-01-18,2023-02-13,206,19.0711,72.813,False,
MPLAD-00513,Gaya,Bihar,Drainage System,0.75,km,CTR-0210,1545174.14,825000.0,2022-05-16,2022-07-15,2022-08-15,2022-11-06,2022-12-06,73,25.8378,85.0533,True,cost_inflation
MPLAD-00514,Secunderabad,Telangana,Drainage System,2.1,km,CTR-0203,1965631.53,2310000.0,2023-09-18,2023-11-12,2023-12-23,2024-06-27,2024-07-02,201,17.1496,78.7136,False,
MPLAD-00515,Madurai,Tamil Nadu,Drainage System,2.62,km,CTR-0034,3042602.37,2882000.0,2023-10-17,2023-12-28,2024-02-01,2025-02-07,2025-02-10,298,10.7607,78.2875,False,
MPLAD-00516,Varanasi,Uttar Pradesh,Health Sub-Centre,0.71,unit,CTR-0051,2181755.86,2272000.0,2024-02-12,2024-05-10,2024-05-29,2024-09-23,2024-09-19,129,27.2231,81.0471,False,
MPLAD-00517,Jaipur Rural,Rajasthan,Road Construction,1.15,km,CTR-0051,2479108.89,977500.0,2024-05-28,2024-07-15,2024-07-29,2024-10-24,2024-11-11,94,26.5701,75.8672,True,cost_inflation
MPLAD-00518,Cuttack,Odisha,Health Sub-Centre,2.57,unit,CTR-0117,8209564.49,8224000.0,2023-02-21,2023-04-01,2023-04-23,2024-07-18,2024-08-13,446,20.1821,85.7313,False,
MPLAD-00519,Bhubaneswar,Odisha,Community Hall,2.32,unit,CTR-0073,5259491.92,5800000.0,2022-10-26,2022-11-13,2022-12-06,2024-02-07,2024-02-17,332,20.4177,86.2073,False,
MPLAD-00520,Pune,Maharashtra,Drainage System,0.71,km,CTR-0118,2423826.04,781000.0,2024-03-25,2024-05-06,2024-06-04,2024-09-09,2024-09-20,82,18.6731,72.957,True,cost_inflation
MPLAD-00521,Cuttack,Odisha,School Building Repair,2.99,unit,CTR-0091,3045664.6,2691000.0,2022-04-04,2022-04-19,2022-05-10,2023-02-27,2023-03-18,266,20.1025,85.6947,False,
MPLAD-00522,Nalgonda,Telangana,Street Lighting,0.95,unit,CTR-0149,385160.38,427500.0,2023-11-26,2024-02-08,2024-02-21,2024-03-19,2024-04-16,29,17.3329,78.2604,False,
MPLAD-00523,Jaipur Rural,Rajasthan,Community Hall,1.2,unit,CTR-0214,2874532.99,3000000.0,2023-06-24,2023-08-11,2023-09-18,2024-03-25,2024-03-30,185,26.7155,76.2946,False,
MPLAD-00524,Kota,Rajasthan,Community Hall,2.81,unit,CTR-0219,7312994.5,7025000.0,2023-01-22,2023-02-25,2023-03-05,2024-05-08,2024-05-05,434,26.8702,75.4636,False,
MPLAD-00525,Cuttack,Odisha,Road Construction,0.6,km,CTR-0127,488047.58,510000.0,2024-09-20,2024-12-02,2025-01-07,2025-03-04,2025-03-08,60,19.9237,85.3936,False,
MPLAD-00526,Bhubaneswar,Odisha,Community Hall,2.37,unit,CTR-0044,6498371.3,5925000.0,2023-03-11,2023-06-08,2023-06-13,2024-08-06,2024-08-12,379,20.2164,85.3768,False,
MPLAD-00527,Warangal,Telangana,Drainage System,1.21,km,CTR-0007,1523196.86,1331000.0,2024-02-05,2024-05-05,2024-05-16,2024-10-02,2024-10-06,113,16.9289,78.4602,False,
MPLAD-00528,Jaipur Rural,Rajasthan,School Building Repair,2.89,unit,CTR-0161,2674507.58,2601000.0,2022-03-31,2022-06-11,2022-07-06,2023-03-11,2023-03-14,194,26.6114,75.3487,False,
MPLAD-00529,Madurai,Tamil Nadu,Drinking Water Supply,2.36,unit,CTR-0015,2872063.93,2832000.0,2022-07-09,2022-09-13,2022-10-04,2023-02-28,2023-03-20,152,10.5892,78.4523,False,
MPLAD-00530,Gaya,Bihar,Health Sub-Centre,2.12,unit,CTR-0073,7708860.93,6784000.0,2023-09-04,2023-11-20,2023-12-22,2025-02-23,2025-03-09,360,26.0037,85.2035,False,
MPLAD-00531,Bhubaneswar,Odisha,Road Construction,1.78,km,CTR-0095,1508289.9,1513000.0,2024-09-02,2024-10-21,2024-12-01,2025-07-01,2025-07-01,186,20.5565,86.111,False,
MPLAD-00532,Pune,Maharashtra,School Building Repair,0.73,unit,CTR-0110,659629.6,657000.0,2023-04-05,2023-05-09,2023-06-14,2023-06-30,2023-07-02,64,18.684,72.8682,True,ghost_project
MPLAD-00533,Secunderabad,Telangana,Community Hall,2.6,unit,CTR-0077,6545029.51,6500000.0,2022-04-08,2022-07-02,2022-07-11,2022-10-08,2022-10-12,385,17.0076,78.4249,True,ghost_project
MPLAD-00534,Varanasi,Uttar Pradesh,Health Sub-Centre,1.14,unit,CTR-0091,3190288.61,3648000.0,2022-08-22,2022-11-04,2022-11-20,2023-08-08,2023-08-28,215,26.3453,80.8163,False,
MPLAD-00535,Nagpur,Maharashtra,Drinking Water Supply,1.64,unit,CTR-0186,2068521.43,1968000.0,2023-06-27,2023-08-24,2023-09-09,2023-12-22,2023-12-22,106,19.347,73.0041,False,
MPLAD-00536,Gaya,Bihar,Road Construction,0.54,km,CTR-0137,444532.39,459000.0,2024-09-04,2024-11-16,2024-12-16,2025-02-07,2025-03-05,43,25.4028,85.4131,False,
MPLAD-00537,Pune,Maharashtra,Drainage System,2.19,km,CTR-0177,5958815.85,2409000.0,2022-10-04,2022-10-20,2022-11-06,2023-05-15,2023-05-11,202,19.296,72.5882,True,cost_inflation
MPLAD-00538,Pune,Maharashtra,Community Hall,1.59,unit,CTR-0062,4125325.54,3975000.0,2023-01-26,2023-02-21,2023-03-17,2024-02-06,2024-02-10,270,19.074,72.4218,False,
MPLAD-00539,Coimbatore,Tamil Nadu,Community Hall,1.68,unit,CTR-0125,4653343.52,4200000.0,2023-02-17,2023-04-10,2023-05-21,2024-04-18,2024-05-08,271,10.5509,77.6079,False,
MPLAD-00540,Gaya,Bihar,Drainage System,2.62,km,CTR-0107,3086977.91,2882000.0,2023-08-19,2023-09-07,2023-10-13,2024-08-06,2024-09-02,282,25.691,85.2115,False,
MPLAD-00541,Bhubaneswar,Odisha,Health Sub-Centre,1.08,unit,CTR-0125,3000538.61,3456000.0,2023-10-09,2024-01-02,2024-01-11,2024-07-05,2024-07-26,175,20.6891,85.4169,False,
MPLAD-00542,Patna Sahib,Bihar,Drainage System,2.24,km,CTR-0115,2109780.48,2464000.0,2023-01-29,2023-04-14,2023-05-11,2024-01-02,2024-01-29,220,25.3197,85.5091,False,
MPLAD-00543,Bhubaneswar,Odisha,Street Lighting,2.29,unit,CTR-0216,1020751.66,1030500.0,2024-03-10,2024-05-17,2024-06-14,2024-09-18,2024-09-23,79,20.4218,85.5825,False,
MPLAD-00544,Jaipur Rural,Rajasthan,Drainage System,0.93,km,CTR-0034,917522.8,1023000.0,2024-05-01,2024-07-18,2024-08-11,2024-11-15,2024-12-15,97,26.447,75.3181,False,
MPLAD-00545,Pune,Maharashtra,Drinking Water Supply,0.94,unit,CTR-0041,1249641.83,1128000.0,2022-05-11,2022-07-08,2022-08-09,2022-10-02,2022-10-11,58,18.7207,72.6241,False,
MPLAD-00546,Madurai,Tamil Nadu,Drinking Water Supply,2.42,unit,CTR-0091,3139306.67,2904000.0,2022-11-06,2023-01-25,2023-03-09,2023-09-04,2023-09-02,154,11.4266,78.0378,False,
MPLAD-00547,Madurai,Tamil Nadu,Health Sub-Centre,2.94,unit,CTR-0029,10202935.72,9408000.0,2022-07-28,2022-10-22,2022-10-29,2024-07-20,2024-07-25,572,11.1299,78.4709,False,
MPLAD-00548,Coimbatore,Tamil Nadu,Community Hall,1.6,unit,CTR-0007,4007075.94,4000000.0,2022-07-23,2022-08-26,2022-09-23,2023-06-27,2023-06-30,268,10.623,77.8019,False,
MPLAD-00549,Kanpur,Uttar Pradesh,Road Construction,1.35,km,CTR-0122,1149229.07,1147500.0,2024-02-02,2024-04-10,2024-05-08,2024-09-12,2024-09-22,111,26.4516,81.1535,False,
MPLAD-00550,Secunderabad,Telangana,Community Hall,2.8,unit,CTR-0106,7835937.04,7000000.0,2024-11-23,2025-01-23,2025-01-29,2025-04-22,2025-04-25,497,17.6176,78.5173,True,ghost_project
MPLAD-00551,Secunderabad,Telangana,Health Sub-Centre,2.4,unit,CTR-0101,8049045.9,7680000.0,2022-04-29,2022-07-19,2022-08-11,2023-12-26,2024-01-25,471,17.7735,78.7216,False,
MPLAD-00552,Nalgonda,Telangana,Drinking Water Supply,1.2,unit,CTR-0212,1452006.03,1440000.0,2024-04-07,2024-06-18,2024-07-06,2024-10-19,2024-11-11,84,17.5975,78.8877,False,
MPLAD-00553,Madurai,Tamil Nadu,School Building Repair,2.7,unit,CTR-0051,2126940.79,2430000.0,2024-03-09,2024-04-09,2024-05-17,2025-02-18,2025-03-03,214,10.7137,78.1117,False,
MPLAD-00554,Madurai,Tamil Nadu,Drinking Water Supply,0.9,unit,CTR-0163,927036.76,1080000.0,2023-06-14,2023-07-29,2023-08-22,2023-11-02,2023-11-29,61,10.6104,77.6599,False,
MPLAD-00555,Kota,Rajasthan,Drainage System,0.81,km,CTR-0091,959578.47,891000.0,2024-07-08,2024-08-30,2024-10-10,2025-01-31,2025-02-24,95,26.739,75.5361,False,
MPLAD-00556,Nagpur,Maharashtra,Street Lighting,2.74,unit,CTR-0183,1280252.64,1233000.0,2023-04-24,2023-06-22,2023-07-16,2023-10-11,2023-10-14,86,19.3144,72.9197,False,
MPLAD-00557,Kota,Rajasthan,Drinking Water Supply,0.98,unit,CTR-0150,1274272.27,1176000.0,2022-10-28,2023-01-05,2023-02-05,2023-04-01,2023-03-30,60,26.8249,75.4301,False,
MPLAD-00558,Patna Sahib,Bihar,Road Construction,1.82,km,CTR-0174,1587951.93,1547000.0,2024-03-19,2024-05-06,2024-06-17,2024-12-23,2025-01-14,172,26.0965,85.289,False,
MPLAD-00559,Gaya,Bihar,Drainage System,0.91,km,CTR-0211,2021595.15,1001000.0,2024-07-26,2024-08-26,2024-10-02,2025-01-28,2025-01-30,95,25.7945,85.0554,True,cost_inflation
MPLAD-00560,Patna Sahib,Bihar,Street Lighting,2.0,unit,CTR-0031,875327.36,900000.0,2023-08-17,2023-09-06,2023-10-14,2023-12-06,2023-12-24,56,25.4049,84.9745,False,
MPLAD-00561,Madurai,Tamil Nadu,Road Construction,0.86,km,CTR-0037,750654.6,731000.0,2023-09-17,2023-11-07,2023-11-25,2023-12-02,2023-12-05,70,10.5021,78.1475,True,ghost_project
MPLAD-00562,Varanasi,Uttar Pradesh,Street Lighting,1.63,unit,CTR-0145,697813.01,733500.0,2022-09-29,2022-10-31,2022-12-07,2023-01-31,2023-02-23,48,26.9672,80.549,False,
MPLAD-00563,Madurai,Tamil Nadu,Road Construction,2.16,km,CTR-0160,1786223.28,1836000.0,2024-03-20,2024-05-17,2024-06-25,2024-12-14,2025-01-06,188,11.2359,78.2459,False,
MPLAD-00564,Nalgonda,Telangana,Drainage System,2.08,km,CTR-0147,2474422.9,2288000.0,2022-09-11,2022-12-06,2022-12-16,2023-07-05,2023-08-03,206,17.4769,78.0529,False,
MPLAD-00565,Madurai,Tamil Nadu,Community Hall,1.76,unit,CTR-0122,3764636.57,4400000.0,2024-12-25,2025-02-01,2025-02-07,2025-11-25,2025-12-03,289,10.7453,78.3056,False,
MPLAD-00566,Warangal,Telangana,School Building Repair,1.3,unit,CTR-0156,1201201.45,1170000.0,2022-02-17,2022-04-16,2022-05-18,2022-08-24,2022-08-20,101,17.7596,78.3174,False,
MPLAD-00567,Warangal,Telangana,Road Construction,0.86,km,CTR-0074,677393.11,731000.0,2023-09-21,2023-11-27,2023-12-12,2024-02-15,2024-03-01,71,17.0815,78.7133,False,
MPLAD-00568,Patna Sahib,Bihar,Road Construction,1.53,km,CTR-0037,1231918.57,1300500.0,2022-09-05,2022-09-26,2022-10-13,2023-02-27,2023-03-09,138,25.593,85.3524,False,
MPLAD-00569,Varanasi,Uttar Pradesh,Road Construction,1.3,km,CTR-0016,1122609.64,1105000.0,2022-03-01,2022-05-07,2022-06-21,2022-10-05,2022-10-01,107,26.5692,81.3635,False,
MPLAD-00570,Madurai,Tamil Nadu,Community Hall,2.13,unit,CTR-0143,4726850.22,5325000.0,2024-07-02,2024-07-27,2024-09-10,2025-09-20,2025-09-24,341,10.8733,78.5853,False,
MPLAD-00571,Gaya,Bihar,Street Lighting,1.63,unit,CTR-0143,623695.28,733500.0,2023-08-16,2023-09-21,2023-09-26,2023-11-10,2023-12-05,49,25.3733,84.8509,False,
MPLAD-00572,Bhubaneswar,Odisha,Drinking Water Supply,1.03,unit,CTR-0162,1362325.7,1236000.0,2022-11-27,2023-02-18,2023-03-31,2023-05-25,2023-05-25,60,20.32,85.82,True,geo_clustering
MPLAD-00573,Varanasi,Uttar Pradesh,Street Lighting,1.03,unit,CTR-0111,464170.26,463500.0,2023-12-03,2024-01-20,2024-02-22,2024-03-27,2024-04-11,34,26.6416,80.8598,False,
MPLAD-00574,Cuttack,Odisha,Road Construction,0.83,km,CTR-0178,794870.86,705500.0,2022-01-09,2022-01-25,2022-02-10,2022-05-06,2022-06-01,80,20.5625,85.8381,False,
MPLAD-00575,Pune,Maharashtra,Drainage System,1.85,km,CTR-0020,2274665.32,2035000.0,2024-06-30,2024-07-30,2024-08-26,2025-05-24,2025-06-12,211,19.4275,72.758,False,
MPLAD-00576,Madurai,Tamil Nadu,Health Sub-Centre,2.96,unit,CTR-0179,8405729.0,9472000.0,2023-01-31,2023-04-12,2023-04-17,2024-09-28,2024-09-24,537,11.2584,78.2806,False,
MPLAD-00577,Warangal,Telangana,Community Hall,1.26,unit,CTR-0161,3355830.01,3150000.0,2024-10-08,2024-12-08,2024-12-15,2025-06-18,2025-06-26,183,16.9071,78.9843,False,
MPLAD-00578,Bhubaneswar,Odisha,Road Construction,1.92,km,CTR-0072,1629067.94,1632000.0,2022-12-26,2023-01-18,2023-03-01,2023-08-22,2023-08-21,183,19.9274,86.2336,False,
MPLAD-00579,Coimbatore,Tamil Nadu,Street Lighting,2.62,unit,CTR-0050,1010326.66,1179000.0,2024-12-27,2025-02-12,2025-03-24,2025-07-17,2025-07-12,92,11.4379,78.241,False,
MPLAD-00580,Bhubaneswar,Odisha,Road Construction,1.58,km,CTR-0083,1542478.4,1343000.0,2024-11-27,2025-02-09,2025-03-17,2025-08-09,2025-08-06,139,20.6838,85.5245,False,
MPLAD-00581,Kota,Rajasthan,School Building Repair,1.29,unit,CTR-0115,1123334.45,1161000.0,2022-02-21,2022-04-05,2022-05-07,2022-05-28,2022-05-28,96,26.5969,75.6292,True,ghost_project
MPLAD-00582,Gaya,Bihar,School Building Repair,0.56,unit,CTR-0207,548939.8,504000.0,2023-05-28,2023-07-13,2023-07-24,2023-09-15,2023-10-01,49,25.9325,85.4216,False,
MPLAD-00583,Warangal,Telangana,Community Hall,1.6,unit,CTR-0159,3514804.9,4000000.0,2022-09-13,2022-10-08,2022-10-16,2022-11-16,2022-11-19,248,17.2133,78.8477,True,ghost_project
MPLAD-00584,Varanasi,Uttar Pradesh,Road Construction,2.07,km,CTR-0157,1530302.39,1759500.0,2022-04-17,2022-06-08,2022-07-07,2023-02-09,2023-03-02,205,26.5331,80.9996,False,
MPLAD-00585,Jaipur Rural,Rajasthan,Road Construction,1.66,km,CTR-0099,3948851.62,1411000.0,2022-07-27,2022-09-23,2022-09-29,2023-03-22,2023-04-07,161,26.9878,75.408,True,cost_inflation
MPLAD-00586,Madurai,Tamil Nadu,Street Lighting,0.98,unit,CTR-0216,872630.1,441000.0,2023-06-09,2023-08-08,2023-09-08,2023-10-11,2023-11-03,31,10.6859,77.7377,True,cost_inflation
MPLAD-00587,Gaya,Bihar,Street Lighting,2.9,unit,CTR-0132,1404587.28,1305000.0,2022-10-26,2022-11-28,2023-01-02,2023-03-31,2023-04-16,86,25.3911,85.5703,False,
MPLAD-00588,Pune,Maharashtra,Drainage System,0.64,km,CTR-0038,705501.18,704000.0,2022-04-22,2022-06-30,2022-07-27,2022-08-06,2022-08-09,73,19.2406,72.6013,True,ghost_project
MPLAD-00589,Coimbatore,Tamil Nadu,Drainage System,2.23,km,CTR-0154,5168883.68,2453000.0,2023-11-19,2024-01-11,2024-02-11,2024-10-13,2024-10-14,238,10.9543,78.3892,True,cost_inflation
MPLAD-00590,Pune,Maharashtra,Road Construction,2.23,km,CTR-0058,4361623.84,1895500.0,2024-09-11,2024-11-07,2024-12-06,2025-06-12,2025-06-18,192,19.4261,72.4067,True,cost_inflation
MPLAD-00591,Warangal,Telangana,Street Lighting,1.6,unit,CTR-0164,748368.27,720000.0,2024-01-08,2024-01-28,2024-02-03,2024-03-28,2024-04-10,56,17.0741,78.8854,True,contractor_collusion
MPLAD-00592,Kanpur,Uttar Pradesh,Street Lighting,0.55,unit,CTR-0071,272958.95,247500.0,2022-02-12,2022-03-16,2022-04-14,2022-05-04,2022-05-06,18,26.6384,80.6102,True,contractor_collusion
MPLAD-00593,Pune,Maharashtra,Drinking Water Supply,2.85,unit,CTR-0044,3909506.49,3420000.0,2024-06-07,2024-06-30,2024-07-12,2025-01-24,2025-01-27,205,19.3949,72.5917,False,
MPLAD-00594,Patna Sahib,Bihar,Drinking Water Supply,1.57,unit,CTR-0154,1960947.99,1884000.0,2023-01-23,2023-04-16,2023-05-09,2023-09-19,2023-10-04,110,25.3472,85.2295,False,
MPLAD-00595,Bhubaneswar,Odisha,Community Hall,2.92,unit,CTR-0131,8144977.09,7300000.0,2022-06-16,2022-08-30,2022-10-13,2023-11-06,2023-12-03,421,20.1881,86.1824,False,
MPLAD-00596,Jaipur Rural,Rajasthan,Drinking Water Supply,1.66,unit,CTR-0133,1885521.5,1992000.0,2024-09-16,2024-12-03,2025-01-07,2025-04-17,2025-05-07,100,27.0381,76.0906,False,
MPLAD-00597,Kanpur,Uttar Pradesh,Community Hall,2.66,unit,CTR-0116,6442320.45,6650000.0,2024-02-12,2024-05-10,2024-05-25,2025-10-10,2025-10-28,395,26.5545,80.4848,False,
MPLAD-00598,Jaipur Rural,Rajasthan,Drinking Water Supply,1.38,unit,CTR-0133,1697712.43,1656000.0,2023-11-20,2024-01-28,2024-03-01,2024-06-01,2024-06-22,85,26.7675,75.7975,False,
MPLAD-00599,Secunderabad,Telangana,Road Construction,2.11,km,CTR-0068,1717684.95,1793500.0,2024-10-24,2025-01-12,2025-02-20,2025-03-10,2025-03-11,174,17.8266,78.0984,True,ghost_project
MPLAD-00600,Kanpur,Uttar Pradesh,Drinking Water Supply,1.26,unit,CTR-0065,1655140.18,1512000.0,2023-07-17,2023-08-25,2023-10-07,2024-01-21,2024-02-19,82,27.2124,80.4085,False,
MPLAD-00601,Patna Sahib,Bihar,Health Sub-Centre,2.99,unit,CTR-0201,10847667.4,9568000.0,2022-01-25,2022-04-10,2022-05-17,2024-07-23,2024-07-27,616,25.9655,84.8276,False,
MPLAD-00602,Jaipur Rural,Rajasthan,Community Hall,1.79,unit,CTR-0060,4858920.97,4475000.0,2024-08-02,2024-09-29,2024-10-09,2025-08-14,2025-08-21,302,26.8288,76.2419,False,
MPLAD-00603,Jaipur Rural,Rajasthan,School Building Repair,1.9,unit,CTR-0219,1645721.19,1710000.0,2022-09-20,2022-11-13,2022-11-18,2023-05-04,2023-05-21,152,26.7398,75.7191,False,
MPLAD-00604,Madurai,Tamil Nadu,School Building Repair,2.23,unit,CTR-0200,1886361.56,2007000.0,2022-03-07,2022-04-08,2022-04-22,2022-12-09,2022-12-25,179,11.0682,78.3991,False,
MPLAD-00605,Bhubaneswar,Odisha,Street Lighting,2.95,unit,CTR-0101,1209699.49,1327500.0,2024-12-30,2025-03-04,2025-03-21,2025-06-26,2025-07-12,89,20.3695,85.7515,False,
MPLAD-00606,Secunderabad,Telangana,Road Construction,1.88,km,CTR-0058,1373669.16,1598000.0,2024-09-27,2024-10-15,2024-10-31,2025-05-02,2025-05-21,187,17.1838,78.233,True,contractor_collusion
MPLAD-00607,Patna Sahib,Bihar,Road Construction,0.53,km,CTR-0133,427088.25,450500.0,2024-03-11,2024-04-15,2024-04-27,2024-06-18,2024-07-09,55,25.5783,84.6688,False,
MPLAD-00608,Kanpur,Uttar Pradesh,Health Sub-Centre,1.01,unit,CTR-0071,3166261.78,3232000.0,2024-08-30,2024-10-04,2024-11-16,2025-07-01,2025-07-15,201,26.8875,80.9025,True,contractor_collusion
MPLAD-00609,Secunderabad,Telangana,Road Construction,1.5,km,CTR-0212,1392643.93,1275000.0,2024-10-02,2024-12-14,2025-01-17,2025-06-26,2025-06-26,142,17.1879,78.881,False,
MPLAD-00610,Bhubaneswar,Odisha,Drainage System,2.48,km,CTR-0183,2638868.36,2728000.0,2022-12-25,2023-03-03,2023-03-23,2023-12-24,2024-01-15,284,20.2578,86.2108,False,
MPLAD-00611,Warangal,Telangana,Street Lighting,1.1,unit,CTR-0012,550025.13,495000.0,2023-08-21,2023-09-13,2023-10-01,2023-11-10,2023-12-01,32,17.8924,78.5528,False,
MPLAD-00612,Madurai,Tamil Nadu,Road Construction,1.76,km,CTR-0027,1621444.38,1496000.0,2022-12-04,2023-01-20,2023-02-07,2023-08-03,2023-08-27,161,10.5267,78.2389,False,
MPLAD-00613,Gaya,Bihar,School Building Repair,2.36,unit,CTR-0088,2350698.65,2124000.0,2022-01-22,2022-03-10,2022-03-22,2022-10-21,2022-10-24,180,25.4271,85.3487,False,
MPLAD-00614,Warangal,Telangana,Road Construction,2.28,km,CTR-0063,1901792.53,1938000.0,2023-07-26,2023-08-30,2023-09-14,2024-06-03,2024-06-04,213,17.0772,78.1242,False,
MPLAD-00615,Warangal,Telangana,Community Hall,2.19,unit,CTR-0003,4905867.96,5475000.0,2023-03-20,2023-04-08,2023-05-17,2024-04-06,2024-04-04,330,17.7365,78.8115,False,
MPLAD-00616,Pune,Maharashtra,Drainage System,1.48,km,CTR-0027,1534385.56,1628000.0,2022-01-10,2022-01-31,2022-03-01,2022-03-25,2022-03-25,135,18.9746,72.6385,True,ghost_project
MPLAD-00617,Bhubaneswar,Odisha,Drinking Water Supply,2.2,unit,CTR-0050,2294031.82,2640000.0,2022-07-17,2022-08-22,2022-09-06,2023-01-27,2023-02-23,156,19.9077,85.6271,False,
MPLAD-00618,Nagpur,Maharashtra,Community Hall,2.84,unit,CTR-0054,14894913.32,7100000.0,2023-04-21,2023-06-02,2023-06-13,2024-09-11,2024-09-17,438,18.615,73.054,True,cost_inflation
MPLAD-00619,Warangal,Telangana,Community Hall,2.12,unit,CTR-0072,5091678.14,5300000.0,2023-03-24,2023-05-30,2023-06-23,2024-06-09,2024-07-05,292,17.8831,78.1018,False,
MPLAD-00620,Nagpur,Maharashtra,Health Sub-Centre,1.13,unit,CTR-0044,3176378.91,3616000.0,2024-03-06,2024-04-07,2024-05-03,2024-05-23,2024-05-27,202,19.578,73.0664,True,ghost_project
MPLAD-00621,Gaya,Bihar,School Building Repair,2.1,unit,CTR-0131,1738285.25,1890000.0,2022-01-28,2022-03-13,2022-03-19,2022-09-27,2022-09-29,168,25.4088,85.3379,False,
MPLAD-00622,Warangal,Telangana,Street Lighting,1.44,unit,CTR-0164,608461.9,648000.0,2023-02-23,2023-03-14,2023-04-03,2023-05-23,2023-06-15,40,17.6393,78.3287,False,
MPLAD-00623,Nalgonda,Telangana,Health Sub-Centre,2.48,unit,CTR-0134,7733378.21,7936000.0,2022-02-18,2022-04-03,2022-04-29,2023-10-09,2023-10-17,510,17.4393,78.9066,False,
MPLAD-00624,Madurai,Tamil Nadu,Community Hall,2.24,unit,CTR-0176,5133706.01,5600000.0,2024-12-03,2025-01-28,2025-02-13,2026-04-09,2026-04-04,390,10.5646,78.0916,False,
MPLAD-00625,Pune,Maharashtra,Road Construction,2.85,km,CTR-0037,2150376.46,2422500.0,2023-02-23,2023-04-09,2023-05-16,2023-12-28,2024-01-21,243,18.9115,73.1217,False,
MPLAD-00626,Nagpur,Maharashtra,Community Hall,1.26,unit,CTR-0064,3222218.63,3150000.0,2023-02-17,2023-04-07,2023-05-12,2023-12-06,2023-12-24,224,18.9982,72.5678,False,
MPLAD-00627,Nagpur,Maharashtra,Street Lighting,1.58,unit,CTR-0189,637598.88,711000.0,2024-09-14,2024-10-01,2024-10-30,2024-12-27,2024-12-27,55,19.3589,73.3215,False,
MPLAD-00628,Kota,Rajasthan,Community Hall,0.94,unit,CTR-0187,2265717.42,2350000.0,2023-08-04,2023-10-06,2023-11-15,2024-04-21,2024-04-20,139,26.7332,76.0149,False,
MPLAD-00629,Nalgonda,Telangana,Community Hall,2.65,unit,CTR-0004,7082857.68,6625000.0,2024-04-08,2024-06-15,2024-07-15,2025-12-13,2025-12-31,401,17.284,78.3078,False,
MPLAD-00630,Gaya,Bihar,Road Construction,2.98,km,CTR-0010,2247640.46,2533000.0,2022-11-29,2023-01-07,2023-02-08,2024-03-19,2024-04-05,316,25.6096,85.0886,False,
MPLAD-00631,Nalgonda,Telangana,Drainage System,1.46,km,CTR-0167,1569402.63,1606000.0,2024-09-05,2024-09-24,2024-10-22,2025-04-03,2025-03-30,142,17.5975,78.6453,False,
MPLAD-00632,Pune,Maharashtra,School Building Repair,1.14,unit,CTR-0038,1057441.56,1026000.0,2022-11-27,2022-12-13,2022-12-25,2023-04-24,2023-05-13,100,18.9977,72.9862,False,
MPLAD-00633,Cuttack,Odisha,Street Lighting,2.69,unit,CTR-0049,1089143.84,1210500.0,2023-09-11,2023-11-29,2024-01-07,2024-04-11,2024-04-30,82,20.3861,86.0339,False,
MPLAD-00634,Bhubaneswar,Odisha,Drainage System,0.77,km,CTR-0023,865450.63,847000.0,2022-10-20,2022-12-08,2022-12-26,2023-04-15,2023-05-05,87,20.499,85.3064,False,
MPLAD-00635,Nalgonda,Telangana,School Building Repair,0.67,unit,CTR-0025,638513.69,603000.0,2023-08-14,2023-10-23,2023-11-07,2023-12-27,2024-01-02,52,17.604,78.198,False,
MPLAD-00636,Jaipur Rural,Rajasthan,Road Construction,2.54,km,CTR-0146,1955387.76,2159000.0,2023-01-10,2023-02-18,2023-03-11,2023-12-06,2023-10-17,209,26.8407,76.213,True,payment_timing
MPLAD-00637,Warangal,Telangana,Community Hall,1.44,unit,CTR-0164,3358903.18,3600000.0,2023-04-26,2023-07-11,2023-08-16,2024-04-24,2024-04-25,216,16.9095,78.2661,False,
MPLAD-00638,Nalgonda,Telangana,Health Sub-Centre,1.03,unit,CTR-0025,3584518.53,3296000.0,2024-12-01,2025-01-19,2025-02-24,2025-09-15,2025-10-01,187,17.5044,78.3366,False,
MPLAD-00639,Patna Sahib,Bihar,Drinking Water Supply,1.1,unit,CTR-0210,1265039.41,1320000.0,2022-04-28,2022-06-27,2022-07-23,2022-10-12,2022-10-07,67,25.5569,85.2983,False,
MPLAD-00640,Nalgonda,Telangana,Community Hall,0.81,unit,CTR-0155,5453937.69,2025000.0,2023-05-25,2023-07-26,2023-08-28,2024-02-08,2024-03-04,143,17.4149,78.6602,True,cost_inflation
MPLAD-00641,Patna Sahib,Bihar,Health Sub-Centre,2.08,unit,CTR-0005,7401673.99,6656000.0,2023-10-29,2024-01-08,2024-01-27,2025-06-18,2025-07-08,445,25.8392,85.394,False,
MPLAD-00642,Pune,Maharashtra,School Building Repair,2.25,unit,CTR-0220,1782276.85,2025000.0,2023-02-04,2023-03-09,2023-04-16,2023-05-31,2023-06-04,170,18.6317,72.8979,True,ghost_project
MPLAD-00643,Jaipur Rural,Rajasthan,Health Sub-Centre,2.74,unit,CTR-0044,27186103.48,8768000.0,2023-05-09,2023-06-24,2023-07-12,2024-11-21,2024-11-21,515,26.5055,76.2934,True,cost_inflation
MPLAD-00644,Cuttack,Odisha,Drinking Water Supply,2.42,unit,CTR-0099,2660391.6,2904000.0,2024-09-02,2024-10-02,2024-10-15,2025-04-11,2025-05-07,141,19.8904,85.9918,False,
MPLAD-00645,Madurai,Tamil Nadu,Street Lighting,0.66,unit,CTR-0154,283031.42,297000.0,2024-02-21,2024-05-17,2024-06-18,2024-07-14,2024-06-13,22,10.7591,77.891,True,payment_timing
MPLAD-00646,Nagpur,Maharashtra,Drainage System,2.36,km,CTR-0049,2297023.53,2596000.0,2023-10-04,2023-12-06,2024-01-16,2024-10-26,2024-11-09,238,18.6619,72.9356,False,
MPLAD-00647,Patna Sahib,Bihar,School Building Repair,1.41,unit,CTR-0198,1337260.34,1269000.0,2024-11-30,2025-02-28,2025-03-19,2025-07-09,2025-07-04,119,25.62,85.12,True,geo_clustering
MPLAD-00648,Bhubaneswar,Odisha,Drinking Water Supply,1.75,unit,CTR-0057,2072144.25,2100000.0,2022-10-26,2022-11-14,2022-12-27,2023-04-22,2023-05-19,113,20.7903,85.4235,False,
MPLAD-00649,Nagpur,Maharashtra,Drainage System,2.08,km,CTR-0123,2092859.96,2288000.0,2024-02-11,2024-03-04,2024-03-30,2024-10-13,2024-10-21,205,19.4481,73.3344,False,
MPLAD-00650,Nalgonda,Telangana,Drainage System,0.95,km,CTR-0199,1041082.71,1045000.0,2022-11-23,2022-12-10,2023-01-19,2023-04-30,2023-05-22,96,17.5779,78.9903,False,
MPLAD-00651,Warangal,Telangana,School Building Repair,1.21,unit,CTR-0073,1227214.94,1089000.0,2024-03-17,2024-04-13,2024-04-26,2024-08-05,2024-08-03,99,17.7498,78.7096,False,
MPLAD-00652,Nagpur,Maharashtra,Community Hall,1.6,unit,CTR-0036,3978930.06,4000000.0,2023-03-06,2023-04-17,2023-05-04,2024-04-02,2024-02-02,280,18.9622,73.2561,True,payment_timing
MPLAD-00653,Secunderabad,Telangana,Health Sub-Centre,2.2,unit,CTR-0110,6339286.8,7040000.0,2023-12-30,2024-03-14,2024-03-30,2025-07-06,2025-07-08,363,17.8803,78.6501,False,
MPLAD-00654,Pune,Maharashtra,Community Hall,1.51,unit,CTR-0185,3247246.88,3775000.0,2024-09-27,2024-11-19,2025-01-01,2025-10-08,2025-10-27,219,19.3758,73.3912,False,
MPLAD-00655,Madurai,Tamil Nadu,Road Construction,2.66,km,CTR-0119,2362955.91,2261000.0,2024-06-30,2024-08-31,2024-09-05,2025-04-14,2025-04-14,234,10.6221,78.2414,False,
MPLAD-00656,Nalgonda,Telangana,Community Hall,1.93,unit,CTR-0151,4930132.74,4825000.0,2022-07-13,2022-10-11,2022-10-27,2023-08-21,2023-09-12,283,17.1984,78.1252,False,
MPLAD-00657,Cuttack,Odisha,Drainage System,1.84,km,CTR-0204,1966516.69,2024000.0,2024-03-17,2024-06-11,2024-07-20,2025-03-24,2025-04-21,204,20.2886,85.8189,False,
MPLAD-00658,Bhubaneswar,Odisha,Drainage System,2.13,km,CTR-0203,2521190.92,2343000.0,2022-08-29,2022-10-06,2022-11-18,2023-07-16,2023-06-28,204,20.3547,86.1005,True,payment_timing
MPLAD-00659,Kanpur,Uttar Pradesh,Street Lighting,1.91,unit,CTR-0023,950121.41,859500.0,2022-09-13,2022-12-01,2022-12-25,2023-02-16,2023-03-17,51,26.4716,81.3771,False,
MPLAD-00660,Varanasi,Uttar Pradesh,Community Hall,2.87,unit,CTR-0012,7216851.21,7175000.0,2024-12-29,2025-03-10,2025-03-23,2026-09-24,2026-10-09,487,26.8227,81.386,False,
MPLAD-00661,Kota,Rajasthan,Street Lighting,2.22,unit,CTR-0054,1047736.31,999000.0,2022-03-17,2022-04-25,2022-05-09,2022-07-09,2022-07-17,60,27.3574,75.9021,False,
MPLAD-00662,Varanasi,Uttar Pradesh,Drinking Water Supply,2.32,unit,CTR-0033,2718866.94,2784000.0,2023-06-18,2023-08-20,2023-09-04,2024-02-07,2024-02-07,148,27.2447,81.0765,False,
MPLAD-00663,Kota,Rajasthan,Community Hall,0.68,unit,CTR-0053,1818664.2,1700000.0,2023-01-30,2023-04-02,2023-05-13,2023-10-01,2023-10-28,122,26.92,75.82,True,geo_clustering
MPLAD-00664,Gaya,Bihar,Health Sub-Centre,0.56,unit,CTR-0098,1847699.26,1792000.0,2022-09-13,2022-12-05,2022-12-17,2023-04-03,2023-04-24,92,25.166,85.2402,False,
MPLAD-00665,Madurai,Tamil Nadu,Drinking Water Supply,0.87,unit,CTR-0070,1137364.1,1044000.0,2022-07-20,2022-09-21,2022-10-10,2022-12-02,2022-12-03,51,11.2827,77.7235,False,
MPLAD-00666,Nagpur,Maharashtra,Drinking Water Supply,2.52,unit,CTR-0211,2657074.39,3024000.0,2023-08-01,2023-10-25,2023-11-16,2024-05-06,2024-05-04,151,18.7707,73.3465,False,
MPLAD-00667,Madurai,Tamil Nadu,Drinking Water Supply,2.19,unit,CTR-0190,2855648.45,2628000.0,2024-04-04,2024-06-19,2024-07-31,2024-12-10,2024-12-05,139,11.1867,78.3132,False,
MPLAD-00668,Gaya,Bihar,Community Hall,2.34,unit,CTR-0146,5065277.42,5850000.0,2024-01-29,2024-03-15,2024-04-27,2025-06-19,2025-07-13,392,25.2831,85.5862,False,
MPLAD-00669,Varanasi,Uttar Pradesh,Street Lighting,2.88,unit,CTR-0071,1304007.21,1296000.0,2023-04-14,2023-06-07,2023-07-22,2023-08-02,2023-08-07,95,26.7065,80.7127,True,ghost_project
MPLAD-00670,Warangal,Telangana,Community Hall,0.64,unit,CTR-0164,1716836.54,1600000.0,2024-10-06,2024-10-22,2024-11-23,2025-03-22,2025-03-25,102,17.3797,78.515,False,
MPLAD-00671,Warangal,Telangana,Drainage System,0.98,km,CTR-0158,1185173.93,1078000.0,2024-05-20,2024-08-11,2024-09-07,2024-12-03,2024-12-31,88,17.5841,78.0424,False,
MPLAD-00672,Pune,Maharashtra,Community Hall,1.81,unit,CTR-0196,4151780.59,4525000.0,2022-10-01,2022-12-20,2023-01-16,2023-12-02,2023-12-24,250,19.0955,72.5705,False,
MPLAD-00673,Cuttack,Odisha,Drinking Water Supply,1.12,unit,CTR-0174,1359773.03,1344000.0,2022-08-30,2022-10-21,2022-11-14,2023-02-03,2023-02-14,75,20.0131,86.038,False,
MPLAD-00674,Cuttack,Odisha,Community Hall,2.82,unit,CTR-0079,8021070.4,7050000.0,2022-03-14,2022-05-27,2022-07-10,2024-01-13,2024-01-11,446,20.1557,85.9155,False,
MPLAD-00675,Warangal,Telangana,Drinking Water Supply,2.73,unit,CTR-0164,2967555.79,3276000.0,2022-07-27,2022-10-05,2022-11-10,2023-04-19,2023-03-09,164,17.4143,78.1537,True,payment_timing
MPLAD-00676,Secunderabad,Telangana,Road Construction,1.07,km,CTR-0065,880948.66,909500.0,2024-05-27,2024-07-04,2024-08-12,2024-12-06,2024-12-07,95,17.8894,78.6563,False,
MPLAD-00677,Patna Sahib,Bihar,Community Hall,1.58,unit,CTR-0192,3783195.54,3950000.0,2023-02-11,2023-03-12,2023-03-29,2024-01-01,2024-01-04,275,25.4945,85.3439,False,
MPLAD-00678,Pune,Maharashtra,Community Hall,2.87,unit,CTR-0051,8164501.78,7175000.0,2022-09-01,2022-11-08,2022-12-14,2024-07-10,2024-07-13,513,18.9249,73.1644,False,
MPLAD-00679,Coimbatore,Tamil Nadu,Street Lighting,2.56,unit,CTR-0216,1024617.95,1152000.0,2022-02-13,2022-03-16,2022-03-30,2022-07-01,2022-06-26,90,11.2674,77.8365,False,
MPLAD-00680,Gaya,Bihar,Drinking Water Supply,2.34,unit,CTR-0153,2752678.34,2808000.0,2024-09-22,2024-10-17,2024-11-18,2025-04-04,2025-04-08,138,25.8292,84.7869,False,
MPLAD-00681,Bhubaneswar,Odisha,Road Construction,2.99,km,CTR-0068,2348870.34,2541500.0,2023-02-11,2023-04-27,2023-05-08,2024-05-05,2024-06-01,308,20.4111,85.4887,False,
MPLAD-00682,Pune,Maharashtra,Drainage System,1.07,km,CTR-0039,1047163.65,1177000.0,2023-01-29,2023-03-03,2023-04-04,2023-06-30,2023-07-07,97,18.6909,72.451,False,
MPLAD-00683,Coimbatore,Tamil Nadu,Drinking Water Supply,1.05,unit,CTR-0060,1232056.67,1260000.0,2024-05-24,2024-06-14,2024-07-08,2024-08-30,2024-09-17,57,10.7806,77.951,False,
MPLAD-00684,Cuttack,Odisha,Drinking Water Supply,0.95,unit,CTR-0013,969183.29,1140000.0,2023-10-21,2023-12-02,2023-12-25,2024-03-01,2024-03-02,62,20.2309,85.5523,False,
MPLAD-00685,Varanasi,Uttar Pradesh,Drinking Water Supply,0.74,unit,CTR-0029,758439.45,888000.0,2022-09-24,2022-11-20,2022-12-18,2023-02-11,2023-03-01,46,27.0429,80.9889,False,
MPLAD-00686,Pune,Maharashtra,Community Hall,1.03,unit,CTR-0071,2485428.13,2575000.0,2022-09-25,2022-10-25,2022-11-01,2022-12-22,2022-12-26,179,18.7929,72.8458,True,ghost_project
MPLAD-00687,Varanasi,Uttar Pradesh,Drinking Water Supply,1.69,unit,CTR-0186,2186785.11,2028000.0,2022-11-11,2022-12-01,2022-12-14,2023-03-28,2023-04-27,107,27.0116,81.2916,False,
MPLAD-00688,Cuttack,Odisha,Health Sub-Centre,2.94,unit,CTR-0144,24825972.72,9408000.0,2022-08-29,2022-11-07,2022-11-16,2024-07-05,2024-08-02,547,20.7313,85.8039,True,cost_inflation
MPLAD-00689,Secunderabad,Telangana,Drainage System,2.89,km,CTR-0058,2760128.66,3179000.0,2023-01-25,2023-03-31,2023-05-06,2024-06-12,2024-07-09,344,17.8715,78.1655,True,contractor_collusion
MPLAD-00690,Gaya,Bihar,Health Sub-Centre,2.02,unit,CTR-0103,5895668.18,6464000.0,2023-03-23,2023-06-21,2023-06-26,2024-08-08,2024-09-04,327,25.5554,85.3078,False,
MPLAD-00691,Bhubaneswar,Odisha,Drinking Water Supply,1.24,unit,CTR-0057,1384664.94,1488000.0,2023-04-04,2023-04-24,2023-06-02,2023-08-09,2023-08-06,69,20.4396,86.242,False,
MPLAD-00692,Varanasi,Uttar Pradesh,Community Hall,0.63,unit,CTR-0203,1801811.18,1575000.0,2023-03-07,2023-05-29,2023-06-10,2023-09-18,2023-10-05,112,26.9327,81.3722,False,
MPLAD-00693,Cuttack,Odisha,Drainage System,1.16,km,CTR-0141,1135746.52,1276000.0,2023-08-27,2023-10-22,2023-10-30,2024-04-01,2024-03-27,134,20.6239,85.5193,False,
MPLAD-00694,Varanasi,Uttar Pradesh,Community Hall,1.84,unit,CTR-0005,5260692.09,4600000.0,2022-08-06,2022-10-08,2022-10-29,2023-11-22,2023-12-22,312,26.5062,80.8422,False,
MPLAD-00695,Nagpur,Maharashtra,Community Hall,2.52,unit,CTR-0162,6777976.65,6300000.0,2023-04-20,2023-06-29,2023-07-27,2024-07-03,2024-07-28,357,18.6937,72.5815,False,
MPLAD-00696,Secunderabad,Telangana,Health Sub-Centre,1.73,unit,CTR-0058,5917120.37,5536000.0,2022-02-13,2022-04-08,2022-04-23,2023-06-23,2023-07-13,340,17.5874,78.1878,True,contractor_collusion
MPLAD-00697,Cuttack,Odisha,School Building Repair,2.93,unit,CTR-0166,2320744.96,2637000.0,2022-01-25,2022-02-21,2022-03-22,2022-11-20,2022-11-22,231,20.6266,86.0634,False,
MPLAD-00698,Secunderabad,Telangana,Road Construction,0.71,km,CTR-0058,538799.18,603500.0,2022-01-28,2022-02-13,2022-02-24,2022-05-10,2022-05-26,68,17.42,78.52,True,geo_clustering
MPLAD-00699,Bhubaneswar,Odisha,School Building Repair,1.27,unit,CTR-0042,1135767.68,1143000.0,2023-07-02,2023-09-24,2023-10-06,2023-12-28,2023-12-25,92,19.9028,85.5967,False,
MPLAD-00700,Gaya,Bihar,Health Sub-Centre,0.5,unit,CTR-0037,1467670.12,1600000.0,2024-02-29,2024-04-02,2024-04-29,2024-08-08,2024-08-17,87,26.0217,85.2844,False,
MPLAD-00701,Bhubaneswar,Odisha,Drainage System,1.73,km,CTR-0029,2183179.48,1903000.0,2023-08-01,2023-09-30,2023-10-09,2023-10-27,2023-10-28,167,20.1605,86.2247,True,ghost_project
MPLAD-00702,Gaya,Bihar,Community Hall,1.34,unit,CTR-0136,3029772.32,3350000.0,2023-09-10,2023-10-31,2023-11-27,2024-08-10,2024-08-22,206,26.0162,85.2617,False,
MPLAD-00703,Cuttack,Odisha,Health Sub-Centre,2.5,unit,CTR-0183,8693254.7,8000000.0,2022-11-01,2022-12-04,2022-12-29,2024-05-11,2024-06-03,521,20.5213,86.0855,False,
MPLAD-00704,Warangal,Telangana,Road Construction,1.2,km,CTR-0187,894676.79,1020000.0,2023-01-08,2023-03-13,2023-04-09,2023-08-19,2023-09-10,129,17.3813,78.9728,False,
MPLAD-00705,Patna Sahib,Bihar,Drainage System,2.51,km,CTR-0036,2888520.28,2761000.0,2024-05-07,2024-07-31,2024-09-05,2025-06-03,2025-06-29,243,25.6325,85.4214,False,
MPLAD-00706,Coimbatore,Tamil Nadu,Street Lighting,2.44,unit,CTR-0148,1200539.61,1098000.0,2022-06-28,2022-08-12,2022-09-09,2022-11-11,2022-11-07,70,11.02,78.12,True,geo_clustering
MPLAD-00707,Nalgonda,Telangana,Road Construction,1.4,km,CTR-0090,1314710.5,1190000.0,2022-10-13,2022-12-04,2023-01-07,2023-05-22,2023-06-21,141,17.8718,78.913,False,
MPLAD-00708,Kanpur,Uttar Pradesh,Health Sub-Centre,0.84,unit,CTR-0071,3060598.72,2688000.0,2024-02-13,2024-03-02,2024-04-03,2024-09-25,2024-09-26,167,26.9627,80.4738,False,
MPLAD-00709,Secunderabad,Telangana,Road Construction,1.11,km,CTR-0021,805506.81,943500.0,2024-05-02,2024-06-05,2024-06-21,2024-10-21,2024-10-24,113,17.6481,78.6986,False,
MPLAD-00710,Coimbatore,Tamil Nadu,School Building Repair,2.45,unit,CTR-0007,2334155.91,2205000.0,2022-11-16,2022-12-08,2022-12-15,2023-07-08,2023-07-14,180,11.0033,77.6109,False,
MPLAD-00711,Kota,Rajasthan,School Building Repair,2.57,unit,CTR-0183,2603848.34,2313000.0,2023-04-11,2023-06-19,2023-07-04,2024-01-22,2023-12-30,201,26.9215,76.2779,True,payment_timing
MPLAD-00712,Nagpur,Maharashtra,School Building Repair,1.05,unit,CTR-0015,855327.18,945000.0,2022-06-08,2022-08-21,2022-09-25,2022-12-23,2023-01-12,87,19.4273,72.5648,False,
MPLAD-00713,Gaya,Bihar,Drainage System,1.17,km,CTR-0050,3955674.06,1287000.0,2023-11-19,2023-12-07,2023-12-27,2024-04-24,2024-05-23,118,25.2065,84.8119,True,cost_inflation
MPLAD-00714,Kota,Rajasthan,Community Hall,2.1,unit,CTR-0052,4513477.7,5250000.0,2022-04-02,2022-06-28,2022-08-02,2023-05-11,2023-05-26,308,26.4932,75.6086,False,
MPLAD-00715,Varanasi,Uttar Pradesh,Health Sub-Centre,1.75,unit,CTR-0102,5288313.7,5600000.0,2023-12-30,2024-01-30,2024-02-10,2025-01-05,2025-02-01,320,26.82,80.92,True,geo_clustering
MPLAD-00716,Madurai,Tamil Nadu,Street Lighting,1.69,unit,CTR-0098,844644.54,760500.0,2022-11-27,2022-12-31,2023-02-03,2023-03-16,2023-03-16,45,11.4528,77.8316,False,
MPLAD-00717,Pune,Maharashtra,Drainage System,2.42,km,CTR-0037,2391312.16,2662000.0,2024-11-23,2025-02-12,2025-03-10,2026-01-13,2026-01-16,287,18.939,72.7603,False,
MPLAD-00718,Nalgonda,Telangana,School Building Repair,2.44,unit,CTR-0183,2121973.46,2196000.0,2022-06-03,2022-07-07,2022-08-17,2023-03-07,2023-04-02,176,16.9974,78.0149,False,
MPLAD-00719,Kota,Rajasthan,Drinking Water Supply,2.45,unit,CTR-0205,2575881.9,2940000.0,2023-10-05,2023-11-10,2023-12-03,2024-01-04,2024-01-07,136,26.9765,75.6534,True,ghost_project
MPLAD-00720,Jaipur Rural,Rajasthan,Drinking Water Supply,2.41,unit,CTR-0066,2841718.58,2892000.0,2022-09-11,2022-12-07,2023-01-12,2023-06-15,2023-06-28,169,26.8009,76.157,False,
MPLAD-00721,Jaipur Rural,Rajasthan,Community Hall,1.78,unit,CTR-0094,4616383.6,4450000.0,2022-06-20,2022-08-26,2022-10-02,2023-07-15,2023-07-12,265,27.0206,75.9439,False,
MPLAD-00722,Coimbatore,Tamil Nadu,Community Hall,0.89,unit,CTR-0003,1961536.42,2225000.0,2024-03-28,2024-04-21,2024-05-10,2024-09-28,2024-10-22,134,11.1692,77.9489,False,
MPLAD-00723,Cuttack,Odisha,Street Lighting,1.66,unit,CTR-0210,654182.83,747000.0,2024-03-23,2024-06-01,2024-06-18,2024-08-14,2024-08-13,54,20.1173,86.2964,False,
MPLAD-00724,Coimbatore,Tamil Nadu,Drainage System,1.64,km,CTR-0072,1828397.96,1804000.0,2022-10-26,2022-12-07,2023-01-01,2023-08-07,2023-08-26,194,10.5624,78.4085,False,
MPLAD-00725,Kanpur,Uttar Pradesh,School Building Repair,2.67,unit,CTR-0071,2729311.79,2403000.0,2023-07-07,2023-08-23,2023-10-07,2024-05-08,2024-05-12,221,26.3693,80.8051,False,
MPLAD-00726,Gaya,Bihar,Health Sub-Centre,1.04,unit,CTR-0135,3720444.47,3328000.0,2022-04-21,2022-05-17,2022-06-18,2022-12-19,2023-01-02,178,25.2645,84.9493,False,
MPLAD-00727,Kota,Rajasthan,School Building Repair,2.46,unit,CTR-0177,2523244.77,2214000.0,2024-03-07,2024-03-23,2024-05-02,2024-12-17,2024-12-24,189,26.4778,75.968,False,
MPLAD-00728,Pune,Maharashtra,Drinking Water Supply,2.85,unit,CTR-0211,3669150.09,3420000.0,2023-10-11,2023-10-27,2023-11-10,2024-07-07,2024-07-11,191,19.0994,72.7164,False,
MPLAD-00729,Gaya,Bihar,Drainage System,1.8,km,CTR-0068,1685184.07,1980000.0,2022-09-15,2022-11-26,2023-01-10,2023-09-06,2023-09-07,186,25.1365,85.3457,False,
MPLAD-00730,Kota,Rajasthan,Drainage System,0.92,km,CTR-0199,974826.18,1012000.0,2023-01-27,2023-04-25,2023-04-30,2023-08-04,2023-08-22,92,26.4162,76.1967,False,
MPLAD-00731,Warangal,Telangana,Health Sub-Centre,3.0,unit,CTR-0167,9352474.73,9600000.0,2024-05-22,2024-08-11,2024-09-06,2026-01-31,2026-02-06,542,17.3588,78.3731,False,
MPLAD-00732,Kota,Rajasthan,Community Hall,1.45,unit,CTR-0112,4000287.12,3625000.0,2024-06-14,2024-08-04,2024-09-17,2025-07-20,2025-05-30,240,27.3954,76.1059,True,payment_timing
MPLAD-00733,Nagpur,Maharashtra,Road Construction,0.76,km,CTR-0106,694439.09,646000.0,2022-07-24,2022-10-03,2022-11-09,2023-01-30,2023-01-27,73,19.2677,73.2517,False,
MPLAD-00734,Jaipur Rural,Rajasthan,Health Sub-Centre,1.45,unit,CTR-0142,4216219.85,4640000.0,2022-09-12,2022-11-10,2022-12-14,2023-09-28,2023-10-18,271,26.4076,75.6746,False,
MPLAD-00735,Varanasi,Uttar Pradesh,Drinking Water Supply,1.16,unit,CTR-0169,1533350.99,1392000.0,2024-04-29,2024-06-13,2024-06-18,2024-09-24,2024-10-15,78,26.3327,80.4262,False,
MPLAD-00736,Bhubaneswar,Odisha,Health Sub-Centre,2.55,unit,CTR-0133,25334486.74,8160000.0,2024-05-30,2024-07-14,2024-08-23,2026-04-05,2026-04-12,458,20.4163,85.6933,True,cost_inflation
MPLAD-00737,Secunderabad,Telangana,School Building Repair,2.94,unit,CTR-0100,2386996.77,2646000.0,2024-11-25,2024-12-30,2025-01-31,2025-10-13,2025-10-16,257,17.4043,78.6314,False,
MPLAD-00738,Madurai,Tamil Nadu,Health Sub-Centre,2.79,unit,CTR-0161,9831525.77,8928000.0,2023-10-23,2023-12-03,2023-12-13,2025-03-02,2025-03-24,475,11.02,78.12,True,geo_clustering
MPLAD-00739,Coimbatore,Tamil Nadu,Street Lighting,1.93,unit,CTR-0021,744814.28,868500.0,2024-07-18,2024-09-16,2024-10-02,2024-12-03,2024-12-12,63,10.7969,78.1354,False,
MPLAD-00740,Madurai,Tamil Nadu,Health Sub-Centre,1.45,unit,CTR-0202,4306587.77,4640000.0,2022-06-19,2022-07-22,2022-09-05,2023-04-09,2023-03-21,238,10.6109,78.5272,True,payment_timing
MPLAD-00741,Varanasi,Uttar Pradesh,Drinking Water Supply,0.73,unit,CTR-0047,874487.6,876000.0,2023-03-02,2023-05-06,2023-05-17,2023-07-03,2023-06-29,43,26.7137,80.8865,False,
MPLAD-00742,Pune,Maharashtra,Community Hall,1.44,unit,CTR-0108,3398671.73,3600000.0,2022-11-26,2023-01-03,2023-01-27,2023-09-12,2023-09-18,253,19.2597,73.0312,False,
MPLAD-00743,Patna Sahib,Bihar,Road Construction,1.71,km,CTR-0089,1503211.88,1453500.0,2022-11-21,2023-02-10,2023-03-03,2023-09-24,2023-10-01,162,25.7061,85.136,False,
MPLAD-00744,Secunderabad,Telangana,Health Sub-Centre,1.41,unit,CTR-0058,5051507.56,4512000.0,2022-10-11,2022-11-23,2022-12-03,2023-09-01,2023-09-04,229,17.1676,78.4816,True,contractor_collusion
MPLAD-00745,Pune,Maharashtra,Street Lighting,1.67,unit,CTR-0076,821166.69,751500.0,2024-03-30,2024-05-08,2024-05-29,2024-07-17,2024-07-29,51,19.5619,72.5029,False,
MPLAD-00746,Varanasi,Uttar Pradesh,Street Lighting,2.49,unit,CTR-0043,1273032.12,1120500.0,2024-07-02,2024-09-09,2024-10-22,2025-01-22,2025-02-06,77,26.9229,81.0073,False,
MPLAD-00747,Patna Sahib,Bihar,Street Lighting,2.74,unit,CTR-0096,1351124.49,1233000.0,2022-03-11,2022-05-30,2022-06-20,2022-09-23,2022-10-06,84,25.7039,85.4773,False,
MPLAD-00748,Patna Sahib,Bihar,Street Lighting,0.57,unit,CTR-0102,231868.63,256500.0,2023-01-16,2023-03-17,2023-04-06,2023-04-20,2023-03-21,16,25.472,85.3795,True,payment_timing
MPLAD-00749,Nalgonda,Telangana,Drainage System,1.32,km,CTR-0184,1436918.06,1452000.0,2023-04-22,2023-07-17,2023-07-26,2023-12-31,2024-01-08,150,17.4273,78.1029,False,
MPLAD-00750,Cuttack,Odisha,Street Lighting,2.65,unit,CTR-0207,1040393.36,1192500.0,2024-05-13,2024-07-22,2024-08-16,2024-12-06,2024-12-13,92,19.9971,86.1027,False,
MPLAD-00751,Gaya,Bihar,Drinking Water Supply,0.81,unit,CTR-0031,876104.34,972000.0,2024-02-24,2024-04-09,2024-05-20,2024-07-01,2024-06-27,47,25.7437,85.4561,False,
MPLAD-00752,Varanasi,Uttar Pradesh,School Building Repair,2.6,unit,CTR-0034,2271773.17,2340000.0,2024-12-16,2025-01-05,2025-01-31,2025-10-20,2025-10-19,227,26.7699,81.2299,False,
MPLAD-00753,Varanasi,Uttar Pradesh,Drinking Water Supply,2.38,unit,CTR-0082,2770615.03,2856000.0,2023-10-04,2023-12-21,2024-02-03,2024-06-20,2024-07-04,151,26.9965,80.8546,False,
MPLAD-00754,Bhubaneswar,Odisha,Road Construction,2.84,km,CTR-0096,2126306.92,2414000.0,2022-01-22,2022-02-23,2022-03-06,2023-01-19,2023-02-10,246,20.0263,85.388,False,
MPLAD-00755,Patna Sahib,Bihar,Health Sub-Centre,2.76,unit,CTR-0209,10129151.5,8832000.0,2022-04-18,2022-06-05,2022-06-12,2023-12-16,2023-12-30,585,25.175,84.9293,False,
MPLAD-00756,Gaya,Bihar,Health Sub-Centre,2.25,unit,CTR-0070,8117694.16,7200000.0,2022-09-03,2022-10-04,2022-10-29,2024-04-22,2024-05-13,435,25.7369,85.2682,False,
MPLAD-00757,Nagpur,Maharashtra,Community Hall,2.15,unit,CTR-0123,6143113.49,5375000.0,2024-09-15,2024-10-28,2024-11-07,2025-09-24,2025-10-07,320,19.3114,72.753,False,
MPLAD-00758,Pune,Maharashtra,Community Hall,2.34,unit,CTR-0166,5333839.12,5850000.0,2024-10-09,2024-10-31,2024-11-18,2025-09-07,2025-09-15,324,19.0682,72.7851,False,
MPLAD-00759,Kanpur,Uttar Pradesh,Drinking Water Supply,1.82,unit,CTR-0195,2418862.23,2184000.0,2023-10-01,2023-12-13,2023-12-27,2024-05-26,2024-05-27,122,27.2141,80.6188,False,
MPLAD-00760,Bhubaneswar,Odisha,School Building Repair,1.78,unit,CTR-0159,1736578.12,1602000.0,2023-07-24,2023-10-01,2023-10-16,2024-03-13,2024-03-14,127,19.9473,86.1762,False,
MPLAD-00761,Nalgonda,Telangana,Community Hall,0.97,unit,CTR-0118,2082046.5,2425000.0,2024-07-16,2024-09-14,2024-10-05,2025-03-04,2025-04-03,159,17.42,78.52,True,geo_clustering
MPLAD-00762,Gaya,Bihar,Street Lighting,1.33,unit,CTR-0131,587967.7,598500.0,2022-04-11,2022-06-13,2022-07-15,2022-08-22,2022-08-29,39,25.5027,85.194,False,
MPLAD-00763,Kota,Rajasthan,School Building Repair,0.77,unit,CTR-0111,599418.27,693000.0,2022-08-16,2022-09-28,2022-10-10,2022-11-29,2022-11-26,55,26.9752,75.5388,False,
MPLAD-00764,Kanpur,Uttar Pradesh,Drinking Water Supply,2.29,unit,CTR-0180,2658889.03,2748000.0,2023-07-04,2023-09-20,2023-10-08,2024-02-07,2024-02-15,127,26.6476,80.688,False,
MPLAD-00765,Nalgonda,Telangana,Drainage System,0.96,km,CTR-0025,1185185.48,1056000.0,2023-09-18,2023-11-02,2023-11-17,2024-03-02,2024-03-01,104,17.0666,78.3322,False,
MPLAD-00766,Pune,Maharashtra,Road Construction,1.57,km,CTR-0122,1142663.03,1334500.0,2022-06-07,2022-07-13,2022-07-18,2023-01-25,2023-02-19,168,19.1832,72.8883,False,
MPLAD-00767,Nalgonda,Telangana,Road Construction,0.54,km,CTR-0210,483792.37,459000.0,2023-04-13,2023-07-04,2023-08-10,2023-09-24,2023-09-28,47,17.6753,78.1,False,
MPLAD-00768,Jaipur Rural,Rajasthan,Drinking Water Supply,2.34,unit,CTR-0126,3220601.72,2808000.0,2024-09-23,2024-11-09,2024-12-07,2025-05-03,2025-05-20,136,26.7011,75.6337,False,
MPLAD-00769,Bhubaneswar,Odisha,Drainage System,1.99,km,CTR-0216,1934700.19,2189000.0,2022-02-12,2022-03-17,2022-04-17,2023-01-15,2023-01-19,220,20.1572,85.3309,False,
MPLAD-00770,Gaya,Bihar,Drainage System,1.02,km,CTR-0093,983749.62,1122000.0,2024-02-13,2024-03-12,2024-04-03,2024-08-29,2024-09-27,119,25.9992,85.0493,False,
MPLAD-00771,Secunderabad,Telangana,Street Lighting,2.2,unit,CTR-0058,1105234.49,990000.0,2024-05-04,2024-06-23,2024-07-17,2024-09-20,2024-07-22,67,17.6018,78.8342,True,payment_timing
MPLAD-00772,Nagpur,Maharashtra,School Building Repair,2.48,unit,CTR-0203,2090318.35,2232000.0,2024-10-18,2024-11-20,2024-12-24,2025-09-09,2025-10-07,221,19.5667,73.0238,False,
MPLAD-00773,Jaipur Rural,Rajasthan,Drinking Water Supply,0.66,unit,CTR-0074,743227.07,792000.0,2023-03-22,2023-05-12,2023-06-23,2023-07-30,2023-08-25,40,26.7058,75.7303,False,
MPLAD-00774,Nalgonda,Telangana,Road Construction,0.84,km,CTR-0065,795122.27,714000.0,2024-10-25,2025-01-19,2025-02-02,2025-05-21,2025-06-02,85,17.0426,78.7331,False,
MPLAD-00775,Varanasi,Uttar Pradesh,Road Construction,0.58,km,CTR-0057,557031.05,493000.0,2024-03-02,2024-05-10,2024-06-09,2024-08-12,2024-08-13,50,27.193,81.3202,False,
MPLAD-00776,Nagpur,Maharashtra,Community Hall,2.2,unit,CTR-0112,5207091.84,5500000.0,2023-02-13,2023-04-01,2023-04-14,2024-04-25,2024-05-02,354,18.9011,72.4856,False,
MPLAD-00777,Jaipur Rural,Rajasthan,Drainage System,0.96,km,CTR-0140,1145466.14,1056000.0,2022-07-16,2022-08-17,2022-09-24,2023-01-20,2023-02-04,110,26.9038,75.9852,False,
MPLAD-00778,Gaya,Bihar,Drinking Water Supply,1.55,unit,CTR-0120,1809924.31,1860000.0,2022-02-24,2022-05-03,2022-05-13,2022-08-21,2022-09-04,84,25.8866,85.1803,False,
MPLAD-00779,Kota,Rajasthan,Street Lighting,2.69,unit,CTR-0145,3585321.85,1210500.0,2022-09-15,2022-11-20,2022-11-25,2023-03-04,2023-04-01,92,26.8602,75.3543,True,cost_inflation
MPLAD-00780,Warangal,Telangana,Drainage System,0.74,km,CTR-0164,762858.88,814000.0,2023-11-10,2023-12-02,2023-12-14,2024-03-15,2024-04-11,77,17.6394,78.053,True,contractor_collusion
MPLAD-00781,Jaipur Rural,Rajasthan,Drainage System,1.06,km,CTR-0035,1227453.13,1166000.0,2023-09-09,2023-11-02,2023-11-07,2024-04-04,2024-04-11,122,26.5147,75.3,False,
MPLAD-00782,Kota,Rajasthan,Road Construction,1.12,km,CTR-0025,838790.17,952000.0,2024-11-01,2025-01-11,2025-02-10,2025-05-04,2025-05-06,90,26.6999,75.7837,False,
MPLAD-00783,Bhubaneswar,Odisha,Community Hall,1.87,unit,CTR-0218,5126165.26,4675000.0,2022-09-10,2022-11-19,2022-12-03,2023-11-24,2023-11-30,309,19.9417,86.0446,False,
MPLAD-00784,Coimbatore,Tamil Nadu,Street Lighting,1.69,unit,CTR-0052,712596.76,760500.0,2024-10-06,2024-12-07,2024-12-29,2025-02-25,2025-02-26,55,11.02,78.12,True,geo_clustering
MPLAD-00785,Jaipur Rural,Rajasthan,Drinking Water Supply,1.91,unit,CTR-0031,4633599.66,2292000.0,2024-06-29,2024-07-19,2024-08-15,2025-01-05,2025-01-29,112,27.2824,75.7584,True,cost_inflation
MPLAD-00786,Bhubaneswar,Odisha,Street Lighting,1.03,unit,CTR-0129,519474.65,463500.0,2024-11-16,2024-12-09,2024-12-25,2025-01-30,2025-02-16,31,20.4559,85.8631,False,
MPLAD-00787,Madurai,Tamil Nadu,Health Sub-Centre,1.2,unit,CTR-0036,4142523.94,3840000.0,2024-03-17,2024-04-09,2024-05-14,2024-12-24,2025-01-18,214,11.1058,77.7804,False,
MPLAD-00788,Madurai,Tamil Nadu,Street Lighting,1.81,unit,CTR-0169,723949.26,814500.0,2023-12-14,2024-03-12,2024-04-25,2024-06-29,2024-06-28,53,11.02,78.12,True,geo_clustering
MPLAD-00789,Pune,Maharashtra,Road Construction,1.75,km,CTR-0028,1567522.57,1487500.0,2023-04-20,2023-06-04,2023-06-15,2023-12-28,2024-01-03,156,19.3282,72.7841,False,
MPLAD-00790,Nalgonda,Telangana,Road Construction,1.13,km,CTR-0157,827207.08,960500.0,2024-06-23,2024-08-24,2024-10-06,2025-02-13,2025-02-09,113,17.8236,78.3212,False,
MPLAD-00791,Secunderabad,Telangana,School Building Repair,1.89,unit,CTR-0147,1545724.87,1701000.0,2023-08-09,2023-09-21,2023-10-08,2024-03-31,2024-04-22,147,17.7138,78.8087,False,
MPLAD-00792,Nalgonda,Telangana,Street Lighting,2.9,unit,CTR-0162,1146914.69,1305000.0,2022-10-15,2022-10-30,2022-11-27,2023-03-02,2023-03-31,79,17.7645,78.3407,False,
MPLAD-00793,Pune,Maharashtra,Drainage System,1.74,km,CTR-0136,2104865.75,1914000.0,2024-08-28,2024-11-15,2024-12-12,2025-06-23,2025-07-23,186,19.4534,73.2016,False,
MPLAD-00794,Gaya,Bihar,Drainage System,1.92,km,CTR-0019,1875789.09,2112000.0,2022-07-26,2022-08-25,2022-09-30,2023-04-18,2023-05-17,202,25.4309,84.824,False,
MPLAD-00795,Varanasi,Uttar Pradesh,Health Sub-Centre,2.26,unit,CTR-0100,6294630.43,7232000.0,2023-08-13,2023-09-06,2023-10-15,2025-03-30,2025-04-27,471,27.2318,80.9,False,
MPLAD-00796,Kota,Rajasthan,Road Construction,2.73,km,CTR-0179,4840392.75,2320500.0,2023-06-23,2023-07-11,2023-07-18,2024-05-12,2024-05-23,289,26.6005,76.188,True,cost_inflation
MPLAD-00797,Coimbatore,Tamil Nadu,Health Sub-Centre,2.39,unit,CTR-0007,8594025.95,7648000.0,2024-10-07,2024-10-31,2024-12-11,2026-04-23,2026-04-20,395,10.8458,77.6708,False,
MPLAD-00798,Cuttack,Odisha,Road Construction,1.7,km,CTR-0142,1284372.89,1445000.0,2022-08-02,2022-08-21,2022-09-26,2023-04-01,2023-04-18,170,20.2315,85.6034,False,
MPLAD-00799,Nalgonda,Telangana,Community Hall,0.57,unit,CTR-0015,1545479.14,1425000.0,2024-02-16,2024-03-04,2024-04-13,2024-07-10,2024-07-29,81,17.6657,78.6954,False,
MPLAD-00800,Kota,Rajasthan,School Building Repair,0.79,unit,CTR-0036,1690965.38,711000.0,2024-01-24,2024-03-24,2024-04-10,2024-06-14,2024-06-12,63,26.6382,75.392,True,cost_inflation
MPLAD-00801,Cuttack,Odisha,Health Sub-Centre,2.48,unit,CTR-0207,8098010.13,7936000.0,2022-01-31,2022-03-18,2022-03-26,2023-08-04,2023-08-07,533,20.2386,85.5826,False,
MPLAD-00802,Pune,Maharashtra,Street Lighting,3.0,unit,CTR-0063,1200035.08,1350000.0,2022-09-08,2022-10-02,2022-10-11,2023-01-10,2023-02-08,91,18.8059,73.1053,False,
MPLAD-00803,Kanpur,Uttar Pradesh,Health Sub-Centre,2.85,unit,CTR-0078,9886650.2,9120000.0,2023-05-16,2023-08-06,2023-08-28,2025-01-28,2025-02-26,506,26.8034,80.454,False,
MPLAD-00804,Nagpur,Maharashtra,Drainage System,1.2,km,CTR-0125,1202607.75,1320000.0,2024-12-02,2025-01-15,2025-02-08,2025-06-22,2025-06-30,112,18.7227,73.1249,False,
MPLAD-00805,Kanpur,Uttar Pradesh,Road Construction,2.41,km,CTR-0167,2326918.78,2048500.0,2022-03-11,2022-04-29,2022-05-21,2022-12-28,2023-01-11,195,27.1272,80.4845,False,
MPLAD-00806,Gaya,Bihar,Street Lighting,0.55,unit,CTR-0127,709878.22,247500.0,2023-04-05,2023-05-16,2023-06-14,2023-06-29,2023-07-21,16,25.6325,85.2604,True,cost_inflation
MPLAD-00807,Cuttack,Odisha,Road Construction,2.39,km,CTR-0156,1931683.24,2031500.0,2023-06-22,2023-09-20,2023-10-08,2024-07-29,2024-08-14,246,20.5258,85.9215,False,
MPLAD-00808,Coimbatore,Tamil Nadu,Health Sub-Centre,0.64,unit,CTR-0193,1807898.75,2048000.0,2023-08-12,2023-11-03,2023-12-07,2024-04-09,2024-05-07,116,10.7601,78.5603,False,
MPLAD-00809,Secunderabad,Telangana,Community Hall,2.5,unit,CTR-0072,7095563.56,6250000.0,2023-05-27,2023-08-19,2023-09-11,2024-09-04,2024-09-24,347,16.9386,78.2743,False,
MPLAD-00810,Madurai,Tamil Nadu,Drinking Water Supply,2.53,unit,CTR-0168,3134365.65,3036000.0,2023-10-20,2023-12-07,2023-12-23,2024-05-22,2024-05-18,141,10.9399,78.0664,False,
MPLAD-00811,Pune,Maharashtra,School Building Repair,1.89,unit,CTR-0217,1654364.14,1701000.0,2022-06-12,2022-08-01,2022-09-14,2023-03-02,2023-03-01,151,19.0404,72.658,False,
MPLAD-00812,Bhubaneswar,Odisha,Drinking Water Supply,0.82,unit,CTR-0127,1022475.83,984000.0,2022-04-12,2022-05-26,2022-06-07,2022-07-30,2022-08-05,46,20.4844,86.1606,False,
MPLAD-00813,Kota,Rajasthan,Road Construction,1.07,km,CTR-0184,1032747.38,909500.0,2023-06-12,2023-06-29,2023-07-26,2023-08-16,2023-08-20,114,27.0006,75.6497,True,ghost_project
MPLAD-00814,Kanpur,Uttar Pradesh,Road Construction,1.93,km,CTR-0071,1802485.19,1640500.0,2022-05-27,2022-08-04,2022-08-27,2023-02-25,2023-03-12,191,26.907,80.7603,False,
MPLAD-00815,Jaipur Rural,Rajasthan,Drinking Water Supply,2.05,unit,CTR-0076,2209310.86,2460000.0,2022-11-04,2023-02-02,2023-02-08,2023-05-23,2023-05-31,111,27.208,75.8108,False,
MPLAD-00816,Madurai,Tamil Nadu,Street Lighting,2.28,unit,CTR-0149,1161413.48,1026000.0,2022-03-08,2022-04-11,2022-05-10,2022-07-30,2022-07-30,68,11.4552,78.5586,False,
MPLAD-00817,Kota,Rajasthan,Street Lighting,2.08,unit,CTR-0148,1001693.51,936000.0,2022-09-06,2022-11-27,2022-12-05,2023-02-17,2023-03-17,65,26.9203,75.6169,False,
MPLAD-00818,Varanasi,Uttar Pradesh,Street Lighting,1.32,unit,CTR-0063,647282.86,594000.0,2023-04-18,2023-06-30,2023-07-25,2023-09-18,2023-09-20,46,26.9931,80.845,False,
MPLAD-00819,Patna Sahib,Bihar,School Building Repair,1.38,unit,CTR-0021,1244102.75,1242000.0,2024-09-18,2024-11-01,2024-12-04,2025-04-28,2025-03-15,120,25.6693,85.4268,True,payment_timing
MPLAD-00820,Madurai,Tamil Nadu,Community Hall,2.19,unit,CTR-0105,5747495.11,5475000.0,2023-08-11,2023-10-08,2023-11-02,2024-10-02,2024-10-23,354,10.921,78.5832,False,
MPLAD-00821,Cuttack,Odisha,Drainage System,1.0,km,CTR-0198,994372.18,1100000.0,2022-12-08,2023-01-07,2023-02-07,2023-05-21,2023-05-09,103,20.5114,85.7699,True,payment_timing
MPLAD-00822,Gaya,Bihar,Health Sub-Centre,2.23,unit,CTR-0007,8184849.6,7136000.0,2024-12-20,2025-02-22,2025-03-26,2026-04-21,2026-05-11,376,25.7969,84.8414,False,
MPLAD-00823,Cuttack,Odisha,Drinking Water Supply,2.75,unit,CTR-0212,3390563.22,3300000.0,2022-04-03,2022-04-27,2022-05-24,2023-01-08,2023-01-29,179,20.4308,86.0407,False,
MPLAD-00824,Jaipur Rural,Rajasthan,Health Sub-Centre,0.84,unit,CTR-0180,2432734.71,2688000.0,2024-11-09,2024-12-04,2024-12-18,2025-07-19,2025-08-06,170,27.0739,75.7535,False,
MPLAD-00825,Kota,Rajasthan,Community Hall,1.97,unit,CTR-0185,5582144.87,4925000.0,2023-09-01,2023-11-18,2023-12-14,2024-08-21,2024-09-18,274,27.2973,75.8798,False,
MPLAD-00826,Varanasi,Uttar Pradesh,School Building Repair,1.46,unit,CTR-0083,1415427.74,1314000.0,2022-03-27,2022-05-07,2022-06-08,2022-10-28,2022-10-01,129,26.3995,80.6848,True,payment_timing
MPLAD-00827,Jaipur Rural,Rajasthan,School Building Repair,2.71,unit,CTR-0058,2284229.95,2439000.0,2022-08-06,2022-09-19,2022-10-11,2023-05-26,2023-06-03,238,26.9522,75.8087,False,
MPLAD-00828,Cuttack,Odisha,Street Lighting,2.9,unit,CTR-0011,1320593.35,1305000.0,2022-01-14,2022-04-01,2022-04-07,2022-07-19,2022-08-01,99,20.7418,85.8712,False,
MPLAD-00829,Secunderabad,Telangana,Street Lighting,2.79,unit,CTR-0076,1336950.9,1255500.0,2022-09-03,2022-11-13,2022-12-15,2023-03-31,2023-03-31,97,17.7645,78.9931,False,
MPLAD-00830,Patna Sahib,Bihar,Road Construction,0.7,km,CTR-0206,647357.67,595000.0,2023-11-01,2023-12-06,2024-01-12,2024-03-23,2024-04-16,69,25.7306,85.1128,False,
MPLAD-00831,Coimbatore,Tamil Nadu,Drainage System,2.81,km,CTR-0007,3029221.07,3091000.0,2024-12-03,2025-01-27,2025-02-13,2026-03-29,2026-03-26,331,11.4492,78.2273,False,
MPLAD-00832,Kanpur,Uttar Pradesh,Health Sub-Centre,1.68,unit,CTR-0068,5351013.17,5376000.0,2024-10-14,2024-12-04,2024-12-17,2025-09-25,2025-09-25,288,27.2508,81.2572,False,
MPLAD-00833,Gaya,Bihar,Road Construction,1.73,km,CTR-0018,1519563.46,1470500.0,2022-03-21,2022-05-28,2022-06-18,2023-01-01,2023-01-11,172,25.7377,85.0842,False,
MPLAD-00834,Cuttack,Odisha,Community Hall,2.6,unit,CTR-0077,7231326.19,6500000.0,2024-09-30,2024-12-04,2025-01-16,2026-04-08,2026-05-03,429,20.0954,85.5189,False,
MPLAD-00835,Madurai,Tamil Nadu,Health Sub-Centre,1.55,unit,CTR-0074,4881393.29,4960000.0,2024-05-20,2024-06-18,2024-07-04,2025-04-24,2025-05-09,271,11.1606,77.9476,False,
MPLAD-00836,Madurai,Tamil Nadu,Community Hall,2.6,unit,CTR-0124,7209817.99,6500000.0,2023-04-26,2023-05-14,2023-06-06,2023-09-21,2023-09-23,421,11.3898,78.3828,True,ghost_project
MPLAD-00837,Patna Sahib,Bihar,Drainage System,1.48,km,CTR-0106,1599649.14,1628000.0,2022-04-22,2022-06-10,2022-07-16,2023-01-10,2023-01-26,150,25.7363,84.6456,False,
MPLAD-00838,Nagpur,Maharashtra,Community Hall,1.84,unit,CTR-0043,4985781.76,4600000.0,2023-11-07,2023-12-08,2024-01-20,2024-11-01,2024-10-28,257,19.4024,72.4903,False,
MPLAD-00839,Madurai,Tamil Nadu,Drinking Water Supply,1.88,unit,CTR-0197,2360857.7,2256000.0,2024-01-12,2024-04-04,2024-04-21,2024-09-20,2024-10-19,118,10.8955,78.3178,False,
MPLAD-00840,Cuttack,Odisha,Community Hall,1.33,unit,CTR-0096,3041326.06,3325000.0,2022-01-28,2022-02-16,2022-02-22,2022-11-15,2022-12-13,222,19.9025,85.6979,False,
MPLAD-00841,Varanasi,Uttar Pradesh,Community Hall,0.56,unit,CTR-0078,1455253.31,1400000.0,2022-03-11,2022-04-29,2022-05-11,2022-08-31,2022-09-19,92,26.9553,80.5312,False,
MPLAD-00842,Bhubaneswar,Odisha,Drinking Water Supply,0.69,unit,CTR-0022,829120.2,828000.0,2024-04-30,2024-05-17,2024-05-22,2024-07-14,2024-08-12,45,20.4049,85.4518,False,
MPLAD-00843,Gaya,Bihar,Health Sub-Centre,2.58,unit,CTR-0050,9145921.82,8256000.0,2024-05-20,2024-08-08,2024-08-14,2026-02-01,2026-02-25,526,25.3027,84.8643,False,
MPLAD-00844,Gaya,Bihar,School Building Repair,1.57,unit,CTR-0075,1295263.03,1413000.0,2023-07-25,2023-10-09,2023-11-01,2024-03-30,2024-04-28,119,25.6066,84.9824,False,
MPLAD-00845,Gaya,Bihar,Drainage System,2.41,km,CTR-0096,2821654.47,2651000.0,2022-02-20,2022-04-26,2022-05-15,2023-02-07,2023-03-04,249,25.6632,85.2428,False,
MPLAD-00846,Pune,Maharashtra,Health Sub-Centre,0.74,unit,CTR-0022,2133039.26,2368000.0,2024-09-30,2024-12-29,2025-01-18,2025-06-10,2025-06-30,154,19.2165,72.8735,False,
MPLAD-00847,Madurai,Tamil Nadu,Street Lighting,0.65,unit,CTR-0060,291922.41,292500.0,2023-11-23,2023-12-27,2024-01-03,2024-01-22,2024-02-12,19,11.3714,77.8681,False,
MPLAD-00848,Madurai,Tamil Nadu,Street Lighting,1.86,unit,CTR-0126,790048.36,837000.0,2023-10-22,2024-01-04,2024-02-08,2024-02-15,2024-02-15,60,11.4212,78.0257,True,ghost_project
MPLAD-00849,Kota,Rajasthan,Community Hall,0.8,unit,CTR-0192,1818420.57,2000000.0,2022-08-21,2022-09-09,2022-10-11,2023-03-12,2023-04-09,139,26.8872,76.049,False,
MPLAD-00850,Nalgonda,Telangana,School Building Repair,0.79,unit,CTR-0076,816742.26,711000.0,2023-07-10,2023-09-29,2023-10-24,2024-01-06,2024-01-24,65,17.4638,78.1659,False,
MPLAD-00851,Kanpur,Uttar Pradesh,Drainage System,1.43,km,CTR-0183,1622321.94,1573000.0,2023-03-08,2023-05-04,2023-05-17,2023-10-06,2023-10-31,148,26.82,80.92,True,geo_clustering
MPLAD-00852,Nalgonda,Telangana,Road Construction,2.25,km,CTR-0080,1739954.81,1912500.0,2024-07-28,2024-09-23,2024-10-04,2025-03-25,2025-04-18,187,17.4945,78.0668,False,
MPLAD-00853,Patna Sahib,Bihar,Community Hall,0.54,unit,CTR-0161,1225519.47,1350000.0,2024-05-22,2024-08-19,2024-09-12,2024-12-03,2024-12-23,79,26.0343,85.1611,False,
MPLAD-00854,Warangal,Telangana,Community Hall,2.33,unit,CTR-0027,5440524.72,5825000.0,2022-07-29,2022-08-29,2022-10-06,2023-10-28,2023-11-16,341,17.2302,78.772,False,
MPLAD-00855,Madurai,Tamil Nadu,Drinking Water Supply,2.68,unit,CTR-0189,3378565.82,3216000.0,2022-12-11,2022-12-26,2023-01-14,2023-08-17,2023-08-17,166,11.02,78.12,True,geo_clustering
MPLAD-00856,Bhubaneswar,Odisha,School Building Repair,1.31,unit,CTR-0001,1319048.7,1179000.0,2024-11-13,2025-01-23,2025-02-24,2025-06-07,2025-06-22,89,20.1026,86.06,False,
MPLAD-00857,Gaya,Bihar,School Building Repair,1.46,unit,CTR-0199,1303939.23,1314000.0,2024-12-05,2025-01-29,2025-03-08,2025-06-16,2025-06-24,108,26.0554,85.5455,False,
MPLAD-00858,Secunderabad,Telangana,Drainage System,1.6,km,CTR-0144,1863012.67,1760000.0,2022-09-04,2022-11-29,2022-12-31,2023-06-30,2023-07-06,156,16.9253,78.3657,False,
MPLAD-00859,Patna Sahib,Bihar,Drainage System,1.56,km,CTR-0187,1776218.32,1716000.0,2023-01-27,2023-03-31,2023-04-28,2023-10-20,2023-10-15,181,25.2958,84.961,False,
MPLAD-00860,Varanasi,Uttar Pradesh,Street Lighting,0.74,unit,CTR-0085,319899.86,333000.0,2022-01-27,2022-03-17,2022-03-24,2022-04-17,2022-05-12,21,26.6983,81.3957,False,
MPLAD-00861,Pune,Maharashtra,Drinking Water Supply,2.93,unit,CTR-0015,10730730.7,3516000.0,2024-08-22,2024-11-03,2024-12-09,2025-06-22,2025-07-21,202,19.4074,72.4382,True,cost_inflation
MPLAD-00862,Coimbatore,Tamil Nadu,Community Hall,0.83,unit,CTR-0218,2024933.93,2075000.0,2022-04-25,2022-07-05,2022-08-19,2023-02-04,2023-02-19,143,10.5975,78.1441,False,
MPLAD-00863,Pune,Maharashtra,Community Hall,2.34,unit,CTR-0158,5556327.05,5850000.0,2023-10-11,2023-11-16,2023-12-28,2025-03-30,2025-04-17,386,19.1163,73.3405,False,
MPLAD-00864,Pune,Maharashtra,Health Sub-Centre,0.65,unit,CTR-0172,1888394.52,2080000.0,2022-10-30,2022-12-18,2022-12-28,2023-05-04,2023-05-01,132,18.8755,72.5987,False,
MPLAD-00865,Pune,Maharashtra,Community Hall,2.61,unit,CTR-0192,7388433.55,6525000.0,2023-12-20,2024-01-19,2024-02-14,2025-04-10,2025-03-26,388,19.1662,72.863,True,payment_timing
MPLAD-00866,Coimbatore,Tamil Nadu,Community Hall,1.29,unit,CTR-0007,3347509.63,3225000.0,2022-12-13,2022-12-29,2023-01-16,2023-08-05,2023-08-29,174,10.5813,78.3243,False,
MPLAD-00867,Cuttack,Odisha,Drainage System,2.37,km,CTR-0049,2793226.2,2607000.0,2024-02-16,2024-04-07,2024-04-23,2024-12-16,2024-12-31,235,20.214,86.1353,False,
MPLAD-00868,Secunderabad,Telangana,Community Hall,2.24,unit,CTR-0067,5204435.84,5600000.0,2024-01-15,2024-03-14,2024-04-21,2025-05-05,2025-05-10,351,16.9367,78.8347,False,
MPLAD-00869,Nagpur,Maharashtra,Street Lighting,2.98,unit,CTR-0054,1314389.22,1341000.0,2023-08-15,2023-09-25,2023-10-21,2024-02-12,2024-03-10,97,19.1516,73.1431,False,
MPLAD-00870,Madurai,Tamil Nadu,Street Lighting,1.15,unit,CTR-0054,512483.59,517500.0,2022-08-25,2022-11-14,2022-12-29,2023-01-27,2023-01-30,30,10.9672,77.923,False,
MPLAD-00871,Nagpur,Maharashtra,Drainage System,1.31,km,CTR-0009,1270074.19,1441000.0,2022-01-17,2022-02-21,2022-03-24,2022-08-14,2022-08-30,132,19.2479,72.5002,False,
MPLAD-00872,Secunderabad,Telangana,Drinking Water Supply,2.38,unit,CTR-0048,2803742.66,2856000.0,2024-06-09,2024-08-14,2024-09-18,2025-03-26,2025-04-06,154,17.6234,78.6009,False,
MPLAD-00873,Varanasi,Uttar Pradesh,School Building Repair,2.93,unit,CTR-0011,6637556.02,2637000.0,2024-11-04,2024-12-02,2025-01-02,2025-09-23,2025-10-05,247,27.254,80.8008,True,cost_inflation
MPLAD-00874,Cuttack,Odisha,Drinking Water Supply,2.91,unit,CTR-0153,3955925.82,3492000.0,2022-10-13,2022-11-13,2022-12-09,2023-06-28,2023-06-26,166,20.7703,85.6093,False,
MPLAD-00875,Patna Sahib,Bihar,Health Sub-Centre,1.49,unit,CTR-0118,4711624.68,4768000.0,2023-02-15,2023-03-24,2023-04-17,2023-05-30,2023-06-04,294,25.3362,84.8033,True,ghost_project
MPLAD-00876,Bhubaneswar,Odisha,Street Lighting,1.44,unit,CTR-0199,643595.69,648000.0,2024-08-22,2024-11-15,2024-12-15,2025-02-03,2025-02-28,43,20.4684,86.1313,False,
MPLAD-00877,Cuttack,Odisha,Health Sub-Centre,1.47,unit,CTR-0025,4447664.97,4704000.0,2024-03-29,2024-05-24,2024-06-16,2025-07-02,2025-07-24,311,20.3969,85.8341,False,
MPLAD-00878,Coimbatore,Tamil Nadu,Drainage System,1.05,km,CTR-0007,1192602.99,1155000.0,2024-01-26,2024-03-27,2024-04-22,2024-08-29,2024-08-24,118,11.1106,78.3517,False,
MPLAD-00879,Kanpur,Uttar Pradesh,Drainage System,0.97,km,CTR-0071,974565.47,1067000.0,2023-11-27,2024-01-30,2024-02-15,2024-05-30,2024-06-12,99,26.6111,81.0753,True,contractor_collusion
MPLAD-00880,Secunderabad,Telangana,School Building Repair,2.21,unit,CTR-0058,2188436.53,1989000.0,2022-06-19,2022-08-17,2022-08-28,2023-03-14,2023-04-03,171,17.7036,78.0122,False,
MPLAD-00881,Pune,Maharashtra,School Building Repair,0.53,unit,CTR-0117,499011.25,477000.0,2024-05-15,2024-06-05,2024-06-29,2024-08-12,2024-08-14,42,19.2036,73.2024,False,
MPLAD-00882,Madurai,Tamil Nadu,Drinking Water Supply,2.28,unit,CTR-0122,8556789.94,2736000.0,2022-08-17,2022-09-23,2022-10-25,2023-04-23,2023-05-12,162,11.3703,77.68,True,cost_inflation
MPLAD-00883,Nagpur,Maharashtra,Drainage System,0.99,km,CTR-0067,1191203.23,1089000.0,2024-07-20,2024-09-28,2024-10-06,2025-02-02,2025-01-30,110,18.7216,72.8896,False,
MPLAD-00884,Pune,Maharashtra,Street Lighting,1.13,unit,CTR-0095,483704.79,508500.0,2022-02-18,2022-05-13,2022-06-04,2022-07-05,2022-07-22,32,19.0171,72.8468,False,
MPLAD-00885,Nagpur,Maharashtra,Road Construction,1.39,km,CTR-0029,1017252.25,1181500.0,2023-05-25,2023-07-01,2023-07-11,2023-12-13,2023-12-16,140,19.3268,73.0329,False,
MPLAD-00886,Patna Sahib,Bihar,Drinking Water Supply,2.22,unit,CTR-0118,2459485.28,2664000.0,2024-12-08,2025-03-05,2025-04-08,2025-08-25,2025-09-09,152,25.4728,84.7468,False,
MPLAD-00887,Madurai,Tamil Nadu,Drainage System,1.45,km,CTR-0026,1824807.51,1595000.0,2023-09-11,2023-11-19,2023-12-19,2024-01-25,2024-01-25,133,11.2216,78.3427,True,ghost_project
MPLAD-00888,Kanpur,Uttar Pradesh,Health Sub-Centre,2.04,unit,CTR-0078,6604686.3,6528000.0,2022-04-11,2022-06-12,2022-07-23,2023-10-20,2023-11-11,417,26.5748,81.0889,False,
MPLAD-00889,Pune,Maharashtra,Street Lighting,2.01,unit,CTR-0012,1015684.69,904500.0,2023-07-13,2023-07-28,2023-08-28,2023-10-31,2023-11-21,66,19.2572,72.6748,False,
MPLAD-00890,Pune,Maharashtra,Health Sub-Centre,0.74,unit,CTR-0082,2172515.52,2368000.0,2023-03-29,2023-04-21,2023-06-04,2023-10-31,2023-11-24,147,19.1879,73.0348,False,
MPLAD-00891,Jaipur Rural,Rajasthan,School Building Repair,0.53,unit,CTR-0143,454189.28,477000.0,2024-06-29,2024-08-02,2024-09-05,2024-10-23,2024-11-18,39,26.6106,75.9977,False,
MPLAD-00892,Gaya,Bihar,Drinking Water Supply,2.15,unit,CTR-0009,2635196.49,2580000.0,2024-09-23,2024-12-18,2025-01-14,2025-05-05,2025-06-02,119,25.4692,84.8918,False,
MPLAD-00893,Jaipur Rural,Rajasthan,Drainage System,0.89,km,CTR-0008,1003945.96,979000.0,2024-06-02,2024-08-09,2024-08-15,2024-12-08,2024-12-21,96,26.9564,75.7908,False,
MPLAD-00894,Secunderabad,Telangana,Street Lighting,0.81,unit,CTR-0218,353100.23,364500.0,2022-08-15,2022-11-11,2022-12-04,2022-12-26,2022-12-31,23,17.6669,78.9844,False,
MPLAD-00895,Gaya,Bihar,Street Lighting,2.38,unit,CTR-0091,1044711.23,1071000.0,2023-10-17,2023-12-17,2024-01-31,2024-04-11,2024-04-26,76,25.6023,85.1325,False,
MPLAD-00896,Jaipur Rural,Rajasthan,School Building Repair,1.66,unit,CTR-0194,1640175.25,1494000.0,2022-12-30,2023-03-06,2023-03-29,2023-07-22,2023-08-07,128,27.1629,75.9562,False,
MPLAD-00897,Gaya,Bihar,Road Construction,2.13,km,CTR-0149,2068087.47,1810500.0,2022-03-01,2022-04-13,2022-04-26,2022-12-05,2023-01-01,195,26.0989,85.1996,False,
MPLAD-00898,Patna Sahib,Bihar,Road Construction,1.12,km,CTR-0157,971793.84,952000.0,2022-07-06,2022-09-06,2022-09-12,2023-01-14,2023-02-02,104,25.6521,85.4634,False,
MPLAD-00899,Jaipur Rural,Rajasthan,Community Hall,2.31,unit,CTR-0095,5323363.8,5775000.0,2023-02-14,2023-04-11,2023-04-24,2024-04-24,2024-04-20,360,26.607,75.7612,False,
MPLAD-00900,Jaipur Rural,Rajasthan,Street Lighting,2.49,unit,CTR-0062,1279433.5,1120500.0,2022-08-16,2022-10-12,2022-10-27,2023-01-11,2023-01-10,77,26.4069,75.3323,False,
MPLAD-00901,Kota,Rajasthan,Health Sub-Centre,2.66,unit,CTR-0121,7414885.63,8512000.0,2023-06-17,2023-09-08,2023-09-20,2025-04-23,2025-05-22,490,27.1148,75.7385,False,
MPLAD-00902,Varanasi,Uttar Pradesh,Road Construction,1.5,km,CTR-0208,1398285.78,1275000.0,2024-01-15,2024-03-21,2024-04-27,2024-10-19,2024-11-11,152,26.82,80.92,True,geo_clustering
MPLAD-00903,Madurai,Tamil Nadu,Drinking Water Supply,1.95,unit,CTR-0212,2544716.22,2340000.0,2024-01-21,2024-03-28,2024-04-23,2024-05-22,2024-05-22,130,11.2956,77.8101,True,ghost_project
MPLAD-00904,Cuttack,Odisha,School Building Repair,1.73,unit,CTR-0182,1437762.66,1557000.0,2023-08-28,2023-11-07,2023-12-03,2024-05-04,2024-05-15,126,20.3682,85.8944,False,
MPLAD-00905,Kota,Rajasthan,Community Hall,0.56,unit,CTR-0074,1559671.65,1400000.0,2023-08-20,2023-10-13,2023-10-28,2024-02-05,2024-02-19,89,26.8753,75.7399,False,
MPLAD-00906,Madurai,Tamil Nadu,Drainage System,0.82,km,CTR-0178,931075.81,902000.0,2023-06-11,2023-07-25,2023-07-31,2023-11-24,2023-12-08,94,10.6484,77.6121,False,
MPLAD-00907,Coimbatore,Tamil Nadu,Street Lighting,1.51,unit,CTR-0133,703648.07,679500.0,2023-12-06,2024-01-09,2024-02-20,2024-04-12,2024-04-27,42,11.0233,77.978,False,
MPLAD-00908,Secunderabad,Telangana,Drainage System,0.94,km,CTR-0124,1157190.84,1034000.0,2022-05-13,2022-07-10,2022-07-29,2022-10-24,2022-11-02,85,17.0501,78.6086,False,
MPLAD-00909,Pune,Maharashtra,Road Construction,1.39,km,CTR-0051,1167081.58,1181500.0,2022-01-25,2022-04-17,2022-05-06,2022-05-30,2022-05-30,146,19.2642,72.7985,True,ghost_project
MPLAD-00910,Kota,Rajasthan,Drinking Water Supply,2.62,unit,CTR-0137,3179586.08,3144000.0,2022-04-25,2022-07-06,2022-08-16,2023-01-23,2023-02-02,145,26.6561,76.0394,False,
MPLAD-00911,Bhubaneswar,Odisha,Drainage System,1.07,km,CTR-0063,1253756.99,1177000.0,2023-06-29,2023-09-22,2023-10-14,2024-01-16,2024-01-23,101,20.5333,86.2175,False,
MPLAD-00912,Kota,Rajasthan,Community Hall,0.65,unit,CTR-0078,1492198.3,1625000.0,2024-09-04,2024-11-17,2024-11-28,2025-03-23,2025-03-21,104,26.7189,75.9339,False,
MPLAD-00913,Jaipur Rural,Rajasthan,Road Construction,1.69,km,CTR-0022,1264066.52,1436500.0,2024-09-24,2024-11-16,2024-12-27,2025-05-23,2025-06-14,163,27.2611,75.4115,False,
MPLAD-00914,Pune,Maharashtra,Health Sub-Centre,1.97,unit,CTR-0050,6559184.44,6304000.0,2022-01-02,2022-02-18,2022-03-21,2023-06-17,2023-07-13,398,19.2311,72.7286,False,
MPLAD-00915,Pune,Maharashtra,Drinking Water Supply,1.16,unit,CTR-0077,1405442.56,1392000.0,2024-10-27,2024-12-20,2025-02-03,2025-04-18,2025-04-24,69,19.0876,72.7192,False,
MPLAD-00916,Jaipur Rural,Rajasthan,School Building Repair,0.95,unit,CTR-0042,921802.3,855000.0,2022-07-13,2022-09-22,2022-10-18,2023-01-16,2022-12-23,78,27.2226,75.4936,True,payment_timing
MPLAD-00917,Varanasi,Uttar Pradesh,Community Hall,1.26,unit,CTR-0129,3401767.39,3150000.0,2023-09-07,2023-10-18,2023-11-28,2024-07-14,2024-07-29,196,26.4564,81.1664,False,
MPLAD-00918,Secunderabad,Telangana,Health Sub-Centre,1.31,unit,CTR-0041,4212708.02,4192000.0,2024-05-03,2024-06-21,2024-07-10,2025-05-16,2025-06-10,244,17.8343,78.8344,False,
MPLAD-00919,Patna Sahib,Bihar,Drinking Water Supply,1.38,unit,CTR-0187,1777822.28,1656000.0,2024-05-21,2024-08-16,2024-09-15,2024-12-25,2024-12-20,84,25.8622,85.0041,False,
MPLAD-00920,Pune,Maharashtra,Drinking Water Supply,0.85,unit,CTR-0207,1006808.25,1020000.0,2023-02-19,2023-04-01,2023-04-22,2023-06-11,2023-06-29,50,18.6237,72.8275,False,
MPLAD-00921,Kota,Rajasthan,Street Lighting,1.0,unit,CTR-0190,411522.28,450000.0,2023-07-16,2023-08-13,2023-08-22,2023-09-21,2023-10-06,31,27.1228,76.2415,False,
MPLAD-00922,Madurai,Tamil Nadu,Road Construction,1.48,km,CTR-0169,1431502.75,1258000.0,2023-05-27,2023-07-16,2023-08-28,2024-02-10,2024-02-08,147,10.6014,78.2396,False,
MPLAD-00923,Jaipur Rural,Rajasthan,Drinking Water Supply,0.78,unit,CTR-0073,833307.15,936000.0,2023-10-27,2024-01-02,2024-01-16,2024-03-19,2024-04-02,51,26.9741,75.8618,False,
MPLAD-00924,Nagpur,Maharashtra,Drinking Water Supply,2.41,unit,CTR-0140,2684399.92,2892000.0,2023-08-20,2023-09-06,2023-09-19,2024-03-20,2024-03-19,152,19.4707,73.0993,False,
MPLAD-00925,Patna Sahib,Bihar,Health Sub-Centre,1.61,unit,CTR-0198,5746414.91,5152000.0,2024-08-17,2024-09-30,2024-11-03,2025-08-18,2025-08-25,276,25.7777,85.3041,False,
MPLAD-00926,Cuttack,Odisha,Drainage System,0.85,km,CTR-0006,974898.39,935000.0,2024-09-23,2024-10-14,2024-11-21,2025-02-09,2025-03-08,87,20.1735,85.8657,False,
MPLAD-00927,Bhubaneswar,Odisha,Street Lighting,1.32,unit,CTR-0205,600915.83,594000.0,2023-11-15,2023-12-08,2023-12-17,2024-01-28,2024-02-27,38,20.5806,85.8318,False,
MPLAD-00928,Bhubaneswar,Odisha,Health Sub-Centre,1.93,unit,CTR-0023,6117538.22,6176000.0,2023-01-26,2023-02-19,2023-03-23,2024-06-30,2024-07-24,379,20.2513,86.1805,False,
MPLAD-00929,Patna Sahib,Bihar,Drainage System,0.95,km,CTR-0019,2352648.24,1045000.0,2024-06-04,2024-06-21,2024-07-21,2024-11-08,2024-11-03,98,25.7237,84.9899,True,cost_inflation
MPLAD-00930,Varanasi,Uttar Pradesh,Community Hall,1.06,unit,CTR-0220,2788757.96,2650000.0,2024-07-26,2024-09-04,2024-10-15,2025-05-03,2025-05-07,158,26.4888,80.5483,False,
MPLAD-00931,Nalgonda,Telangana,Road Construction,2.0,km,CTR-0137,1875796.14,1700000.0,2023-12-15,2024-01-07,2024-02-01,2024-10-12,2024-10-21,204,17.5582,78.2017,False,
MPLAD-00932,Kanpur,Uttar Pradesh,Drinking Water Supply,2.43,unit,CTR-0056,2502478.93,2916000.0,2024-06-19,2024-07-19,2024-08-17,2025-01-16,2025-01-24,168,26.6804,80.8468,False,
MPLAD-00933,Madurai,Tamil Nadu,Community Hall,1.98,unit,CTR-0098,4392604.24,4950000.0,2024-11-03,2025-01-31,2025-03-10,2026-02-07,2026-02-15,353,10.6204,78.0891,False,
MPLAD-00934,Patna Sahib,Bihar,Drainage System,0.98,km,CTR-0107,1234898.19,1078000.0,2024-01-07,2024-03-23,2024-04-13,2024-08-13,2024-09-06,111,25.1161,84.98,False,
MPLAD-00935,Warangal,Telangana,Health Sub-Centre,2.59,unit,CTR-0080,8124267.79,8288000.0,2023-09-08,2023-10-22,2023-11-01,2025-07-16,2025-08-04,537,17.7759,78.0159,False,
MPLAD-00936,Pune,Maharashtra,Drainage System,0.61,km,CTR-0083,740934.6,671000.0,2022-01-19,2022-02-19,2022-03-29,2022-05-23,2022-06-17,58,19.3623,72.4612,False,
MPLAD-00937,Coimbatore,Tamil Nadu,Health Sub-Centre,2.04,unit,CTR-0096,7161054.18,6528000.0,2022-12-24,2023-03-15,2023-03-29,2024-06-20,2024-06-26,376,10.8651,78.525,False,
MPLAD-00938,Jaipur Rural,Rajasthan,Road Construction,1.27,km,CTR-0053,1120082.45,1079500.0,2023-06-28,2023-08-23,2023-08-29,2024-02-06,2024-02-22,133,26.4285,75.7705,False,
MPLAD-00939,Cuttack,Odisha,Community Hall,0.62,unit,CTR-0105,1492822.1,1550000.0,2024-12-11,2025-01-16,2025-01-31,2025-05-05,2025-05-22,100,20.6972,85.3921,False,
MPLAD-00940,Jaipur Rural,Rajasthan,Road Construction,2.96,km,CTR-0119,2784814.79,2516000.0,2022-10-03,2022-10-18,2022-11-11,2023-09-14,2023-09-25,282,26.5282,75.9564,False,
MPLAD-00941,Pune,Maharashtra,Street Lighting,0.74,unit,CTR-0184,332280.89,333000.0,2023-02-06,2023-03-09,2023-03-28,2023-04-01,2023-04-05,25,18.8256,72.4822,True,ghost_project
MPLAD-00942,Kanpur,Uttar Pradesh,Road Construction,0.96,km,CTR-0071,855013.62,816000.0,2024-08-04,2024-11-02,2024-12-10,2025-03-14,2025-03-26,85,27.0599,80.5317,False,
MPLAD-00943,Coimbatore,Tamil Nadu,Street Lighting,2.37,unit,CTR-0009,1162411.86,1066500.0,2023-02-10,2023-03-20,2023-03-25,2023-06-06,2023-06-03,77,11.3354,77.8378,False,
MPLAD-00944,Nagpur,Maharashtra,Road Construction,1.71,km,CTR-0124,1385433.37,1453500.0,2024-04-10,2024-06-21,2024-07-09,2025-01-04,2025-01-15,166,19.1459,72.5178,False,
MPLAD-00945,Kota,Rajasthan,Health Sub-Centre,1.34,unit,CTR-0087,4792946.53,4288000.0,2024-09-25,2024-12-19,2025-01-22,2025-10-22,2025-11-07,235,27.1633,75.5629,False,
MPLAD-00946,Pune,Maharashtra,School Building Repair,2.91,unit,CTR-0007,2325327.47,2619000.0,2024-07-25,2024-08-23,2024-09-04,2025-04-28,2025-05-11,211,18.7263,72.7476,False,
MPLAD-00947,Warangal,Telangana,Street Lighting,0.96,unit,CTR-0130,473475.45,432000.0,2024-11-12,2024-12-21,2025-01-04,2025-02-12,2025-02-21,32,17.6759,78.1987,False,
MPLAD-00948,Nagpur,Maharashtra,Street Lighting,0.88,unit,CTR-0200,438759.23,396000.0,2024-12-27,2025-02-26,2025-04-06,2025-05-02,2025-05-30,27,18.7668,72.5587,False,
MPLAD-00949,Pune,Maharashtra,Drainage System,2.05,km,CTR-0220,2487201.04,2255000.0,2022-11-08,2023-01-31,2023-03-16,2023-11-15,2023-11-22,229,18.8784,73.3591,False,
MPLAD-00950,Gaya,Bihar,Drinking Water Supply,2.93,unit,CTR-0134,3931321.69,3516000.0,2022-10-06,2022-11-28,2022-12-03,2023-05-21,2023-06-20,182,25.7681,84.8088,False,
MPLAD-00951,Warangal,Telangana,Street Lighting,1.53,unit,CTR-0164,614925.15,688500.0,2023-05-12,2023-07-16,2023-07-31,2023-09-28,2023-10-18,51,17.4914,78.2486,True,contractor_collusion
MPLAD-00952,Secunderabad,Telangana,Drinking Water Supply,2.31,unit,CTR-0032,2843459.16,2772000.0,2023-02-26,2023-05-08,2023-05-22,2023-11-15,2023-11-30,152,16.9108,78.1173,False,
MPLAD-00953,Madurai,Tamil Nadu,Road Construction,2.0,km,CTR-0161,1563412.4,1700000.0,2022-09-13,2022-12-06,2023-01-19,2023-08-07,2023-08-06,185,11.3802,78.3543,False,
MPLAD-00954,Nalgonda,Telangana,Drinking Water Supply,2.59,unit,CTR-0098,2879983.79,3108000.0,2024-05-22,2024-08-19,2024-09-03,2025-04-01,2025-02-04,168,17.6585,78.2246,True,payment_timing
MPLAD-00955,Nagpur,Maharashtra,Street Lighting,1.1,unit,CTR-0093,546969.86,495000.0,2024-06-04,2024-08-11,2024-08-19,2024-09-27,2024-10-09,34,19.4423,73.1324,False,
MPLAD-00956,Kota,Rajasthan,Drainage System,1.55,km,CTR-0085,1877015.53,1705000.0,2022-06-20,2022-07-06,2022-07-17,2023-02-21,2023-03-19,185,26.6427,75.795,False,
MPLAD-00957,Varanasi,Uttar Pradesh,Drainage System,2.99,km,CTR-0027,3610921.56,3289000.0,2024-02-09,2024-04-30,2024-05-29,2025-03-11,2025-03-12,312,26.8903,81.1936,False,
MPLAD-00958,Warangal,Telangana,Street Lighting,2.41,unit,CTR-0164,1039179.01,1084500.0,2024-05-13,2024-07-17,2024-07-24,2024-10-14,2024-11-06,79,17.7522,78.5733,False,
MPLAD-00959,Madurai,Tamil Nadu,Health Sub-Centre,2.36,unit,CTR-0161,7397480.08,7552000.0,2023-03-19,2023-06-14,2023-06-30,2024-09-24,2024-10-10,497,10.5988,78.5207,False,
MPLAD-00960,Jaipur Rural,Rajasthan,Drainage System,2.73,km,CTR-0218,2875602.77,3003000.0,2023-12-23,2024-02-07,2024-02-29,2025-01-18,2025-01-16,301,26.7245,75.9991,False,
MPLAD-00961,Madurai,Tamil Nadu,Health Sub-Centre,1.02,unit,CTR-0042,3529176.08,3264000.0,2023-10-22,2023-12-27,2024-01-23,2024-09-14,2024-09-20,194,11.3447,78.4566,False,
MPLAD-00962,Kota,Rajasthan,Street Lighting,2.51,unit,CTR-0190,1287371.44,1129500.0,2023-09-19,2023-10-16,2023-10-26,2024-01-19,2024-02-03,74,27.0218,75.9395,False,
MPLAD-00963,Varanasi,Uttar Pradesh,Community Hall,2.27,unit,CTR-0220,5420636.12,5675000.0,2024-01-11,2024-02-15,2024-03-01,2025-04-04,2025-04-06,388,26.4898,80.7105,False,
MPLAD-00964,Kota,Rajasthan,Drainage System,2.39,km,CTR-0076,2659171.21,2629000.0,2022-06-05,2022-07-15,2022-07-25,2023-03-09,2023-03-29,243,27.2522,75.4458,False,
MPLAD-00965,Gaya,Bihar,Drinking Water Supply,2.8,unit,CTR-0035,2960455.03,3360000.0,2023-08-25,2023-11-20,2023-11-30,2024-06-21,2024-06-30,199,25.5425,84.6408,False,
MPLAD-00966,Varanasi,Uttar Pradesh,Drainage System,1.74,km,CTR-0007,2105350.98,1914000.0,2023-05-18,2023-06-30,2023-08-02,2024-03-28,2024-04-05,207,26.4454,80.6968,False,
MPLAD-00967,Nagpur,Maharashtra,Health Sub-Centre,2.59,unit,CTR-0124,8075477.05,8288000.0,2023-01-29,2023-04-06,2023-04-22,2024-12-26,2025-01-15,496,19.2273,73.2886,False,
MPLAD-00968,Varanasi,Uttar Pradesh,Drainage System,2.49,km,CTR-0181,2627223.26,2739000.0,2024-06-02,2024-08-03,2024-08-31,2025-08-22,2025-09-01,283,26.6202,80.7571,False,
MPLAD-00969,Patna Sahib,Bihar,Community Hall,2.97,unit,CTR-0212,6861209.41,7425000.0,2022-09-21,2022-10-18,2022-11-24,2024-06-04,2024-07-03,472,25.4135,85.4073,False,
MPLAD-00970,Patna Sahib,Bihar,Drainage System,2.26,km,CTR-0184,2841368.49,2486000.0,2023-04-04,2023-06-17,2023-07-09,2024-04-24,2024-04-22,257,25.5602,85.0379,False,
MPLAD-00971,Secunderabad,Telangana,Road Construction,1.62,km,CTR-0058,1439079.66,1377000.0,2024-09-03,2024-10-06,2024-10-15,2025-05-01,2025-04-30,169,17.8547,78.2761,False,
MPLAD-00972,Coimbatore,Tamil Nadu,Road Construction,2.26,km,CTR-0111,2176155.76,1921000.0,2023-03-17,2023-05-28,2023-06-21,2024-03-16,2024-03-30,242,10.8305,78.1699,False,
MPLAD-00973,Secunderabad,Telangana,School Building Repair,1.97,unit,CTR-0175,1965938.25,1773000.0,2022-04-19,2022-06-18,2022-07-30,2023-01-11,2023-01-10,175,17.5139,78.5298,False,
MPLAD-00974,Kanpur,Uttar Pradesh,Drainage System,2.0,km,CTR-0071,2370821.86,2200000.0,2023-01-07,2023-01-25,2023-03-02,2023-10-14,2023-10-30,190,26.3891,81.3461,False,
MPLAD-00975,Madurai,Tamil Nadu,School Building Repair,1.45,unit,CTR-0105,1294980.56,1305000.0,2023-01-10,2023-02-06,2023-03-02,2023-07-09,2023-07-31,124,11.3791,78.0997,False,
MPLAD-00976,Kanpur,Uttar Pradesh,School Building Repair,2.96,unit,CTR-0071,2770299.45,2664000.0,2022-07-12,2022-10-02,2022-10-23,2023-05-12,2023-05-10,222,27.282,80.4591,True,contractor_collusion
MPLAD-00977,Nalgonda,Telangana,Street Lighting,1.32,unit,CTR-0002,559476.22,594000.0,2024-02-07,2024-03-01,2024-03-17,2024-04-28,2024-05-24,44,17.0818,78.2184,False,
MPLAD-00978,Pune,Maharashtra,Health Sub-Centre,2.0,unit,CTR-0040,6542051.22,6400000.0,2022-12-30,2023-03-19,2023-04-02,2024-08-28,2024-09-20,420,18.6303,72.4388,False,
MPLAD-00979,Warangal,Telangana,Health Sub-Centre,2.84,unit,CTR-0080,8018637.55,9088000.0,2024-11-27,2025-01-02,2025-01-13,2026-09-24,2026-09-28,564,17.8973,78.92,False,
MPLAD-00980,Kota,Rajasthan,Drainage System,1.47,km,CTR-0213,1591743.55,1617000.0,2022-05-15,2022-07-12,2022-08-01,2022-12-22,2023-01-01,137,27.3604,75.7908,False,
MPLAD-00981,Patna Sahib,Bihar,Road Construction,2.79,km,CTR-0016,2671109.13,2371500.0,2022-07-22,2022-10-11,2022-10-21,2023-09-19,2023-10-04,286,26.0119,85.163,False,
MPLAD-00982,Gaya,Bihar,Street Lighting,1.87,unit,CTR-0194,766000.31,841500.0,2024-07-06,2024-08-15,2024-09-07,2024-11-16,2024-12-08,55,25.5042,84.9771,False,
MPLAD-00983,Warangal,Telangana,School Building Repair,1.71,unit,CTR-0164,1487662.96,1539000.0,2023-08-12,2023-09-03,2023-10-11,2024-03-24,2024-03-31,134,17.8468,78.3071,False,
MPLAD-00984,Secunderabad,Telangana,Street Lighting,0.62,unit,CTR-0190,239490.51,279000.0,2024-02-28,2024-04-07,2024-05-04,2024-05-30,2024-05-28,21,17.7237,78.6842,False,
MPLAD-00985,Kota,Rajasthan,Street Lighting,0.95,unit,CTR-0218,410933.17,427500.0,2023-03-16,2023-04-12,2023-05-16,2023-06-24,2023-07-03,31,27.1124,75.373,False,
MPLAD-00986,Nagpur,Maharashtra,Community Hall,2.03,unit,CTR-0164,4382618.59,5075000.0,2022-08-27,2022-10-18,2022-10-23,2023-11-15,2023-12-01,308,19.5844,73.3871,False,
MPLAD-00987,Cuttack,Odisha,Drinking Water Supply,1.5,unit,CTR-0215,1614201.66,1800000.0,2023-06-13,2023-08-21,2023-10-01,2024-01-23,2024-02-06,97,20.0049,86.1787,False,
MPLAD-00988,Gaya,Bihar,Drinking Water Supply,0.53,unit,CTR-0177,697734.28,636000.0,2023-01-24,2023-04-11,2023-05-02,2023-06-06,2023-04-13,31,25.1418,85.3671,True,payment_timing
MPLAD-00989,Warangal,Telangana,Community Hall,0.9,unit,CTR-0030,2446553.28,2250000.0,2023-11-02,2023-12-08,2023-12-29,2024-06-04,2024-06-24,124,17.1848,78.2864,False,
MPLAD-00990,Warangal,Telangana,Drinking Water Supply,2.56,unit,CTR-0102,3425918.88,3072000.0,2024-10-16,2024-11-25,2024-12-08,2025-06-26,2025-06-23,181,17.369,78.1093,False,
MPLAD-00991,Gaya,Bihar,Health Sub-Centre,0.71,unit,CTR-0048,2403969.2,2272000.0,2024-06-11,2024-08-12,2024-09-14,2025-01-30,2025-02-22,116,25.697,84.6411,False,
MPLAD-00992,Kanpur,Uttar Pradesh,Health Sub-Centre,1.29,unit,CTR-0186,4213203.59,4128000.0,2023-12-01,2024-01-17,2024-02-02,2024-11-12,2024-11-19,274,27.2016,80.4564,False,
MPLAD-00993,Kota,Rajasthan,Drinking Water Supply,1.06,unit,CTR-0017,1320544.72,1272000.0,2024-06-17,2024-07-05,2024-08-07,2024-10-04,2024-10-14,63,27.0017,75.5878,False,
MPLAD-00994,Patna Sahib,Bihar,Street Lighting,0.78,unit,CTR-0015,633481.06,351000.0,2022-02-05,2022-03-13,2022-04-07,2022-05-02,2022-05-06,24,26.0015,85.2843,True,cost_inflation
MPLAD-00995,Bhubaneswar,Odisha,Road Construction,2.42,km,CTR-0100,1822281.14,2057000.0,2022-03-14,2022-06-09,2022-07-18,2023-01-28,2023-02-22,209,20.7372,85.9448,False,
MPLAD-00996,Gaya,Bihar,Street Lighting,2.78,unit,CTR-0116,1152547.19,1251000.0,2023-05-28,2023-07-26,2023-09-09,2023-12-11,2023-12-15,86,25.5542,85.4794,False,
MPLAD-00997,Pune,Maharashtra,Drinking Water Supply,0.94,unit,CTR-0188,1286158.01,1128000.0,2022-11-25,2023-01-26,2023-02-01,2023-04-13,2023-04-27,67,18.744,72.8599,False,
MPLAD-00998,Bhubaneswar,Odisha,Street Lighting,2.97,unit,CTR-0059,1186153.46,1336500.0,2023-03-03,2023-05-08,2023-06-08,2023-10-06,2023-10-30,96,20.5334,85.7439,False,
MPLAD-00999,Patna Sahib,Bihar,Drinking Water Supply,2.16,unit,CTR-0084,2306709.97,2592000.0,2023-05-19,2023-06-30,2023-07-17,2023-12-17,2024-01-04,136,26.0004,85.1482,False,
MPLAD-01000,Patna Sahib,Bihar,School Building Repair,1.27,unit,CTR-0165,1106251.26,1143000.0,2024-07-15,2024-09-06,2024-10-20,2025-02-01,2025-02-08,98,25.62,85.12,True,geo_clustering
MPLAD-01001,Cuttack,Odisha,School Building Repair,1.58,unit,CTR-0133,1611068.81,1422000.0,2023-02-27,2023-05-02,2023-06-12,2023-10-14,2023-10-26,107,20.7836,85.9806,False,
MPLAD-01002,Gaya,Bihar,Drainage System,2.45,km,CTR-0148,2450679.18,2695000.0,2024-08-17,2024-10-02,2024-10-15,2025-08-12,2025-09-07,250,25.4162,85.533,False,
MPLAD-01003,Pune,Maharashtra,Drainage System,2.19,km,CTR-0010,2616387.62,2409000.0,2022-01-18,2022-02-08,2022-03-06,2022-11-11,2022-11-26,202,19.5316,72.7567,False,
MPLAD-01004,Varanasi,Uttar Pradesh,Community Hall,0.67,unit,CTR-0216,1736923.92,1675000.0,2024-07-03,2024-09-16,2024-10-12,2025-02-05,2025-02-18,99,26.82,80.92,True,geo_clustering
MPLAD-01005,Secunderabad,Telangana,Community Hall,2.78,unit,CTR-0137,21074655.42,6950000.0,2024-08-19,2024-10-08,2024-10-28,2026-05-23,2026-05-27,444,17.8092,78.0971,True,cost_inflation
MPLAD-01006,Gaya,Bihar,School Building Repair,0.93,unit,CTR-0123,716460.48,837000.0,2024-01-13,2024-03-24,2024-05-05,2024-07-29,2024-08-21,76,25.994,85.5703,False,
MPLAD-01007,Patna Sahib,Bihar,Street Lighting,2.97,unit,CTR-0087,1491463.45,1336500.0,2022-10-04,2022-11-26,2022-12-26,2023-04-07,2023-04-09,81,26.0929,85.391,False,
MPLAD-01008,Patna Sahib,Bihar,Drainage System,2.28,km,CTR-0075,2845648.36,2508000.0,2024-10-10,2024-10-27,2024-12-10,2025-08-29,2025-09-19,209,26.0917,84.9652,False,
MPLAD-01009,Varanasi,Uttar Pradesh,Street Lighting,2.76,unit,CTR-0134,3539695.87,1242000.0,2022-12-08,2022-12-29,2023-01-18,2023-04-23,2023-05-04,81,26.7489,80.8329,True,cost_inflation
MPLAD-01010,Pune,Maharashtra,Health Sub-Centre,2.15,unit,CTR-0118,18855778.54,6880000.0,2022-01-22,2022-04-20,2022-04-26,2023-04-19,2023-04-26,351,19.5045,72.78,True,cost_inflation
MPLAD-01011,Gaya,Bihar,Drainage System,1.42,km,CTR-0086,1567896.96,1562000.0,2024-05-19,2024-07-25,2024-08-20,2025-01-28,2025-02-14,170,25.8191,85.1524,False,
MPLAD-01012,Warangal,Telangana,Drinking Water Supply,0.71,unit,CTR-0172,894486.5,852000.0,2024-11-08,2024-12-07,2024-12-13,2024-12-21,2024-12-22,41,17.143,78.1771,True,ghost_project
MPLAD-01013,Warangal,Telangana,Health Sub-Centre,2.31,unit,CTR-0003,7916470.22,7392000.0,2022-05-25,2022-06-28,2022-08-09,2023-11-29,2023-12-23,415,17.531,78.3309,False,
MPLAD-01014,Warangal,Telangana,Street Lighting,0.85,unit,CTR-0164,430465.75,382500.0,2023-01-16,2023-02-11,2023-02-21,2023-03-19,2023-03-28,29,17.1102,78.717,False,
MPLAD-01015,Jaipur Rural,Rajasthan,Community Hall,0.99,unit,CTR-0210,2837287.71,2475000.0,2023-01-17,2023-04-02,2023-04-25,2023-06-11,2023-06-13,160,26.8425,75.8076,True,ghost_project
MPLAD-01016,Cuttack,Odisha,Community Hall,1.94,unit,CTR-0139,4397997.83,4850000.0,2022-06-05,2022-07-14,2022-07-30,2023-07-02,2023-07-11,272,19.9624,85.9353,False,
MPLAD-01017,Gaya,Bihar,Street Lighting,2.1,unit,CTR-0130,865126.21,945000.0,2023-12-08,2024-01-22,2024-02-29,2024-03-12,2024-03-17,61,25.3814,84.7613,True,ghost_project
MPLAD-01018,Nagpur,Maharashtra,Road Construction,2.54,km,CTR-0194,1886934.66,2159000.0,2024-07-02,2024-07-18,2024-07-28,2025-04-18,2025-05-06,257,19.2981,73.0055,False,
MPLAD-01019,Varanasi,Uttar Pradesh,Street Lighting,2.6,unit,CTR-0187,1152726.22,1170000.0,2024-09-10,2024-11-11,2024-12-17,2025-03-15,2025-04-10,87,26.6135,81.3991,False,
MPLAD-01020,Secunderabad,Telangana,Street Lighting,1.38,unit,CTR-0058,614469.22,621000.0,2024-04-05,2024-06-18,2024-07-22,2024-09-05,2024-09-09,42,17.6379,78.3856,False,
MPLAD-01021,Patna Sahib,Bihar,Health Sub-Centre,2.97,unit,CTR-0098,9880908.79,9504000.0,2022-01-29,2022-04-09,2022-04-25,2023-09-29,2023-10-05,544,25.317,84.6164,False,
MPLAD-01022,Patna Sahib,Bihar,Drinking Water Supply,0.55,unit,CTR-0051,638661.92,660000.0,2023-07-23,2023-09-05,2023-09-22,2023-10-27,2023-11-22,32,25.62,85.12,True,geo_clustering
MPLAD-01023,Nalgonda,Telangana,Drainage System,2.9,km,CTR-0091,7117562.29,3190000.0,2024-09-03,2024-10-25,2024-11-08,2025-08-22,2025-09-17,289,17.7036,78.4163,True,cost_inflation
MPLAD-01024,Patna Sahib,Bihar,Community Hall,1.28,unit,CTR-0162,3313740.98,3200000.0,2022-09-23,2022-12-14,2023-01-06,2023-08-09,2023-08-27,208,25.9071,85.4641,False,
MPLAD-01025,Warangal,Telangana,School Building Repair,1.43,unit,CTR-0164,1188973.01,1287000.0,2023-04-24,2023-06-18,2023-08-02,2024-01-08,2024-02-02,126,17.6868,78.555,True,contractor_collusion
MPLAD-01026,Cuttack,Odisha,Community Hall,2.91,unit,CTR-0033,18299132.35,7275000.0,2023-04-14,2023-07-13,2023-08-26,2024-12-02,2024-12-12,467,20.2886,85.7698,True,cost_inflation
MPLAD-01027,Gaya,Bihar,Road Construction,0.87,km,CTR-0193,699934.15,739500.0,2024-08-05,2024-09-23,2024-10-02,2024-12-29,2025-01-05,82,25.62,85.12,True,geo_clustering
MPLAD-01028,Madurai,Tamil Nadu,Health Sub-Centre,1.68,unit,CTR-0016,4929791.98,5376000.0,2023-12-31,2024-03-16,2024-04-25,2025-01-10,2025-01-22,272,11.4567,78.0847,False,
MPLAD-01029,Kanpur,Uttar Pradesh,Street Lighting,0.97,unit,CTR-0166,491984.72,436500.0,2023-08-29,2023-09-20,2023-10-07,2023-11-10,2023-12-07,31,26.5825,81.1907,False,
MPLAD-01030,Bhubaneswar,Odisha,Health Sub-Centre,1.25,unit,CTR-0003,3645088.03,4000000.0,2022-03-01,2022-05-08,2022-05-18,2023-01-05,2023-01-09,222,20.32,85.82,True,geo_clustering
MPLAD-01031,Madurai,Tamil Nadu,School Building Repair,0.77,unit,CTR-0081,645921.47,693000.0,2024-07-17,2024-09-06,2024-09-21,2024-11-23,2024-12-08,56,11.4561,77.7239,False,
MPLAD-01032,Jaipur Rural,Rajasthan,Street Lighting,0.85,unit,CTR-0095,420574.55,382500.0,2022-02-22,2022-05-03,2022-05-28,2022-06-23,2022-07-08,25,27.0131,76.0605,False,
MPLAD-01033,Nagpur,Maharashtra,Drinking Water Supply,1.92,unit,CTR-0194,2568909.04,2304000.0,2022-09-28,2022-12-15,2022-12-24,2023-05-06,2023-05-09,105,18.7516,72.9228,False,
MPLAD-01034,Warangal,Telangana,Community Hall,1.35,unit,CTR-0092,3286549.81,3375000.0,2024-10-05,2024-12-10,2025-01-18,2025-08-15,2025-09-05,227,17.42,78.52,True,geo_clustering
MPLAD-01035,Warangal,Telangana,Health Sub-Centre,0.9,unit,CTR-0115,3107028.16,2880000.0,2023-04-11,2023-05-26,2023-06-03,2024-01-06,2024-02-05,188,16.9242,78.6429,False,
MPLAD-01036,Nalgonda,Telangana,School Building Repair,1.05,unit,CTR-0011,869210.71,945000.0,2022-10-09,2022-12-27,2023-01-21,2023-04-06,2023-04-26,73,16.9193,78.7655,False,
MPLAD-01037,Coimbatore,Tamil Nadu,Drainage System,0.67,km,CTR-0141,670697.51,737000.0,2023-04-16,2023-07-14,2023-08-19,2023-10-13,2023-10-13,61,11.0816,77.9681,False,
MPLAD-01038,Gaya,Bihar,Community Hall,0.88,unit,CTR-0055,1874850.96,2200000.0,2023-07-31,2023-09-18,2023-10-28,2024-03-26,2024-04-14,143,25.2599,84.8016,False,
MPLAD-01039,Kanpur,Uttar Pradesh,Drinking Water Supply,1.15,unit,CTR-0071,1222335.41,1380000.0,2022-03-01,2022-05-12,2022-06-24,2022-09-19,2022-08-16,68,27.07,80.6046,True,payment_timing
MPLAD-01040,Warangal,Telangana,Health Sub-Centre,1.0,unit,CTR-0053,3267398.7,3200000.0,2023-03-15,2023-06-13,2023-07-07,2024-02-02,2024-01-31,202,17.5478,78.2298,False,
MPLAD-01041,Varanasi,Uttar Pradesh,Health Sub-Centre,1.78,unit,CTR-0056,5371159.79,5696000.0,2023-01-06,2023-03-04,2023-03-22,2024-02-23,2024-03-13,308,27.02,80.8579,False,
MPLAD-01042,Secunderabad,Telangana,Health Sub-Centre,1.9,unit,CTR-0123,5688464.68,6080000.0,2023-05-24,2023-06-17,2023-07-31,2024-08-19,2024-08-14,409,17.7527,78.6193,False,
MPLAD-01043,Cuttack,Odisha,Drinking Water Supply,1.26,unit,CTR-0001,1458212.53,1512000.0,2022-11-23,2022-12-20,2022-12-28,2023-03-21,2023-03-28,80,20.7709,86.0418,False,
MPLAD-01044,Gaya,Bihar,Drinking Water Supply,0.56,unit,CTR-0168,726521.45,672000.0,2023-09-11,2023-10-14,2023-11-04,2023-12-15,2023-12-23,38,25.2203,85.2367,False,
MPLAD-01045,Nalgonda,Telangana,Health Sub-Centre,0.94,unit,CTR-0122,2658398.3,3008000.0,2024-07-21,2024-10-18,2024-11-27,2025-06-04,2025-05-31,188,17.6029,78.4797,False,
MPLAD-01046,Kanpur,Uttar Pradesh,Community Hall,2.2,unit,CTR-0071,4724331.89,5500000.0,2024-08-11,2024-10-17,2024-11-02,2026-01-22,2026-01-19,346,26.9566,81.3594,False,
MPLAD-01047,Jaipur Rural,Rajasthan,Drainage System,2.5,km,CTR-0052,2357640.62,2750000.0,2023-01-21,2023-03-07,2023-04-09,2024-02-02,2024-01-30,245,27.2735,76.1354,False,
MPLAD-01048,Jaipur Rural,Rajasthan,Drainage System,1.08,km,CTR-0203,1312189.92,1188000.0,2024-01-16,2024-02-11,2024-03-25,2024-07-05,2024-07-30,98,26.9446,75.6733,False,
MPLAD-01049,Kota,Rajasthan,Drainage System,0.86,km,CTR-0139,1012748.33,946000.0,2022-12-23,2023-03-22,2023-04-21,2023-07-20,2023-08-06,86,27.1673,75.4476,False,
MPLAD-01050,Pune,Maharashtra,School Building Repair,1.52,unit,CTR-0139,1557352.98,1368000.0,2023-06-03,2023-07-05,2023-07-31,2023-12-11,2024-01-04,105,19.0508,72.9392,False,
MPLAD-01051,Patna Sahib,Bihar,Road Construction,2.8,km,CTR-0130,2724657.86,2380000.0,2023-12-01,2024-02-23,2024-04-08,2025-01-23,2025-01-28,236,25.9511,85.1737,False,
MPLAD-01052,Kanpur,Uttar Pradesh,Health Sub-Centre,0.7,unit,CTR-0102,2185551.92,2240000.0,2024-10-23,2025-01-15,2025-01-22,2025-05-30,2025-05-25,116,26.5547,80.9504,False,
MPLAD-01053,Kanpur,Uttar Pradesh,Drainage System,1.34,km,CTR-0202,1304602.62,1474000.0,2024-02-04,2024-04-29,2024-05-29,2024-11-11,2024-12-01,150,26.5191,80.7511,False,
MPLAD-01054,Warangal,Telangana,Health Sub-Centre,2.11,unit,CTR-0164,6054588.31,6752000.0,2023-01-21,2023-02-05,2023-03-14,2024-08-07,2024-09-02,420,17.0444,78.0722,True,contractor_collusion
MPLAD-01055,Varanasi,Uttar Pradesh,School Building Repair,1.02,unit,CTR-0212,956073.67,918000.0,2023-01-27,2023-02-14,2023-02-20,2023-05-13,2023-05-15,90,26.5071,81.2277,False,
MPLAD-01056,Varanasi,Uttar Pradesh,Road Construction,2.88,km,CTR-0116,2390656.23,2448000.0,2024-04-05,2024-04-21,2024-06-03,2025-02-23,2025-03-14,260,26.6749,80.7038,False,
MPLAD-01057,Pune,Maharashtra,School Building Repair,1.98,unit,CTR-0158,1877756.17,1782000.0,2024-10-20,2024-12-14,2025-01-10,2025-06-19,2025-07-14,176,19.4612,72.7838,False,
MPLAD-01058,Gaya,Bihar,Road Construction,1.97,km,CTR-0177,1865712.37,1674500.0,2024-10-01,2024-10-19,2024-11-17,2025-05-27,2025-06-22,209,25.859,84.6868,False,
MPLAD-01059,Warangal,Telangana,Road Construction,2.58,km,CTR-0164,2279381.49,2193000.0,2024-02-17,2024-04-15,2024-05-05,2025-01-05,2025-01-30,215,16.9343,78.3098,False,
MPLAD-01060,Nagpur,Maharashtra,Community Hall,0.74,unit,CTR-0106,1952022.2,1850000.0,2022-02-27,2022-05-17,2022-06-19,2022-10-07,2022-10-13,119,19.0632,73.0971,False,
MPLAD-01061,Pune,Maharashtra,Street Lighting,0.62,unit,CTR-0186,286169.83,279000.0,2024-10-02,2024-11-08,2024-12-11,2024-12-30,2025-01-04,19,18.6398,73.0011,False,
MPLAD-01062,Secunderabad,Telangana,Drainage System,1.0,km,CTR-0020,1095461.66,1100000.0,2022-12-28,2023-03-01,2023-03-08,2023-06-07,2023-06-16,90,17.2401,78.683,False,
MPLAD-01063,Coimbatore,Tamil Nadu,Community Hall,2.87,unit,CTR-0180,6348632.73,7175000.0,2022-09-28,2022-12-24,2022-12-30,2024-03-12,2024-03-30,408,11.2943,78.03,False,
MPLAD-01064,Patna Sahib,Bihar,Drainage System,1.86,km,CTR-0163,1996051.77,2046000.0,2024-06-12,2024-09-06,2024-10-08,2025-03-13,2025-03-13,169,25.3628,85.5487,False,
MPLAD-01065,Kota,Rajasthan,School Building Repair,2.77,unit,CTR-0063,2773861.11,2493000.0,2022-11-28,2022-12-24,2023-02-03,2023-08-10,2023-08-17,193,26.8461,76.2965,False,
MPLAD-01066,Jaipur Rural,Rajasthan,Drinking Water Supply,2.93,unit,CTR-0018,3680825.89,3516000.0,2022-08-26,2022-11-20,2022-11-27,2023-06-01,2023-06-05,188,26.7003,76.0466,False,
MPLAD-01067,Nalgonda,Telangana,Drinking Water Supply,2.47,unit,CTR-0131,2619659.6,2964000.0,2024-12-22,2025-01-07,2025-01-31,2025-08-21,2025-08-24,162,17.2195,78.2437,False,
MPLAD-01068,Kanpur,Uttar Pradesh,Community Hall,1.7,unit,CTR-0123,3738784.94,4250000.0,2022-05-26,2022-06-28,2022-07-11,2023-05-28,2023-06-01,259,27.1612,80.468,False,
MPLAD-01069,Nagpur,Maharashtra,Road Construction,1.12,km,CTR-0043,1024374.97,952000.0,2024-01-11,2024-02-23,2024-03-15,2024-07-15,2024-08-06,115,18.6429,72.7205,False,
MPLAD-01070,Pune,Maharashtra,Community Hall,2.83,unit,CTR-0186,6843172.54,7075000.0,2023-04-06,2023-05-07,2023-06-11,2024-11-16,2024-12-13,458,19.4887,73.046,False,
MPLAD-01071,Kanpur,Uttar Pradesh,Community Hall,1.74,unit,CTR-0074,3795447.31,4350000.0,2024-05-04,2024-05-27,2024-07-06,2025-03-25,2025-03-29,281,27.0729,80.4399,False,
MPLAD-01072,Jaipur Rural,Rajasthan,Drinking Water Supply,2.52,unit,CTR-0167,3402402.89,3024000.0,2023-11-01,2023-12-25,2024-01-29,2024-07-11,2024-07-30,149,27.1574,76.1395,False,
MPLAD-01073,Cuttack,Odisha,Street Lighting,2.01,unit,CTR-0175,948189.74,904500.0,2024-08-19,2024-10-16,2024-10-26,2024-11-09,2024-11-11,64,20.3327,85.9164,True,ghost_project
MPLAD-01074,Varanasi,Uttar Pradesh,Health Sub-Centre,1.78,unit,CTR-0153,5376542.63,5696000.0,2023-05-06,2023-08-01,2023-08-18,2024-09-09,2024-09-23,374,26.4918,80.735,False,
MPLAD-01075,Varanasi,Uttar Pradesh,Drinking Water Supply,1.56,unit,CTR-0154,1961356.81,1872000.0,2022-10-13,2022-12-04,2022-12-21,2023-04-23,2023-05-11,105,27.0126,80.9529,False,
MPLAD-01076,Nagpur,Maharashtra,School Building Repair,0.93,unit,CTR-0134,893395.23,837000.0,2023-05-21,2023-07-01,2023-08-13,2023-11-18,2023-12-04,80,18.7831,73.0475,False,
MPLAD-01077,Gaya,Bihar,Community Hall,2.29,unit,CTR-0124,6467791.13,5725000.0,2023-12-01,2024-01-03,2024-01-24,2025-03-04,2025-03-15,355,25.2244,84.9766,False,
MPLAD-01078,Nalgonda,Telangana,School Building Repair,0.97,unit,CTR-0018,2094143.86,873000.0,2024-07-20,2024-10-13,2024-11-24,2025-03-07,2025-04-03,84,17.4675,78.1992,True,cost_inflation
MPLAD-01079,Nagpur,Maharashtra,School Building Repair,1.69,unit,CTR-0028,1469385.48,1521000.0,2023-01-06,2023-02-05,2023-03-05,2023-07-23,2023-06-09,117,18.641,72.4703,True,payment_timing
MPLAD-01080,Secunderabad,Telangana,Drinking Water Supply,2.22,unit,CTR-0191,2428150.28,2664000.0,2022-05-03,2022-05-19,2022-05-31,2022-11-07,2022-11-19,155,17.1842,78.2407,False,
MPLAD-01081,Nagpur,Maharashtra,Street Lighting,1.17,unit,CTR-0193,534810.66,526500.0,2022-11-07,2022-11-24,2023-01-03,2023-02-17,2023-02-26,40,18.7718,73.3664,False,
MPLAD-01082,Nagpur,Maharashtra,Street Lighting,2.89,unit,CTR-0005,1140998.0,1300500.0,2023-07-07,2023-09-22,2023-10-04,2024-01-02,2024-01-23,96,18.821,72.8595,False,
MPLAD-01083,Cuttack,Odisha,Community Hall,1.2,unit,CTR-0057,2552851.53,3000000.0,2024-06-10,2024-09-07,2024-10-20,2024-12-07,2024-12-10,198,20.0134,85.4004,True,ghost_project
MPLAD-01084,Coimbatore,Tamil Nadu,Community Hall,2.04,unit,CTR-0218,4916648.83,5100000.0,2023-07-11,2023-08-21,2023-09-26,2024-09-09,2024-10-07,325,10.8423,77.6207,False,
MPLAD-01085,Bhubaneswar,Odisha,School Building Repair,2.02,unit,CTR-0114,1748712.96,1818000.0,2024-02-13,2024-03-20,2024-04-19,2024-09-30,2024-10-15,167,20.1533,85.5741,False,
MPLAD-01086,Gaya,Bihar,Community Hall,2.69,unit,CTR-0154,7654371.62,6725000.0,2023-05-15,2023-06-07,2023-07-10,2024-12-18,2024-12-14,445,25.4889,84.9452,False,
MPLAD-01087,Gaya,Bihar,School Building Repair,1.61,unit,CTR-0186,1416022.71,1449000.0,2023-12-15,2024-01-28,2024-02-19,2024-06-26,2024-07-07,123,25.5785,84.7685,False,
MPLAD-01088,Kota,Rajasthan,Drainage System,1.83,km,CTR-0154,1829240.62,2013000.0,2024-02-21,2024-04-22,2024-04-30,2024-11-15,2024-11-15,166,27.1071,75.4588,False,
MPLAD-01089,Nalgonda,Telangana,Street Lighting,0.7,unit,CTR-0065,355824.95,315000.0,2023-08-24,2023-09-26,2023-10-28,2023-11-18,2023-11-24,21,17.1291,78.3116,False,
MPLAD-01090,Bhubaneswar,Odisha,Community Hall,2.05,unit,CTR-0024,5236636.41,5125000.0,2022-12-27,2023-02-16,2023-03-28,2024-04-09,2024-05-01,348,20.6949,85.5362,False,
MPLAD-01091,Nagpur,Maharashtra,Community Hall,0.69,unit,CTR-0183,1866192.79,1725000.0,2023-01-02,2023-03-26,2023-04-07,2023-08-07,2023-09-06,101,19.12,72.92,True,geo_clustering
MPLAD-01092,Kanpur,Uttar Pradesh,Community Hall,2.64,unit,CTR-0084,7127372.27,6600000.0,2022-02-12,2022-05-02,2022-06-08,2023-11-14,2023-12-04,417,26.82,80.92,True,geo_clustering
MPLAD-01093,Kanpur,Uttar Pradesh,Community Hall,1.42,unit,CTR-0214,3851562.69,3550000.0,2024-07-20,2024-08-26,2024-09-07,2024-10-15,2024-10-15,221,26.9401,81.1545,True,ghost_project
MPLAD-01094,Jaipur Rural,Rajasthan,Drinking Water Supply,2.5,unit,CTR-0136,3159772.87,3000000.0,2024-04-07,2024-06-28,2024-08-01,2025-02-12,2025-03-12,152,26.7539,75.9055,False,
MPLAD-01095,Gaya,Bihar,Drainage System,1.13,km,CTR-0193,1405908.86,1243000.0,2024-10-20,2024-11-20,2024-11-27,2025-03-11,2025-03-29,106,25.9419,84.7155,False,
MPLAD-01096,Gaya,Bihar,School Building Repair,1.43,unit,CTR-0077,1215395.89,1287000.0,2022-02-02,2022-03-16,2022-04-17,2022-08-18,2022-08-22,102,25.5499,85.1904,False,
MPLAD-01097,Pune,Maharashtra,Community Hall,1.25,unit,CTR-0204,2885461.04,3125000.0,2023-04-11,2023-06-21,2023-07-12,2024-01-13,2024-02-06,169,19.3129,72.7716,False,
MPLAD-01098,Gaya,Bihar,Community Hall,1.11,unit,CTR-0014,2479909.95,2775000.0,2022-07-27,2022-09-17,2022-10-15,2023-03-30,2023-04-23,181,26.0094,85.487,False,
MPLAD-01099,Nagpur,Maharashtra,Road Construction,1.39,km,CTR-0076,1185952.43,1181500.0,2024-09-08,2024-10-01,2024-10-28,2025-03-11,2025-03-25,130,19.522,72.5659,False,
MPLAD-01100,Coimbatore,Tamil Nadu,Community Hall,0.65,unit,CTR-0070,1629634.52,1625000.0,2024-01-31,2024-02-18,2024-03-22,2024-07-11,2024-08-04,105,10.8469,77.9265,False,
MPLAD-01101,Kota,Rajasthan,Health Sub-Centre,0.81,unit,CTR-0150,2544098.16,2592000.0,2024-11-18,2024-12-07,2025-01-16,2025-07-14,2025-08-10,151,26.4673,76.2681,False,
MPLAD-01102,Patna Sahib,Bihar,School Building Repair,2.29,unit,CTR-0170,3744755.85,2061000.0,2022-10-22,2022-11-24,2022-12-11,2023-06-03,2023-06-22,186,25.3758,84.8202,True,cost_inflation
MPLAD-01103,Kanpur,Uttar Pradesh,Community Hall,1.54,unit,CTR-0050,4226440.05,3850000.0,2023-06-07,2023-07-18,2023-07-23,2024-04-30,2024-05-05,218,27.1588,80.6655,False,
MPLAD-01104,Kanpur,Uttar Pradesh,Road Construction,2.81,km,CTR-0043,2383829.69,2388500.0,2024-07-30,2024-09-26,2024-11-09,2025-08-12,2025-08-30,232,27.1506,81.3557,False,
MPLAD-01105,Kota,Rajasthan,Street Lighting,2.36,unit,CTR-0209,1103903.71,1062000.0,2022-11-15,2023-02-13,2023-03-23,2023-06-11,2023-06-21,69,26.6262,75.3222,False,
MPLAD-01106,Kota,Rajasthan,Drinking Water Supply,1.75,unit,CTR-0077,2241294.38,2100000.0,2023-09-08,2023-10-25,2023-11-05,2024-03-15,2024-04-14,107,26.6236,76.0835,False,
MPLAD-01107,Jaipur Rural,Rajasthan,Community Hall,2.82,unit,CTR-0040,7467462.35,7050000.0,2024-04-25,2024-06-30,2024-07-31,2025-12-13,2025-12-27,444,26.4811,75.4624,False,
MPLAD-01108,Warangal,Telangana,Drainage System,1.59,km,CTR-0015,1914312.42,1749000.0,2024-08-27,2024-09-14,2024-10-10,2025-04-19,2025-04-21,150,17.208,78.4865,False,
MPLAD-01109,Nagpur,Maharashtra,School Building Repair,1.51,unit,CTR-0055,1501470.79,1359000.0,2022-12-04,2023-01-31,2023-02-15,2023-03-14,2023-03-15,111,19.4532,72.5007,True,ghost_project
MPLAD-01110,Gaya,Bihar,Street Lighting,2.74,unit,CTR-0127,1393675.04,1233000.0,2022-11-08,2022-11-29,2022-12-04,2023-03-15,2023-03-12,93,25.2335,85.5837,False,
MPLAD-01111,Cuttack,Odisha,Drainage System,2.25,km,CTR-0212,2598298.24,2475000.0,2022-12-05,2023-01-28,2023-02-23,2023-09-06,2023-09-06,208,20.7882,85.9144,False,
MPLAD-01112,Madurai,Tamil Nadu,Community Hall,2.74,unit,CTR-0044,7516212.34,6850000.0,2023-07-02,2023-09-30,2023-10-23,2025-02-26,2025-03-26,430,11.02,78.12,True,geo_clustering
MPLAD-01113,Nagpur,Maharashtra,School Building Repair,1.15,unit,CTR-0219,1079545.58,1035000.0,2022-07-16,2022-10-02,2022-11-14,2023-02-16,2023-03-01,95,18.632,73.2522,False,
MPLAD-01114,Jaipur Rural,Rajasthan,Drainage System,1.63,km,CTR-0208,2035971.89,1793000.0,2024-04-01,2024-06-08,2024-06-28,2025-01-10,2025-01-24,161,27.0663,75.5105,False,
MPLAD-01115,Secunderabad,Telangana,Drainage System,0.65,km,CTR-0058,795467.88,715000.0,2024-07-08,2024-08-08,2024-08-22,2024-11-02,2024-11-15,61,17.6704,78.6877,False,
MPLAD-01116,Gaya,Bihar,School Building Repair,2.82,unit,CTR-0032,2666120.28,2538000.0,2023-09-12,2023-10-23,2023-11-27,2023-12-21,2023-12-23,232,25.2565,84.7915,True,ghost_project
MPLAD-01117,Secunderabad,Telangana,School Building Repair,2.15,unit,CTR-0119,1875492.73,1935000.0,2023-10-25,2024-01-05,2024-01-18,2024-08-24,2024-09-15,179,17.5584,78.9581,False,
MPLAD-01118,Coimbatore,Tamil Nadu,Health Sub-Centre,2.67,unit,CTR-0007,7683223.93,8544000.0,2022-07-10,2022-09-25,2022-10-21,2024-01-12,2024-01-15,468,10.74,78.2039,False,
MPLAD-01119,Secunderabad,Telangana,Drainage System,0.52,km,CTR-0198,548100.84,572000.0,2024-02-03,2024-04-01,2024-04-06,2024-05-24,2024-06-20,52,17.1017,78.1478,False,
MPLAD-01120,Coimbatore,Tamil Nadu,Health Sub-Centre,1.83,unit,CTR-0071,6540425.34,5856000.0,2023-02-07,2023-04-18,2023-04-25,2024-06-24,2024-07-24,394,10.7902,78.5968,False,
MPLAD-01121,Patna Sahib,Bihar,Drinking Water Supply,1.52,unit,CTR-0005,1893517.78,1824000.0,2024-08-29,2024-11-05,2024-12-09,2025-04-18,2025-04-27,103,26.0231,85.4348,False,
MPLAD-01122,Varanasi,Uttar Pradesh,Drinking Water Supply,2.63,unit,CTR-0167,3455885.9,3156000.0,2023-06-05,2023-08-09,2023-08-30,2024-02-01,2024-02-10,172,26.3405,81.352,False,
MPLAD-01123,Nalgonda,Telangana,School Building Repair,0.62,unit,CTR-0111,487040.1,558000.0,2024-05-03,2024-05-20,2024-06-26,2024-08-29,2024-09-12,52,17.6689,78.6633,False,
MPLAD-01124,Kanpur,Uttar Pradesh,Street Lighting,1.22,unit,CTR-0142,485734.06,549000.0,2024-03-07,2024-06-01,2024-06-27,2024-07-30,2024-08-06,34,26.3142,80.8295,False,
MPLAD-01125,Jaipur Rural,Rajasthan,Community Hall,0.75,unit,CTR-0006,2117483.61,1875000.0,2022-12-13,2023-02-03,2023-02-24,2023-03-31,2023-04-02,125,26.6041,75.4639,True,ghost_project
MPLAD-01126,Coimbatore,Tamil Nadu,Street Lighting,0.69,unit,CTR-0018,278416.22,310500.0,2022-01-07,2022-02-21,2022-03-02,2022-03-23,2022-04-04,18,11.4651,77.7134,False,
MPLAD-01127,Kota,Rajasthan,Road Construction,2.59,km,CTR-0197,2224346.21,2201500.0,2024-09-12,2024-11-01,2024-11-11,2025-07-24,2025-07-24,245,26.7532,75.6879,False,
MPLAD-01128,Coimbatore,Tamil Nadu,Drinking Water Supply,2.78,unit,CTR-0007,3640618.84,3336000.0,2022-06-26,2022-07-19,2022-08-03,2023-01-30,2023-02-04,188,11.0221,78.2895,False,
MPLAD-01129,Pune,Maharashtra,Health Sub-Centre,0.57,unit,CTR-0090,2017438.61,1824000.0,2024-06-04,2024-07-02,2024-08-08,2024-12-26,2025-01-15,116,18.8124,72.5901,False,
MPLAD-01130,Nagpur,Maharashtra,Health Sub-Centre,2.24,unit,CTR-0192,8191885.58,7168000.0,2024-10-09,2025-01-03,2025-02-06,2026-05-28,2026-06-15,452,18.7991,72.442,False,
MPLAD-01131,Nagpur,Maharashtra,Road Construction,0.54,km,CTR-0091,481662.7,459000.0,2023-11-25,2024-02-01,2024-02-06,2024-04-07,2024-05-01,48,18.6852,73.243,False,
MPLAD-01132,Madurai,Tamil Nadu,Street Lighting,1.98,unit,CTR-0030,883897.79,891000.0,2023-11-29,2023-12-29,2024-02-11,2024-04-26,2024-05-11,62,10.746,78.1371,False,
MPLAD-01133,Bhubaneswar,Odisha,Road Construction,0.64,km,CTR-0028,511393.48,544000.0,2022-10-08,2022-11-25,2022-12-24,2023-01-06,2023-01-06,67,20.1399,85.712,True,ghost_project
MPLAD-01134,Varanasi,Uttar Pradesh,School Building Repair,1.25,unit,CTR-0190,963922.13,1125000.0,2023-11-03,2023-12-11,2023-12-21,2024-05-07,2024-06-04,111,26.9029,81.2516,False,
MPLAD-01135,Varanasi,Uttar Pradesh,Road Construction,1.33,km,CTR-0197,1262228.7,1130500.0,2023-03-11,2023-06-08,2023-06-18,2023-10-08,2023-10-20,113,26.6115,81.1606,False,
MPLAD-01136,Warangal,Telangana,Health Sub-Centre,2.84,unit,CTR-0141,10097587.06,9088000.0,2023-09-02,2023-09-29,2023-10-29,2024-01-27,2024-02-01,543,17.2119,78.878,True,ghost_project
MPLAD-01137,Secunderabad,Telangana,Road Construction,2.87,km,CTR-0058,2504125.47,2439500.0,2024-09-03,2024-09-23,2024-10-28,2025-08-17,2025-09-06,240,17.442,78.2643,False,
MPLAD-01138,Kanpur,Uttar Pradesh,Health Sub-Centre,0.92,unit,CTR-0071,3075142.62,2944000.0,2022-08-01,2022-08-18,2022-09-22,2023-03-14,2023-03-17,176,26.4694,81.3573,False,
MPLAD-01139,Nalgonda,Telangana,School Building Repair,1.81,unit,CTR-0175,1518218.75,1629000.0,2023-01-20,2023-04-08,2023-05-18,2023-10-17,2023-11-08,153,17.111,78.6669,False,
MPLAD-01140,Varanasi,Uttar Pradesh,Street Lighting,0.84,unit,CTR-0089,431720.02,378000.0,2023-08-13,2023-10-01,2023-10-21,2023-11-18,2023-11-20,25,27.0069,80.655,False,
MPLAD-01141,Warangal,Telangana,Road Construction,2.37,km,CTR-0049,2130112.13,2014500.0,2022-09-03,2022-10-19,2022-11-01,2023-07-29,2023-08-07,228,17.8981,78.7449,False,
MPLAD-01142,Gaya,Bihar,Drainage System,2.91,km,CTR-0035,2986420.07,3201000.0,2022-01-06,2022-02-16,2022-02-28,2023-01-27,2023-01-22,271,25.5134,84.9414,False,
MPLAD-01143,Coimbatore,Tamil Nadu,Community Hall,2.67,unit,CTR-0032,6324786.0,6675000.0,2024-11-28,2025-01-17,2025-02-19,2026-06-10,2026-06-14,409,10.7068,77.9532,False,
MPLAD-01144,Pune,Maharashtra,Health Sub-Centre,1.72,unit,CTR-0063,6245624.94,5504000.0,2023-06-01,2023-06-16,2023-07-18,2024-06-27,2024-06-25,318,19.3814,73.2337,False,
MPLAD-01145,Varanasi,Uttar Pradesh,Street Lighting,1.53,unit,CTR-0053,767258.88,688500.0,2023-07-27,2023-09-02,2023-10-04,2023-11-23,2023-12-18,42,27.0857,80.9296,False,
MPLAD-01146,Varanasi,Uttar Pradesh,Drinking Water Supply,1.06,unit,CTR-0165,1157872.6,1272000.0,2024-09-03,2024-11-06,2024-11-28,2025-02-06,2025-02-15,73,26.7381,80.5335,False,
MPLAD-01147,Jaipur Rural,Rajasthan,Drainage System,1.05,km,CTR-0099,1310410.57,1155000.0,2022-10-24,2022-11-22,2022-12-14,2023-04-23,2023-05-21,110,26.6548,75.3988,False,
MPLAD-01148,Madurai,Tamil Nadu,Street Lighting,2.37,unit,CTR-0080,913019.84,1066500.0,2022-08-08,2022-09-22,2022-10-15,2022-12-29,2023-01-08,75,11.2577,78.2684,False,
MPLAD-01149,Nagpur,Maharashtra,Street Lighting,2.81,unit,CTR-0205,1424520.26,1264500.0,2024-12-18,2025-01-02,2025-01-16,2025-05-12,2025-05-27,91,19.3685,73.1697,False,
MPLAD-01150,Nalgonda,Telangana,Drinking Water Supply,0.98,unit,CTR-0124,1037866.89,1176000.0,2024-05-20,2024-07-06,2024-07-28,2024-09-30,2024-10-20,57,17.5698,78.9607,False,
MPLAD-01151,Warangal,Telangana,Drinking Water Supply,0.99,unit,CTR-0160,1097076.68,1188000.0,2023-11-20,2024-01-19,2024-02-23,2024-04-26,2024-05-25,53,17.2334,78.2276,False,
MPLAD-01152,Coimbatore,Tamil Nadu,Road Construction,1.91,km,CTR-0007,1446698.77,1623500.0,2022-03-31,2022-05-11,2022-06-14,2022-12-16,2022-12-15,174,10.6026,78.5898,False,
MPLAD-01153,Coimbatore,Tamil Nadu,Community Hall,1.43,unit,CTR-0007,3078020.52,3575000.0,2024-04-17,2024-05-17,2024-06-08,2025-01-17,2025-02-09,193,11.3931,77.6935,False,
MPLAD-01154,Madurai,Tamil Nadu,Road Construction,2.48,km,CTR-0065,2131329.92,2108000.0,2023-05-09,2023-05-29,2023-07-03,2024-04-12,2024-05-11,242,10.667,78.3573,False,
MPLAD-01155,Jaipur Rural,Rajasthan,Health Sub-Centre,2.98,unit,CTR-0210,10382002.32,9536000.0,2022-07-24,2022-08-19,2022-09-25,2024-09-02,2024-09-14,625,26.4001,75.9964,False,
MPLAD-01156,Jaipur Rural,Rajasthan,Health Sub-Centre,2.24,unit,CTR-0143,6150644.41,7168000.0,2022-02-13,2022-04-04,2022-04-21,2023-04-18,2023-04-23,374,26.6342,75.3452,False,
MPLAD-01157,Kanpur,Uttar Pradesh,Health Sub-Centre,1.24,unit,CTR-0071,3445741.95,3968000.0,2022-10-03,2022-10-22,2022-11-03,2023-08-03,2023-08-11,230,26.6666,81.1566,False,
MPLAD-01158,Secunderabad,Telangana,School Building Repair,2.75,unit,CTR-0214,2455494.56,2475000.0,2024-02-07,2024-02-26,2024-04-05,2024-10-01,2024-10-22,185,17.0085,78.7644,False,
MPLAD-01159,Gaya,Bihar,Community Hall,1.59,unit,CTR-0028,4213127.39,3975000.0,2024-12-01,2025-02-25,2025-04-04,2026-01-18,2026-02-03,226,25.9864,84.7574,False,
MPLAD-01160,Pune,Maharashtra,Street Lighting,1.04,unit,CTR-0146,460847.82,468000.0,2024-06-30,2024-08-19,2024-09-13,2024-10-12,2024-10-20,29,19.5262,73.1983,False,
MPLAD-01161,Gaya,Bihar,Community Hall,1.44,unit,CTR-0076,3638283.55,3600000.0,2022-08-25,2022-09-25,2022-10-03,2023-06-11,2023-07-10,254,26.0496,84.7132,False,
MPLAD-01162,Nagpur,Maharashtra,Drainage System,2.34,km,CTR-0183,2292315.45,2574000.0,2023-04-20,2023-05-21,2023-06-10,2023-07-31,2023-07-31,246,19.4583,72.9437,True,ghost_project
MPLAD-01163,Kota,Rajasthan,Drinking Water Supply,0.73,unit,CTR-0138,813227.64,876000.0,2023-01-01,2023-01-21,2023-02-22,2023-04-12,2023-04-20,45,26.5397,76.09,False,
MPLAD-01164,Kota,Rajasthan,Road Construction,2.06,km,CTR-0038,3180063.7,1751000.0,2022-06-14,2022-08-09,2022-09-12,2023-03-29,2023-04-10,206,27.3928,75.6377,True,cost_inflation
MPLAD-01165,Madurai,Tamil Nadu,Road Construction,2.23,km,CTR-0171,2101855.0,1895500.0,2022-06-21,2022-08-16,2022-08-31,2023-05-26,2023-05-26,223,10.5826,77.7904,False,
MPLAD-01166,Jaipur Rural,Rajasthan,Road Construction,2.74,km,CTR-0201,2432091.59,2329000.0,2022-02-22,2022-03-28,2022-04-24,2022-12-10,2022-12-12,225,27.1947,75.804,False,
MPLAD-01167,Varanasi,Uttar Pradesh,Drinking Water Supply,0.71,unit,CTR-0041,931942.96,852000.0,2024-09-03,2024-10-24,2024-11-29,2025-01-17,2025-01-16,45,26.4506,81.2244,False,
MPLAD-01168,Madurai,Tamil Nadu,Street Lighting,1.29,unit,CTR-0011,575079.47,580500.0,2024-08-15,2024-09-02,2024-09-09,2024-10-23,2024-10-18,39,11.162,78.4858,False,
MPLAD-01169,Patna Sahib,Bihar,Drainage System,1.4,km,CTR-0023,1547341.51,1540000.0,2024-04-09,2024-06-11,2024-07-22,2024-12-09,2024-12-30,148,25.2493,84.8694,False,
MPLAD-01170,Patna Sahib,Bihar,Drinking Water Supply,0.62,unit,CTR-0170,701620.21,744000.0,2024-02-08,2024-02-28,2024-04-08,2024-05-19,2024-06-13,35,25.153,84.8079,False,
MPLAD-01171,Nagpur,Maharashtra,Health Sub-Centre,1.65,unit,CTR-0143,5050442.08,5280000.0,2024-12-12,2025-01-19,2025-02-01,2025-12-27,2026-01-08,356,19.402,73.3281,False,
MPLAD-01172,Bhubaneswar,Odisha,Drinking Water Supply,0.81,unit,CTR-0136,988269.37,972000.0,2022-01-11,2022-02-28,2022-04-14,2022-06-12,2022-06-18,50,20.3475,85.7736,False,
MPLAD-01173,Kota,Rajasthan,Community Hall,1.45,unit,CTR-0050,3911939.94,3625000.0,2022-05-12,2022-07-17,2022-08-08,2023-03-24,2023-03-23,229,26.5415,75.7001,False,
MPLAD-01174,Secunderabad,Telangana,Drainage System,2.17,km,CTR-0166,2552098.13,2387000.0,2022-11-21,2022-12-08,2022-12-28,2023-09-30,2023-10-03,221,17.2683,78.7252,False,
MPLAD-01175,Warangal,Telangana,Community Hall,2.45,unit,CTR-0164,5357234.21,6125000.0,2024-03-10,2024-05-01,2024-06-15,2025-09-07,2025-09-24,426,17.8461,78.3737,False,
MPLAD-01176,Gaya,Bihar,Community Hall,1.07,unit,CTR-0202,2816040.1,2675000.0,2023-01-18,2023-03-11,2023-03-28,2023-10-19,2023-10-15,160,25.7687,85.0698,False,
MPLAD-01177,Varanasi,Uttar Pradesh,Health Sub-Centre,1.78,unit,CTR-0075,6481999.64,5696000.0,2022-02-16,2022-03-31,2022-04-11,2023-03-31,2023-04-30,338,26.9974,80.9187,False,
MPLAD-01178,Patna Sahib,Bihar,Drinking Water Supply,2.93,unit,CTR-0186,3479802.11,3516000.0,2022-05-07,2022-07-04,2022-07-11,2023-01-31,2023-01-29,201,26.0931,84.8914,False,
MPLAD-01179,Kanpur,Uttar Pradesh,Community Hall,1.39,unit,CTR-0211,3817487.91,3475000.0,2023-10-08,2023-11-07,2023-12-07,2024-08-04,2024-08-08,203,27.1059,80.4901,False,
MPLAD-01180,Kota,Rajasthan,School Building Repair,2.3,unit,CTR-0120,2248458.68,2070000.0,2023-02-11,2023-03-28,2023-05-09,2023-10-26,2023-11-02,182,26.8926,75.4347,False,
MPLAD-01181,Nalgonda,Telangana,Community Hall,2.64,unit,CTR-0105,7042254.41,6600000.0,2024-10-31,2025-01-17,2025-02-11,2026-10-12,2026-10-13,469,17.3617,78.5007,False,
MPLAD-01182,Coimbatore,Tamil Nadu,Street Lighting,0.53,unit,CTR-0003,215949.5,238500.0,2022-03-02,2022-05-31,2022-06-11,2022-06-28,2022-07-19,17,10.612,77.7279,False,
MPLAD-01183,Kanpur,Uttar Pradesh,Road Construction,1.68,km,CTR-0086,1514896.06,1428000.0,2023-08-04,2023-09-03,2023-10-04,2024-04-07,2024-04-15,147,26.6918,81.0097,False,
MPLAD-01184,Warangal,Telangana,Road Construction,0.68,km,CTR-0164,512658.31,578000.0,2023-08-11,2023-09-08,2023-10-17,2023-12-21,2023-12-30,64,17.297,78.4773,False,
MPLAD-01185,Gaya,Bihar,Health Sub-Centre,0.93,unit,CTR-0050,3175053.38,2976000.0,2024-11-01,2024-12-04,2024-12-13,2025-02-07,2025-02-12,197,25.4352,85.0183,True,ghost_project
MPLAD-01186,Bhubaneswar,Odisha,Drainage System,1.23,km,CTR-0188,1360988.21,1353000.0,2022-03-29,2022-05-29,2022-07-13,2022-11-03,2022-11-19,125,20.0376,86.2356,False,
MPLAD-01187,Coimbatore,Tamil Nadu,Health Sub-Centre,2.23,unit,CTR-0007,6315030.27,7136000.0,2022-02-06,2022-02-26,2022-03-15,2023-06-27,2023-06-25,376,11.0203,77.8032,False,
MPLAD-01188,Bhubaneswar,Odisha,Road Construction,0.57,km,CTR-0196,1163628.89,484500.0,2023-10-19,2023-11-30,2023-12-11,2024-02-15,2024-02-23,52,20.054,85.6405,True,cost_inflation
MPLAD-01189,Secunderabad,Telangana,Street Lighting,1.71,unit,CTR-0028,849704.61,769500.0,2022-10-20,2022-11-30,2023-01-07,2023-03-12,2023-03-25,52,17.6497,78.0403,False,
MPLAD-01190,Nalgonda,Telangana,Street Lighting,1.82,unit,CTR-0204,806083.55,819000.0,2023-09-04,2023-10-19,2023-11-23,2024-01-25,2024-02-24,51,17.6367,78.5286,False,
MPLAD-01191,Kanpur,Uttar Pradesh,Community Hall,2.31,unit,CTR-0158,5001266.09,5775000.0,2024-07-13,2024-07-30,2024-09-11,2025-12-21,2026-01-17,380,26.6682,80.9645,False,
MPLAD-01192,Varanasi,Uttar Pradesh,Health Sub-Centre,1.94,unit,CTR-0074,7018072.47,6208000.0,2024-07-16,2024-09-01,2024-10-13,2026-01-30,2026-02-19,388,27.0562,81.1062,False,
MPLAD-01193,Gaya,Bihar,Drainage System,2.06,km,CTR-0197,2475426.03,2266000.0,2023-08-31,2023-11-24,2024-01-06,2024-10-19,2024-11-12,239,25.62,85.12,True,geo_clustering
MPLAD-01194,Patna Sahib,Bihar,Health Sub-Centre,1.46,unit,CTR-0149,5305432.3,4672000.0,2023-11-08,2024-02-03,2024-02-14,2024-10-30,2024-11-26,255,25.9873,85.1695,False,
MPLAD-01195,Kanpur,Uttar Pradesh,Health Sub-Centre,0.77,unit,CTR-0049,2714726.57,2464000.0,2023-04-02,2023-05-24,2023-06-07,2023-12-14,2024-01-05,157,26.7042,80.9598,False,
MPLAD-01196,Nagpur,Maharashtra,School Building Repair,0.56,unit,CTR-0180,512755.77,504000.0,2022-08-30,2022-11-11,2022-12-12,2023-01-31,2023-01-27,39,19.2419,72.5739,False,
MPLAD-01197,Coimbatore,Tamil Nadu,Street Lighting,2.02,unit,CTR-0007,861489.68,909000.0,2024-01-11,2024-02-26,2024-04-04,2024-06-05,2024-07-05,65,11.257,78.436,False,
MPLAD-01198,Gaya,Bihar,Drinking Water Supply,0.79,unit,CTR-0170,846314.57,948000.0,2024-06-08,2024-08-05,2024-08-11,2024-10-08,2024-10-12,52,25.5062,85.3631,False,
MPLAD-01199,Gaya,Bihar,Community Hall,1.17,unit,CTR-0170,3173859.74,2925000.0,2024-02-14,2024-04-13,2024-05-14,2024-12-03,2024-12-11,177,25.1149,85.0819,False,
MPLAD-01200,Bhubaneswar,Odisha,Drainage System,2.71,km,CTR-0176,3219322.91,2981000.0,2023-10-05,2024-01-01,2024-01-27,2025-03-01,2025-03-03,309,20.0519,85.492,False,
MPLAD-01201,Secunderabad,Telangana,Street Lighting,2.49,unit,CTR-0058,1056881.16,1120500.0,2022-03-25,2022-04-12,2022-04-27,2022-07-20,2022-07-29,77,16.901,78.6677,False,
MPLAD-01202,Warangal,Telangana,School Building Repair,2.58,unit,CTR-0030,7252722.71,2322000.0,2022-06-03,2022-06-28,2022-07-15,2023-03-19,2023-04-04,202,17.7236,78.8233,True,cost_inflation
MPLAD-01203,Kota,Rajasthan,School Building Repair,2.03,unit,CTR-0015,1706005.32,1827000.0,2022-05-30,2022-07-25,2022-08-02,2023-01-11,2023-01-17,150,27.2629,75.8218,False,
MPLAD-01204,Pune,Maharashtra,School Building Repair,2.07,unit,CTR-0106,1611662.21,1863000.0,2023-07-28,2023-09-15,2023-09-21,2024-04-04,2024-04-27,156,19.0427,72.6815,False,
MPLAD-01205,Jaipur Rural,Rajasthan,Drainage System,2.32,km,CTR-0036,2753327.04,2552000.0,2022-09-24,2022-10-26,2022-11-22,2023-06-24,2023-06-24,236,27.1459,75.7921,False,
MPLAD-01206,Cuttack,Odisha,School Building Repair,2.81,unit,CTR-0099,2894680.09,2529000.0,2022-05-17,2022-07-04,2022-07-10,2023-03-04,2023-04-01,224,20.4746,85.5628,False,
MPLAD-01207,Kanpur,Uttar Pradesh,Community Hall,2.84,unit,CTR-0023,8067431.62,7100000.0,2022-12-17,2023-01-26,2023-02-22,2023-04-06,2023-04-07,423,26.4087,80.9447,True,ghost_project
MPLAD-01208,Warangal,Telangana,Drainage System,0.91,km,CTR-0164,964912.81,1001000.0,2024-05-14,2024-06-28,2024-08-04,2024-11-24,2024-12-09,87,17.0324,78.4957,True,contractor_collusion
MPLAD-01209,Kanpur,Uttar Pradesh,Road Construction,0.69,km,CTR-0071,616037.81,586500.0,2023-06-26,2023-09-24,2023-10-02,2023-12-13,2023-12-18,61,27.1646,80.723,True,contractor_collusion
MPLAD-01210,Nalgonda,Telangana,Street Lighting,0.74,unit,CTR-0210,310561.64,333000.0,2023-04-30,2023-07-11,2023-07-29,2023-08-28,2023-08-29,26,17.2984,78.5342,False,
MPLAD-01211,Coimbatore,Tamil Nadu,School Building Repair,1.78,unit,CTR-0171,1801530.96,1602000.0,2022-11-27,2022-12-23,2023-01-28,2023-06-30,2023-07-29,122,11.3273,77.7023,False,
MPLAD-01212,Cuttack,Odisha,Street Lighting,0.93,unit,CTR-0108,424291.0,418500.0,2024-10-03,2024-12-13,2025-01-01,2025-02-06,2025-02-15,30,20.6747,85.8394,False,
MPLAD-01213,Kota,Rajasthan,Health Sub-Centre,1.86,unit,CTR-0046,6837505.94,5952000.0,2023-11-25,2024-01-08,2024-02-18,2025-04-02,2025-03-29,341,26.8928,76.0028,False,
MPLAD-01214,Gaya,Bihar,Drainage System,2.2,km,CTR-0104,2778983.54,2420000.0,2022-05-06,2022-07-11,2022-08-16,2023-03-29,2023-04-18,227,25.6183,85.4076,False,
MPLAD-01215,Patna Sahib,Bihar,Road Construction,0.51,km,CTR-0196,438782.72,433500.0,2022-12-17,2023-01-24,2023-02-12,2023-03-31,2023-04-15,41,25.7739,84.6862,False,
MPLAD-01216,Pune,Maharashtra,Health Sub-Centre,0.54,unit,CTR-0094,1642490.45,1728000.0,2022-08-03,2022-09-20,2022-10-20,2023-02-27,2023-02-26,116,19.1228,73.1701,False,
MPLAD-01217,Secunderabad,Telangana,Street Lighting,1.49,unit,CTR-0058,661795.38,670500.0,2022-03-22,2022-06-16,2022-07-28,2022-09-18,2022-09-30,47,17.1352,78.6234,False,
MPLAD-01218,Nalgonda,Telangana,Health Sub-Centre,0.82,unit,CTR-0041,2953510.91,2624000.0,2022-03-11,2022-04-24,2022-06-02,2022-11-30,2022-10-13,169,17.4074,78.2919,True,payment_timing
MPLAD-01219,Bhubaneswar,Odisha,Drinking Water Supply,2.02,unit,CTR-0189,2462934.92,2424000.0,2022-06-22,2022-08-12,2022-09-08,2023-01-05,2023-02-03,111,20.3075,86.2624,False,
MPLAD-01220,Coimbatore,Tamil Nadu,Road Construction,1.39,km,CTR-0024,3144935.63,1181500.0,2024-04-02,2024-06-13,2024-07-12,2024-12-18,2025-01-16,146,11.2691,78.2567,True,cost_inflation
MPLAD-01221,Gaya,Bihar,Drinking Water Supply,0.69,unit,CTR-0200,856323.61,828000.0,2024-08-02,2024-10-19,2024-12-02,2025-01-21,2025-02-09,45,25.642,85.457,False,
MPLAD-01222,Kota,Rajasthan,School Building Repair,2.3,unit,CTR-0128,1855081.42,2070000.0,2023-10-18,2024-01-07,2024-02-17,2024-08-27,2024-08-24,197,27.1905,75.8321,False,
MPLAD-01223,Gaya,Bihar,Road Construction,0.97,km,CTR-0165,855468.26,824500.0,2022-04-17,2022-06-05,2022-06-11,2022-09-16,2022-10-04,84,25.8556,84.9902,False,
MPLAD-01224,Pune,Maharashtra,Drinking Water Supply,1.92,unit,CTR-0117,1979574.32,2304000.0,2023-07-27,2023-10-19,2023-11-04,2024-03-12,2024-03-28,107,19.4525,72.6683,False,
MPLAD-01225,Gaya,Bihar,Street Lighting,1.98,unit,CTR-0118,809769.47,891000.0,2023-08-26,2023-10-03,2023-11-17,2024-01-14,2024-01-17,59,25.7835,85.3394,False,
MPLAD-01226,Gaya,Bihar,Health Sub-Centre,2.67,unit,CTR-0213,9482880.0,8544000.0,2022-07-31,2022-09-27,2022-10-27,2024-01-14,2024-01-14,460,25.7845,85.516,False,
MPLAD-01227,Patna Sahib,Bihar,Health Sub-Centre,2.97,unit,CTR-0185,9456393.06,9504000.0,2023-12-05,2024-02-07,2024-02-22,2026-05-09,2026-05-14,627,25.5037,85.1891,False,
MPLAD-01228,Patna Sahib,Bihar,Community Hall,2.02,unit,CTR-0136,5332452.78,5050000.0,2024-10-30,2024-11-27,2025-01-06,2025-12-04,2025-12-22,281,25.4658,85.5516,False,
MPLAD-01229,Gaya,Bihar,Drinking Water Supply,1.9,unit,CTR-0218,1948692.57,2280000.0,2024-09-25,2024-11-15,2024-12-06,2025-03-27,2025-04-03,113,25.4066,85.2232,False,
MPLAD-01230,Bhubaneswar,Odisha,Street Lighting,0.69,unit,CTR-0148,923423.26,310500.0,2024-09-18,2024-10-24,2024-11-01,2024-11-23,2024-12-09,23,20.382,85.5691,True,cost_inflation
MPLAD-01231,Gaya,Bihar,Community Hall,0.72,unit,CTR-0079,1688570.99,1800000.0,2023-11-03,2023-12-13,2023-12-24,2024-03-31,2024-04-06,100,25.4661,85.4861,False,
MPLAD-01232,Coimbatore,Tamil Nadu,School Building Repair,0.74,unit,CTR-0135,725700.99,666000.0,2023-10-12,2023-11-01,2023-11-07,2024-01-17,2024-01-29,56,11.4527,77.7497,False,
MPLAD-01233,Warangal,Telangana,Health Sub-Centre,2.42,unit,CTR-0164,6784836.75,7744000.0,2022-12-30,2023-03-13,2023-04-11,2024-10-25,2024-10-27,492,17.5961,78.5237,False,
MPLAD-01234,Secunderabad,Telangana,Health Sub-Centre,1.18,unit,CTR-0002,3356610.13,3776000.0,2024-12-14,2025-03-10,2025-04-06,2025-12-20,2025-12-23,244,17.8352,78.5574,False,
MPLAD-01235,Gaya,Bihar,Health Sub-Centre,0.65,unit,CTR-0107,1970460.03,2080000.0,2024-11-03,2025-01-10,2025-02-12,2025-07-09,2025-07-21,132,25.3987,84.7676,False,
MPLAD-01236,Kota,Rajasthan,Drinking Water Supply,2.96,unit,CTR-0087,3970962.98,3552000.0,2023-11-27,2024-02-25,2024-03-28,2024-11-06,2024-11-21,174,27.1876,76.1416,False,
MPLAD-01237,Secunderabad,Telangana,Street Lighting,2.04,unit,CTR-0058,812978.35,918000.0,2024-05-26,2024-07-22,2024-07-28,2024-09-19,2024-09-14,56,17.7825,78.0429,True,contractor_collusion
MPLAD-01238,Nagpur,Maharashtra,Community Hall,2.7,unit,CTR-0166,5884815.04,6750000.0,2022-08-26,2022-10-21,2022-11-15,2023-11-14,2023-11-09,393,18.924,72.8805,False,
MPLAD-01239,Pune,Maharashtra,Drainage System,1.89,km,CTR-0109,1880756.35,2079000.0,2023-09-14,2023-11-04,2023-12-12,2024-06-23,2024-07-12,175,18.9858,73.02,False,
MPLAD-01240,Jaipur Rural,Rajasthan,Community Hall,2.23,unit,CTR-0218,6305302.35,5575000.0,2024-06-22,2024-08-13,2024-09-13,2025-08-07,2025-08-02,342,26.5297,76.146,False,
MPLAD-01241,Secunderabad,Telangana,Drainage System,1.02,km,CTR-0074,1276395.59,1122000.0,2022-12-21,2023-03-15,2023-03-26,2023-07-31,2023-08-07,107,17.7363,78.1263,False,
MPLAD-01242,Pune,Maharashtra,Health Sub-Centre,2.07,unit,CTR-0002,6870547.65,6624000.0,2022-01-17,2022-02-12,2022-03-22,2023-02-25,2023-03-08,341,19.0895,72.604,False,
MPLAD-01243,Nalgonda,Telangana,Drinking Water Supply,0.91,unit,CTR-0137,1082716.06,1092000.0,2022-06-28,2022-09-09,2022-09-25,2022-12-03,2022-12-20,57,17.3801,78.3208,False,
MPLAD-01244,Kota,Rajasthan,Drinking Water Supply,1.16,unit,CTR-0161,1239854.39,1392000.0,2022-03-08,2022-05-03,2022-05-17,2022-07-30,2022-08-26,65,27.2167,76.1549,False,
MPLAD-01245,Cuttack,Odisha,School Building Repair,1.88,unit,CTR-0169,1808522.76,1692000.0,2023-01-08,2023-03-20,2023-04-01,2023-09-13,2023-09-19,143,19.8633,85.9875,False,
MPLAD-01246,Coimbatore,Tamil Nadu,Health Sub-Centre,2.14,unit,CTR-0145,7806624.59,6848000.0,2022-03-01,2022-04-26,2022-05-12,2023-07-27,2023-08-04,456,11.241,78.4816,False,
MPLAD-01247,Gaya,Bihar,Drainage System,1.32,km,CTR-0205,1606144.67,1452000.0,2023-09-13,2023-10-28,2023-12-07,2024-04-20,2024-04-30,121,25.9967,84.9251,False,
MPLAD-01248,Madurai,Tamil Nadu,Community Hall,2.64,unit,CTR-0148,6679523.84,6600000.0,2023-09-23,2023-11-11,2023-12-12,2024-12-19,2025-01-12,394,11.2371,78.4825,False,
MPLAD-01249,Gaya,Bihar,Health Sub-Centre,1.12,unit,CTR-0075,3067431.25,3584000.0,2023-06-04,2023-08-31,2023-10-06,2024-05-21,2024-05-23,200,25.2805,85.0468,False,
MPLAD-01250,Nagpur,Maharashtra,Health Sub-Centre,0.51,unit,CTR-0113,1666782.76,1632000.0,2022-11-28,2022-12-20,2023-01-15,2023-04-17,2023-05-11,93,19.3597,73.3107,False,
MPLAD-01251,Jaipur Rural,Rajasthan,Community Hall,2.74,unit,CTR-0182,6494231.76,6850000.0,2024-11-28,2025-01-13,2025-01-26,2026-03-25,2026-03-26,441,26.5347,75.6643,False,
MPLAD-01252,Bhubaneswar,Odisha,Drainage System,1.87,km,CTR-0014,1855372.65,2057000.0,2023-06-28,2023-09-21,2023-10-27,2024-06-30,2024-07-24,217,20.3186,85.8059,False,
MPLAD-01253,Pune,Maharashtra,Drinking Water Supply,2.23,unit,CTR-0054,2854257.31,2676000.0,2024-11-19,2025-01-18,2025-02-03,2025-07-06,2025-08-04,154,18.9943,72.4609,False,
MPLAD-01254,Madurai,Tamil Nadu,Health Sub-Centre,2.42,unit,CTR-0209,7051675.23,7744000.0,2023-09-11,2023-10-26,2023-11-24,2025-04-01,2025-04-16,427,10.6095,77.6664,False,
MPLAD-01255,Kanpur,Uttar Pradesh,Community Hall,2.75,unit,CTR-0147,7633159.5,6875000.0,2022-11-02,2023-01-29,2023-02-13,2024-05-09,2024-05-26,373,26.964,80.4925,False,
MPLAD-01256,Pune,Maharashtra,Drinking Water Supply,1.78,unit,CTR-0189,1851926.08,2136000.0,2022-01-11,2022-04-09,2022-05-10,2022-06-14,2022-06-15,121,18.8104,72.9935,True,ghost_project
MPLAD-01257,Nalgonda,Telangana,School Building Repair,0.88,unit,CTR-0163,709264.68,792000.0,2022-08-30,2022-11-11,2022-12-12,2023-02-18,2023-02-21,63,16.9535,78.6058,False,
MPLAD-01258,Warangal,Telangana,Road Construction,1.51,km,CTR-0164,1140839.93,1283500.0,2022-09-05,2022-09-24,2022-10-27,2023-02-26,2023-03-14,128,17.5617,78.9255,False,
MPLAD-01259,Cuttack,Odisha,Community Hall,2.37,unit,CTR-0160,5416793.59,5925000.0,2023-01-30,2023-04-10,2023-05-09,2024-05-05,2024-06-03,350,19.8134,85.4788,False,
MPLAD-01260,Madurai,Tamil Nadu,Drainage System,2.44,km,CTR-0078,2364842.53,2684000.0,2023-08-01,2023-09-07,2023-09-18,2024-06-01,2024-05-28,275,11.2898,78.283,False,
MPLAD-01261,Cuttack,Odisha,Community Hall,2.65,unit,CTR-0087,6776903.73,6625000.0,2022-10-03,2022-11-06,2022-12-19,2024-01-24,2024-01-27,396,19.8171,86.1232,False,
MPLAD-01262,Patna Sahib,Bihar,Health Sub-Centre,2.3,unit,CTR-0090,8109938.51,7360000.0,2022-01-03,2022-02-14,2022-03-27,2023-06-01,2023-06-04,379,25.8792,85.1835,False,
MPLAD-01263,Warangal,Telangana,Health Sub-Centre,1.63,unit,CTR-0164,4655612.29,5216000.0,2024-01-06,2024-03-31,2024-04-25,2025-03-03,2025-03-22,280,17.2069,78.924,True,contractor_collusion
MPLAD-01264,Cuttack,Odisha,Road Construction,2.45,km,CTR-0191,1786147.06,2082500.0,2022-04-21,2022-06-29,2022-07-11,2023-04-11,2023-04-16,263,20.2793,85.8575,False,
MPLAD-01265,Nagpur,Maharashtra,Community Hall,0.65,unit,CTR-0159,1731684.98,1625000.0,2024-06-02,2024-08-10,2024-09-21,2025-01-03,2025-01-12,115,18.73,73.26,False,
MPLAD-01266,Patna Sahib,Bihar,Road Construction,1.15,km,CTR-0082,1084259.18,977500.0,2022-01-16,2022-02-28,2022-03-23,2022-07-08,2022-07-06,118,25.2247,85.2161,False,
MPLAD-01267,Jaipur Rural,Rajasthan,School Building Repair,2.79,unit,CTR-0145,2616340.48,2511000.0,2023-09-24,2023-10-17,2023-11-14,2024-06-28,2024-07-15,211,26.772,75.7252,False,
MPLAD-01268,Varanasi,Uttar Pradesh,Community Hall,2.6,unit,CTR-0123,5791875.37,6500000.0,2024-08-03,2024-10-12,2024-10-17,2025-12-11,2026-01-10,445,26.3594,80.5185,False,
MPLAD-01269,Nalgonda,Telangana,Road Construction,0.57,km,CTR-0054,881005.41,484500.0,2023-04-16,2023-05-13,2023-06-15,2023-08-15,2023-08-15,58,17.389,78.4238,True,cost_inflation
MPLAD-01270,Madurai,Tamil Nadu,Road Construction,2.18,km,CTR-0187,1823960.46,1853000.0,2022-03-04,2022-04-01,2022-04-27,2022-12-01,2022-12-25,185,10.5844,78.1084,False,
MPLAD-01271,Kanpur,Uttar Pradesh,Road Construction,2.28,km,CTR-0071,1840405.78,1938000.0,2023-08-13,2023-10-13,2023-11-20,2024-09-27,2024-10-23,244,26.6002,81.201,False,
MPLAD-01272,Nalgonda,Telangana,Road Construction,1.59,km,CTR-0145,1290250.11,1351500.0,2023-12-29,2024-03-10,2024-04-11,2024-10-22,2024-11-02,165,17.3962,78.2046,False,
MPLAD-01273,Kanpur,Uttar Pradesh,Drinking Water Supply,2.68,unit,CTR-0206,2926912.75,3216000.0,2024-06-19,2024-08-05,2024-09-06,2025-03-29,2025-04-20,163,27.1232,80.4789,False,
MPLAD-01274,Kanpur,Uttar Pradesh,Street Lighting,2.63,unit,CTR-0180,2242656.45,1183500.0,2023-06-29,2023-09-03,2023-10-04,2023-12-18,2024-01-01,71,27.2651,81.0268,True,cost_inflation
MPLAD-01275,Nalgonda,Telangana,Road Construction,1.97,km,CTR-0115,1758159.63,1674500.0,2023-06-01,2023-06-20,2023-06-26,2024-01-09,2024-01-20,165,17.4856,78.5439,False,
MPLAD-01276,Bhubaneswar,Odisha,Road Construction,1.91,km,CTR-0184,1720877.8,1623500.0,2023-07-07,2023-10-03,2023-10-08,2024-04-19,2024-04-18,190,20.1167,85.4721,False,
MPLAD-01277,Kota,Rajasthan,Street Lighting,2.52,unit,CTR-0010,1065153.34,1134000.0,2024-10-14,2024-12-18,2025-01-30,2025-05-05,2025-05-31,86,27.0389,75.948,False,
MPLAD-01278,Jaipur Rural,Rajasthan,Street Lighting,0.8,unit,CTR-0176,350774.24,360000.0,2023-08-23,2023-09-20,2023-10-21,2023-11-21,2023-11-22,25,26.5484,75.785,False,
MPLAD-01279,Jaipur Rural,Rajasthan,School Building Repair,1.17,unit,CTR-0147,968749.12,1053000.0,2023-10-23,2024-01-01,2024-01-17,2024-04-06,2024-05-03,82,27.0697,75.8951,False,
MPLAD-01280,Nagpur,Maharashtra,Road Construction,2.52,km,CTR-0115,1863751.37,2142000.0,2023-06-25,2023-07-31,2023-09-01,2024-07-17,2024-07-20,259,18.6263,72.8673,False,
MPLAD-01281,Cuttack,Odisha,Health Sub-Centre,2.61,unit,CTR-0139,7364019.84,8352000.0,2022-11-21,2022-12-09,2023-01-23,2024-08-30,2024-09-10,479,19.8951,86.2309,False,
MPLAD-01282,Warangal,Telangana,Health Sub-Centre,2.21,unit,CTR-0164,21009443.82,7072000.0,2024-10-30,2025-01-27,2025-03-01,2026-08-18,2026-08-20,425,16.9835,78.4445,True,cost_inflation
MPLAD-01283,Pune,Maharashtra,Street Lighting,2.91,unit,CTR-0151,1477562.55,1309500.0,2022-05-25,2022-08-17,2022-09-16,2023-01-08,2022-12-07,91,19.1351,72.5607,True,payment_timing
MPLAD-01284,Kota,Rajasthan,Street Lighting,2.82,unit,CTR-0189,1296063.06,1269000.0,2024-11-04,2025-01-05,2025-02-07,2025-05-27,2025-06-25,86,26.5726,76.1119,False,
MPLAD-01285,Gaya,Bihar,Road Construction,1.3,km,CTR-0122,1160222.61,1105000.0,2023-01-04,2023-02-12,2023-03-13,2023-08-10,2023-08-24,134,25.6957,84.6915,False,
MPLAD-01286,Cuttack,Odisha,Road Construction,1.78,km,CTR-0041,1512856.72,1513000.0,2023-07-08,2023-08-13,2023-09-25,2024-04-25,2024-05-25,183,20.7038,85.4504,False,
MPLAD-01287,Nagpur,Maharashtra,School Building Repair,2.83,unit,CTR-0172,2529529.4,2547000.0,2023-07-02,2023-07-22,2023-09-02,2024-04-29,2024-05-01,231,18.8587,73.1905,False,
MPLAD-01288,Warangal,Telangana,School Building Repair,1.74,unit,CTR-0012,1590358.19,1566000.0,2024-09-25,2024-11-15,2024-12-25,2025-05-15,2025-05-31,126,17.6229,78.354,False,
MPLAD-01289,Nagpur,Maharashtra,School Building Repair,2.65,unit,CTR-0205,2498500.59,2385000.0,2023-01-08,2023-03-01,2023-04-15,2023-10-30,2023-11-20,216,19.302,72.683,False,
MPLAD-01290,Kota,Rajasthan,School Building Repair,2.3,unit,CTR-0064,2340480.59,2070000.0,2023-06-29,2023-09-09,2023-10-16,2024-04-13,2024-04-12,176,26.8439,75.4529,False,
MPLAD-01291,Secunderabad,Telangana,School Building Repair,2.83,unit,CTR-0058,2608126.01,2547000.0,2024-04-12,2024-06-01,2024-07-10,2025-02-25,2025-02-20,206,17.4025,78.5739,True,contractor_collusion
MPLAD-01292,Gaya,Bihar,Street Lighting,2.24,unit,CTR-0137,925732.7,1008000.0,2024-06-11,2024-07-13,2024-08-03,2024-10-06,2024-10-10,61,26.0906,85.3529,False,
MPLAD-01293,Warangal,Telangana,Street Lighting,2.58,unit,CTR-0160,1017912.04,1161000.0,2022-08-20,2022-11-18,2022-12-08,2023-02-20,2023-02-25,71,17.8986,78.8731,False,
MPLAD-01294,Kanpur,Uttar Pradesh,Road Construction,2.3,km,CTR-0071,2186340.51,1955000.0,2023-05-25,2023-06-14,2023-07-05,2024-02-01,2024-02-28,206,26.3944,80.7325,True,contractor_collusion
MPLAD-01295,Patna Sahib,Bihar,Community Hall,2.38,unit,CTR-0072,5942131.65,5950000.0,2022-07-19,2022-09-26,2022-10-21,2023-11-29,2023-12-06,349,25.797,84.8736,False,
MPLAD-01296,Gaya,Bihar,School Building Repair,0.66,unit,CTR-0217,1519130.38,594000.0,2022-05-14,2022-08-03,2022-08-16,2022-10-15,2022-11-13,51,25.6732,85.1466,True,cost_inflation
MPLAD-01297,Nalgonda,Telangana,Drainage System,1.65,km,CTR-0103,1842852.78,1815000.0,2022-06-13,2022-08-23,2022-09-14,2023-02-24,2023-02-25,153,17.6873,78.8397,False,
MPLAD-01298,Pune,Maharashtra,School Building Repair,2.87,unit,CTR-0097,2618579.55,2583000.0,2023-05-25,2023-08-22,2023-09-21,2024-06-21,2024-07-21,233,19.0403,73.3303,False,
MPLAD-01299,Coimbatore,Tamil Nadu,Drinking Water Supply,1.32,unit,CTR-0024,1625984.96,1584000.0,2022-04-11,2022-05-10,2022-05-22,2022-09-06,2022-09-12,94,10.5586,78.2875,False,
MPLAD-01300,Kanpur,Uttar Pradesh,Drinking Water Supply,2.72,unit,CTR-0098,2817963.07,3264000.0,2024-08-29,2024-09-23,2024-10-25,2025-04-21,2025-04-19,152,26.5271,80.996,False,
MPLAD-01301,Madurai,Tamil Nadu,Street Lighting,1.02,unit,CTR-0102,433441.23,459000.0,2022-09-15,2022-10-12,2022-11-18,2022-12-21,2023-01-05,30,10.8724,77.6558,False,
MPLAD-01302,Nalgonda,Telangana,Road Construction,2.14,km,CTR-0153,1858508.6,1819000.0,2023-09-04,2023-11-25,2024-01-06,2024-08-12,2024-08-10,219,17.1933,78.3763,False,
MPLAD-01303,Varanasi,Uttar Pradesh,Health Sub-Centre,2.76,unit,CTR-0202,9790000.68,8832000.0,2024-06-02,2024-08-19,2024-09-19,2026-01-26,2026-02-17,537,26.5621,80.4144,False,
MPLAD-01304,Patna Sahib,Bihar,Drinking Water Supply,2.66,unit,CTR-0109,3182452.06,3192000.0,2022-03-01,2022-05-28,2022-06-30,2023-01-14,2023-01-28,164,25.868,85.5648,False,
MPLAD-01305,Madurai,Tamil Nadu,Street Lighting,0.57,unit,CTR-0156,228094.36,256500.0,2024-01-27,2024-03-15,2024-04-14,2024-05-07,2024-05-10,19,11.3543,77.7843,False,
MPLAD-01306,Varanasi,Uttar Pradesh,Drainage System,0.77,km,CTR-0014,880699.76,847000.0,2023-12-12,2024-01-25,2024-02-02,2024-04-17,2024-05-09,83,26.4603,80.5867,False,
MPLAD-01307,Secunderabad,Telangana,Drinking Water Supply,1.63,unit,CTR-0205,2228471.18,1956000.0,2024-08-28,2024-10-21,2024-11-20,2025-02-24,2025-02-03,101,17.5133,78.3901,True,payment_timing
MPLAD-01308,Coimbatore,Tamil Nadu,Drinking Water Supply,1.43,unit,CTR-0024,1959197.81,1716000.0,2023-05-30,2023-08-21,2023-09-28,2024-01-08,2024-01-06,89,10.5061,78.5044,False,
MPLAD-01309,Jaipur Rural,Rajasthan,Road Construction,1.79,km,CTR-0151,4446857.03,1521500.0,2022-09-19,2022-10-29,2022-11-08,2023-04-30,2023-05-17,179,26.8441,76.0856,True,cost_inflation
MPLAD-01310,Secunderabad,Telangana,School Building Repair,2.48,unit,CTR-0105,2468195.91,2232000.0,2024-05-20,2024-06-13,2024-06-27,2025-02-24,2025-03-01,203,16.9535,78.5288,False,
MPLAD-01311,Cuttack,Odisha,Health Sub-Centre,1.36,unit,CTR-0123,4260717.3,4352000.0,2024-03-01,2024-05-23,2024-05-31,2025-03-19,2025-04-05,270,20.7737,85.9356,False,
MPLAD-01312,Kota,Rajasthan,Drinking Water Supply,1.27,unit,CTR-0045,1351821.18,1524000.0,2023-04-22,2023-07-10,2023-08-04,2023-11-13,2023-12-01,81,27.1969,76.2799,False,
MPLAD-01313,Pune,Maharashtra,Road Construction,1.14,km,CTR-0110,1013425.14,969000.0,2024-08-14,2024-10-11,2024-10-25,2025-02-26,2025-02-25,100,19.12,72.92,True,geo_clustering
MPLAD-01314,Jaipur Rural,Rajasthan,Drainage System,2.42,km,CTR-0074,2753660.61,2662000.0,2024-10-03,2024-10-28,2024-11-30,2025-09-17,2025-10-07,271,27.1642,75.5429,False,
MPLAD-01315,Pune,Maharashtra,Drainage System,0.92,km,CTR-0191,911727.31,1012000.0,2024-02-17,2024-03-24,2024-04-02,2024-04-25,2024-04-29,88,19.3142,73.0551,True,ghost_project
MPLAD-01316,Gaya,Bihar,Health Sub-Centre,2.57,unit,CTR-0064,7619363.09,8224000.0,2023-02-03,2023-02-22,2023-03-23,2024-10-30,2024-11-08,514,25.425,85.1453,False,
MPLAD-01317,Nagpur,Maharashtra,Drinking Water Supply,1.33,unit,CTR-0059,1466493.41,1596000.0,2022-03-15,2022-04-12,2022-05-19,2022-07-30,2022-08-19,78,19.0405,72.9052,False,
MPLAD-01318,Bhubaneswar,Odisha,Road Construction,1.36,km,CTR-0109,1042336.29,1156000.0,2024-01-07,2024-02-24,2024-03-16,2024-07-21,2024-08-19,119,20.0103,85.8351,False,
MPLAD-01319,Jaipur Rural,Rajasthan,Road Construction,2.05,km,CTR-0155,1716538.38,1742500.0,2022-08-08,2022-08-24,2022-09-18,2023-04-13,2023-04-15,208,26.5471,75.7565,False,
MPLAD-01320,Varanasi,Uttar Pradesh,Drainage System,2.34,km,CTR-0138,2808675.53,2574000.0,2024-05-21,2024-08-19,2024-09-26,2025-06-29,2025-07-03,250,27.1848,81.1643,False,
MPLAD-01321,Patna Sahib,Bihar,Drinking Water Supply,1.95,unit,CTR-0124,2082257.12,2340000.0,2023-07-16,2023-09-26,2023-10-09,2024-02-08,2024-02-17,122,25.1364,84.6895,False,
MPLAD-01322,Kota,Rajasthan,Street Lighting,2.91,unit,CTR-0192,1392184.16,1309500.0,2022-09-28,2022-11-08,2022-12-18,2023-03-23,2023-04-15,82,26.5627,75.5355,False,
MPLAD-01323,Secunderabad,Telangana,Road Construction,2.15,km,CTR-0166,1827483.1,1827500.0,2022-11-18,2023-02-13,2023-03-03,2023-11-11,2023-12-09,196,17.7669,78.9242,False,
MPLAD-01324,Cuttack,Odisha,Street Lighting,0.92,unit,CTR-0055,366943.92,414000.0,2022-01-31,2022-03-10,2022-03-29,2022-04-27,2022-04-22,30,19.8163,85.9917,False,
MPLAD-01325,Gaya,Bihar,School Building Repair,0.61,unit,CTR-0030,471558.14,549000.0,2024-09-11,2024-11-14,2024-11-26,2025-01-11,2025-01-11,51,25.9178,84.7894,False,
MPLAD-01326,Varanasi,Uttar Pradesh,Road Construction,2.79,km,CTR-0016,2183130.66,2371500.0,2023-10-16,2023-12-01,2023-12-11,2024-10-09,2024-10-07,267,27.0862,80.6764,False,
MPLAD-01327,Bhubaneswar,Odisha,Health Sub-Centre,2.1,unit,CTR-0141,6105094.62,6720000.0,2023-10-10,2023-11-06,2023-11-13,2024-10-16,2024-10-12,375,20.257,86.0516,False,
MPLAD-01328,Patna Sahib,Bihar,Road Construction,2.54,km,CTR-0210,2446228.01,2159000.0,2024-02-16,2024-04-27,2024-05-06,2025-02-08,2025-02-05,270,25.5359,85.5724,False,
MPLAD-01329,Varanasi,Uttar Pradesh,School Building Repair,0.68,unit,CTR-0024,686355.63,612000.0,2024-01-30,2024-03-23,2024-04-02,2024-06-01,2024-06-10,51,27.2868,80.4016,False,
MPLAD-01330,Warangal,Telangana,Drinking Water Supply,2.81,unit,CTR-0210,3464542.47,3372000.0,2024-08-19,2024-09-08,2024-10-16,2025-05-21,2025-06-08,190,17.673,78.7602,False,
MPLAD-01331,Kanpur,Uttar Pradesh,Street Lighting,0.85,unit,CTR-0071,386435.45,382500.0,2024-04-09,2024-05-14,2024-06-12,2024-07-11,2024-07-06,26,26.828,80.9399,False,
MPLAD-01332,Nagpur,Maharashtra,Drainage System,1.68,km,CTR-0031,2122431.61,1848000.0,2024-09-20,2024-10-14,2024-11-11,2024-12-16,2024-12-19,184,18.7806,72.8535,True,ghost_project
MPLAD-01333,Coimbatore,Tamil Nadu,Road Construction,0.56,km,CTR-0033,1508391.17,476000.0,2024-01-05,2024-03-18,2024-05-02,2024-06-27,2024-07-27,51,11.331,77.7868,True,cost_inflation
MPLAD-01334,Bhubaneswar,Odisha,Street Lighting,2.4,unit,CTR-0002,1235649.24,1080000.0,2022-10-13,2022-11-06,2022-12-10,2023-02-28,2023-03-27,77,20.1144,86.2573,False,
MPLAD-01335,Varanasi,Uttar Pradesh,School Building Repair,0.73,unit,CTR-0181,705871.58,657000.0,2024-02-28,2024-04-06,2024-04-15,2024-06-06,2024-07-06,56,26.4447,80.4919,False,
MPLAD-01336,Secunderabad,Telangana,School Building Repair,0.91,unit,CTR-0046,844346.05,819000.0,2024-11-15,2025-02-13,2025-02-22,2025-05-08,2025-05-19,70,17.621,78.3664,False,
MPLAD-01337,Bhubaneswar,Odisha,Road Construction,1.37,km,CTR-0142,1092411.1,1164500.0,2022-04-03,2022-05-28,2022-06-29,2022-12-01,2022-10-29,128,19.8029,85.878,True,payment_timing
MPLAD-01338,Bhubaneswar,Odisha,School Building Repair,2.28,unit,CTR-0001,1755318.85,2052000.0,2022-05-10,2022-07-15,2022-08-03,2023-04-01,2023-04-17,190,20.21,86.2506,False,
MPLAD-01339,Bhubaneswar,Odisha,Community Hall,1.2,unit,CTR-0035,3328065.06,3000000.0,2024-10-27,2024-12-01,2025-01-10,2025-09-13,2025-09-25,215,19.8051,85.389,False,
MPLAD-01340,Kota,Rajasthan,Health Sub-Centre,0.9,unit,CTR-0047,2674210.38,2880000.0,2022-07-04,2022-08-05,2022-09-05,2023-02-07,2023-03-08,167,27.3242,76.0948,False,
MPLAD-01341,Warangal,Telangana,School Building Repair,1.38,unit,CTR-0164,1265271.95,1242000.0,2022-05-01,2022-05-27,2022-06-08,2022-10-14,2022-10-09,114,17.5104,78.8438,True,contractor_collusion
MPLAD-01342,Pune,Maharashtra,Health Sub-Centre,1.29,unit,CTR-0023,4038096.71,4128000.0,2022-03-31,2022-05-31,2022-06-19,2023-05-17,2023-06-09,260,18.6532,72.9695,False,
MPLAD-01343,Jaipur Rural,Rajasthan,Road Construction,2.52,km,CTR-0019,2202178.48,2142000.0,2022-01-10,2022-03-27,2022-04-17,2023-02-25,2023-02-25,249,27.2773,75.874,False,
MPLAD-01344,Patna Sahib,Bihar,Drainage System,1.23,km,CTR-0179,1479124.56,1353000.0,2024-12-04,2025-02-16,2025-03-19,2025-07-27,2025-08-04,115,25.62,85.12,True,geo_clustering
MPLAD-01345,Varanasi,Uttar Pradesh,Drinking Water Supply,2.41,unit,CTR-0121,2816882.85,2892000.0,2024-11-20,2024-12-23,2025-01-27,2025-07-03,2025-07-17,161,27.1109,80.4826,False,
MPLAD-01346,Madurai,Tamil Nadu,Drainage System,0.59,km,CTR-0019,616346.89,649000.0,2024-04-05,2024-05-18,2024-06-03,2024-07-24,2024-08-06,55,10.7133,78.4816,False,
MPLAD-01347,Jaipur Rural,Rajasthan,Drinking Water Supply,1.81,unit,CTR-0066,2420460.91,2172000.0,2022-11-07,2023-01-14,2023-02-21,2023-05-29,2023-06-10,105,27.379,75.7354,False,
MPLAD-01348,Kanpur,Uttar Pradesh,School Building Repair,2.97,unit,CTR-0057,3071107.96,2673000.0,2024-10-27,2024-12-05,2025-01-14,2025-10-05,2025-10-11,259,26.6179,80.6279,False,
MPLAD-01349,Cuttack,Odisha,Health Sub-Centre,2.92,unit,CTR-0162,8777516.12,9344000.0,2022-04-08,2022-06-04,2022-06-30,2024-01-18,2024-02-10,616,20.727,86.0047,False,
MPLAD-01350,Nagpur,Maharashtra,School Building Repair,1.38,unit,CTR-0086,1191409.15,1242000.0,2023-02-26,2023-05-24,2023-06-09,2023-10-10,2023-10-05,104,19.1941,72.9408,False,
MPLAD-01351,Patna Sahib,Bihar,Health Sub-Centre,0.61,unit,CTR-0028,2027509.64,1952000.0,2022-02-26,2022-03-26,2022-04-14,2022-07-24,2022-07-24,108,26.0968,85.0627,False,
MPLAD-01352,Warangal,Telangana,School Building Repair,0.55,unit,CTR-0176,469537.29,495000.0,2024-06-30,2024-09-02,2024-09-10,2024-10-26,2024-11-01,40,17.0682,78.0238,False,
MPLAD-01353,Cuttack,Odisha,Drinking Water Supply,1.29,unit,CTR-0060,1743009.51,1548000.0,2022-06-20,2022-07-27,2022-08-01,2022-11-03,2022-11-06,75,19.9822,86.2011,False,
MPLAD-01354,Patna Sahib,Bihar,Street Lighting,0.53,unit,CTR-0016,264253.11,238500.0,2022-04-14,2022-05-09,2022-06-03,2022-06-18,2022-06-26,16,25.9628,85.5305,False,
MPLAD-01355,Madurai,Tamil Nadu,Drinking Water Supply,2.22,unit,CTR-0168,2734489.88,2664000.0,2023-11-27,2023-12-16,2024-01-18,2024-06-04,2024-06-30,137,10.5999,78.0429,False,
MPLAD-01356,Jaipur Rural,Rajasthan,Community Hall,1.88,unit,CTR-0153,5307357.96,4700000.0,2024-01-20,2024-02-07,2024-02-26,2025-02-25,2025-02-24,313,26.4481,76.2826,False,
MPLAD-01357,Nagpur,Maharashtra,Drainage System,2.92,km,CTR-0056,3474929.2,3212000.0,2022-08-31,2022-09-15,2022-10-07,2023-07-07,2023-07-04,263,19.4783,72.8284,False,
MPLAD-01358,Madurai,Tamil Nadu,Drainage System,0.66,km,CTR-0073,735313.36,726000.0,2022-07-12,2022-08-24,2022-09-19,2022-12-16,2022-12-22,71,11.4598,77.9592,False,
MPLAD-01359,Cuttack,Odisha,Community Hall,2.22,unit,CTR-0096,5284378.57,5550000.0,2024-03-05,2024-03-29,2024-04-05,2025-01-10,2025-02-05,304,20.3694,85.8776,False,
MPLAD-01360,Nagpur,Maharashtra,School Building Repair,2.86,unit,CTR-0110,2889701.02,2574000.0,2022-05-31,2022-08-23,2022-09-21,2023-06-17,2023-07-12,227,18.8628,73.1783,False,
MPLAD-01361,Kota,Rajasthan,School Building Repair,2.24,unit,CTR-0069,1789385.3,2016000.0,2023-03-23,2023-05-01,2023-06-11,2024-02-08,2024-02-22,196,26.9811,76.2632,False,
MPLAD-01362,Nalgonda,Telangana,Community Hall,1.48,unit,CTR-0001,3653908.66,3700000.0,2022-11-18,2023-01-14,2023-02-08,2023-03-15,2023-03-18,250,17.5329,78.8284,True,ghost_project
MPLAD-01363,Varanasi,Uttar Pradesh,Drinking Water Supply,2.75,unit,CTR-0034,2986808.44,3300000.0,2023-06-06,2023-07-14,2023-08-25,2024-01-13,2024-01-19,153,26.9615,80.9727,False,
MPLAD-01364,Madurai,Tamil Nadu,Community Hall,1.27,unit,CTR-0057,3514100.92,3175000.0,2022-03-07,2022-06-03,2022-06-10,2022-12-28,2023-01-18,174,11.3389,77.6464,False,
MPLAD-01365,Madurai,Tamil Nadu,Drainage System,1.89,km,CTR-0139,2025364.63,2079000.0,2022-01-29,2022-03-04,2022-03-16,2022-09-04,2022-09-24,184,10.9441,78.3946,False,
MPLAD-01366,Varanasi,Uttar Pradesh,Road Construction,1.34,km,CTR-0174,1301401.88,1139000.0,2023-11-16,2024-02-11,2024-03-22,2024-09-08,2024-10-07,140,26.7511,81.2572,False,
MPLAD-01367,Secunderabad,Telangana,Road Construction,2.43,km,CTR-0152,1948810.53,2065500.0,2023-04-18,2023-06-02,2023-07-03,2024-03-18,2024-03-24,222,17.42,78.52,True,geo_clustering
MPLAD-01368,Patna Sahib,Bihar,Drinking Water Supply,0.97,unit,CTR-0134,1078737.41,1164000.0,2022-02-20,2022-03-23,2022-03-28,2022-06-23,2022-06-25,69,25.1908,84.9443,False,
MPLAD-01369,Madurai,Tamil Nadu,Drainage System,0.52,km,CTR-0141,518640.14,572000.0,2022-12-11,2023-01-07,2023-02-19,2023-04-27,2023-05-02,57,10.5675,78.5069,False,
MPLAD-01370,Kota,Rajasthan,Road Construction,2.77,km,CTR-0147,2511867.29,2354500.0,2022-07-13,2022-09-21,2022-10-02,2023-08-30,2023-09-26,275,26.8365,75.8355,False,
MPLAD-01371,Warangal,Telangana,Street Lighting,1.92,unit,CTR-0081,854604.0,864000.0,2022-12-09,2023-01-05,2023-02-03,2023-04-19,2023-04-16,67,17.6088,78.7504,False,
MPLAD-01372,Jaipur Rural,Rajasthan,Community Hall,2.41,unit,CTR-0137,6385350.81,6025000.0,2022-05-18,2022-08-11,2022-09-09,2023-12-29,2024-01-02,417,26.9085,75.8819,False,
MPLAD-01373,Kota,Rajasthan,Health Sub-Centre,1.33,unit,CTR-0071,4743824.29,4256000.0,2022-07-16,2022-10-04,2022-10-17,2023-07-11,2023-08-05,277,26.5625,75.354,False,
MPLAD-01374,Varanasi,Uttar Pradesh,Street Lighting,0.82,unit,CTR-0138,416226.97,369000.0,2022-10-05,2022-11-08,2022-11-16,2022-12-14,2022-12-26,28,26.5787,81.3874,False,
MPLAD-01375,Secunderabad,Telangana,Drainage System,2.37,km,CTR-0135,2267599.1,2607000.0,2024-01-08,2024-04-05,2024-05-18,2025-04-16,2025-04-11,282,17.5731,78.7357,False,
MPLAD-01376,Nalgonda,Telangana,Community Hall,1.02,unit,CTR-0163,2206291.37,2550000.0,2022-11-02,2022-12-15,2022-12-28,2023-06-17,2023-06-01,180,17.398,78.8505,True,payment_timing
MPLAD-01377,Patna Sahib,Bihar,Community Hall,0.98,unit,CTR-0184,7786358.87,2450000.0,2024-10-27,2024-11-22,2024-12-23,2025-06-11,2025-06-09,165,25.5072,84.9959,True,cost_inflation
MPLAD-01378,Patna Sahib,Bihar,Road Construction,2.48,km,CTR-0184,1937763.69,2108000.0,2024-07-24,2024-10-05,2024-11-01,2025-07-30,2025-07-31,256,25.7111,84.8242,False,
MPLAD-01379,Nalgonda,Telangana,Drainage System,0.9,km,CTR-0167,1019169.84,990000.0,2022-06-01,2022-08-15,2022-09-08,2022-12-13,2022-12-10,92,17.7606,78.1591,False,
MPLAD-01380,Kanpur,Uttar Pradesh,Street Lighting,2.46,unit,CTR-0071,1028515.02,1107000.0,2023-07-20,2023-08-12,2023-09-25,2023-12-22,2023-12-27,84,26.4508,80.4812,False,
MPLAD-01381,Jaipur Rural,Rajasthan,School Building Repair,1.75,unit,CTR-0004,1512106.7,1575000.0,2024-01-25,2024-04-02,2024-05-02,2024-09-29,2024-09-26,139,26.7832,76.0004,False,
MPLAD-01382,Nagpur,Maharashtra,Road Construction,2.51,km,CTR-0132,2045205.61,2133500.0,2023-08-11,2023-09-27,2023-10-21,2024-06-16,2024-07-09,206,19.5653,72.7915,False,
MPLAD-01383,Nagpur,Maharashtra,Drinking Water Supply,0.97,unit,CTR-0198,1067872.13,1164000.0,2022-01-18,2022-03-12,2022-04-24,2022-06-24,2022-07-18,59,18.7898,73.2465,False,
MPLAD-01384,Cuttack,Odisha,School Building Repair,0.79,unit,CTR-0214,667383.93,711000.0,2023-03-20,2023-05-26,2023-06-08,2023-08-16,2023-09-01,55,20.7408,85.8548,False,
MPLAD-01385,Secunderabad,Telangana,Drainage System,1.79,km,CTR-0058,1976819.75,1969000.0,2022-03-22,2022-06-13,2022-07-19,2023-04-11,2023-04-12,208,17.6399,78.9303,True,contractor_collusion
MPLAD-01386,Cuttack,Odisha,Drinking Water Supply,2.28,unit,CTR-0211,2865698.71,2736000.0,2024-02-18,2024-04-06,2024-04-25,2024-09-14,2024-09-30,145,20.605,86.1874,False,
MPLAD-01387,Jaipur Rural,Rajasthan,Drinking Water Supply,2.72,unit,CTR-0048,3427242.87,3264000.0,2023-04-29,2023-06-11,2023-07-01,2023-12-12,2023-12-19,164,27.3494,75.3347,False,
MPLAD-01388,Warangal,Telangana,Road Construction,2.62,km,CTR-0094,2246376.24,2227000.0,2024-02-05,2024-03-25,2024-04-22,2025-02-14,2025-03-05,240,17.8161,78.5637,False,
MPLAD-01389,Madurai,Tamil Nadu,Drinking Water Supply,1.5,unit,CTR-0117,1914537.43,1800000.0,2023-07-04,2023-08-30,2023-09-16,2023-12-29,2024-01-08,100,10.9366,78.1643,False,
MPLAD-01390,Gaya,Bihar,Drinking Water Supply,2.83,unit,CTR-0099,3492426.6,3396000.0,2022-05-11,2022-07-20,2022-08-07,2023-03-18,2023-03-21,177,25.1791,84.9433,False,
MPLAD-01391,Coimbatore,Tamil Nadu,Street Lighting,1.33,unit,CTR-0147,659326.47,598500.0,2023-09-20,2023-12-09,2023-12-19,2024-02-08,2024-02-14,42,11.2604,78.1959,False,
MPLAD-01392,Nagpur,Maharashtra,Drinking Water Supply,1.49,unit,CTR-0098,1972650.07,1788000.0,2023-05-06,2023-05-22,2023-06-25,2023-10-07,2023-10-19,84,18.7367,72.7679,False,
MPLAD-01393,Varanasi,Uttar Pradesh,Road Construction,1.46,km,CTR-0047,1402252.51,1241000.0,2023-06-27,2023-09-19,2023-10-31,2024-03-05,2024-03-10,129,27.241,81.2166,False,
MPLAD-01394,Cuttack,Odisha,Drinking Water Supply,1.03,unit,CTR-0080,1350797.17,1236000.0,2024-04-25,2024-06-07,2024-07-11,2024-09-11,2024-09-07,63,19.83,85.9456,False,
MPLAD-01395,Kota,Rajasthan,School Building Repair,1.39,unit,CTR-0211,1126029.68,1251000.0,2022-06-12,2022-08-13,2022-09-22,2023-01-31,2023-03-02,122,26.6809,75.4564,False,
MPLAD-01396,Varanasi,Uttar Pradesh,Drainage System,2.74,km,CTR-0190,2953369.39,3014000.0,2024-08-01,2024-09-18,2024-10-10,2025-11-11,2025-12-07,321,26.3486,80.8972,False,
MPLAD-01397,Bhubaneswar,Odisha,Community Hall,2.83,unit,CTR-0166,7450057.32,7075000.0,2024-04-21,2024-06-18,2024-07-02,2025-10-08,2025-10-31,469,20.2628,85.4321,False,
MPLAD-01398,Patna Sahib,Bihar,Drainage System,0.97,km,CTR-0105,1056766.59,1067000.0,2022-05-07,2022-05-27,2022-07-11,2022-08-05,2022-08-07,90,25.9137,85.5324,True,ghost_project
MPLAD-01399,Pune,Maharashtra,Drinking Water Supply,2.15,unit,CTR-0133,2228317.84,2580000.0,2022-11-08,2023-01-23,2023-02-08,2023-06-27,2023-06-26,117,18.9092,72.7198,False,
MPLAD-01400,Warangal,Telangana,Community Hall,1.25,unit,CTR-0155,6157101.19,3125000.0,2022-09-10,2022-10-22,2022-11-21,2023-07-09,2023-07-09,207,17.3944,78.1645,True,cost_inflation
MPLAD-01401,Nagpur,Maharashtra,School Building Repair,1.38,unit,CTR-0089,1113145.49,1242000.0,2022-12-27,2023-01-14,2023-02-26,2023-07-10,2023-08-05,116,19.3841,72.744,False,
MPLAD-01402,Patna Sahib,Bihar,Street Lighting,2.73,unit,CTR-0212,1287200.39,1228500.0,2023-04-26,2023-05-29,2023-06-13,2023-08-26,2023-09-18,78,25.3268,85.2159,False,
MPLAD-01403,Nagpur,Maharashtra,Street Lighting,0.5,unit,CTR-0045,215792.36,225000.0,2023-03-31,2023-05-30,2023-06-18,2023-07-02,2023-07-24,15,19.0268,72.9073,False,
MPLAD-01404,Gaya,Bihar,School Building Repair,2.77,unit,CTR-0024,2531312.73,2493000.0,2024-11-13,2024-12-21,2025-01-19,2025-09-20,2025-09-22,214,25.8645,85.4069,False,
MPLAD-01405,Gaya,Bihar,Community Hall,0.75,unit,CTR-0010,1870158.11,1875000.0,2022-07-24,2022-09-22,2022-11-01,2023-02-13,2023-03-15,106,25.7778,85.2321,False,
MPLAD-01406,Bhubaneswar,Odisha,Road Construction,2.17,km,CTR-0127,2033643.06,1844500.0,2023-06-21,2023-09-12,2023-10-03,2024-06-01,2024-06-26,200,20.0003,85.7426,False,
MPLAD-01407,Kanpur,Uttar Pradesh,Community Hall,2.96,unit,CTR-0056,8471086.99,7400000.0,2022-11-27,2023-02-15,2023-02-21,2024-06-17,2024-06-30,418,26.5538,80.554,False,
MPLAD-01408,Bhubaneswar,Odisha,Drainage System,1.92,km,CTR-0190,2249716.07,2112000.0,2023-01-13,2023-02-19,2023-03-18,2023-10-28,2023-11-16,211,19.983,86.1884,False,
MPLAD-01409,Kanpur,Uttar Pradesh,Drinking Water Supply,2.75,unit,CTR-0013,3044820.74,3300000.0,2024-09-07,2024-10-23,2024-11-01,2025-06-27,2025-06-29,192,26.8316,80.6716,False,
MPLAD-01410,Varanasi,Uttar Pradesh,School Building Repair,2.57,unit,CTR-0027,1970430.53,2313000.0,2023-04-15,2023-07-10,2023-08-03,2024-04-14,2024-05-14,211,26.624,80.4136,False,
MPLAD-01411,Madurai,Tamil Nadu,Community Hall,0.94,unit,CTR-0099,2463574.41,2350000.0,2023-08-11,2023-10-16,2023-11-04,2024-04-18,2024-05-13,148,11.1569,77.9861,False,
MPLAD-01412,Madurai,Tamil Nadu,Drinking Water Supply,0.61,unit,CTR-0122,692125.13,732000.0,2022-12-23,2023-01-15,2023-02-12,2023-03-19,2023-03-31,38,10.572,78.1662,False,
MPLAD-01413,Patna Sahib,Bihar,Drinking Water Supply,1.18,unit,CTR-0110,1445555.65,1416000.0,2024-02-09,2024-05-09,2024-05-27,2024-08-22,2024-09-14,77,25.6471,84.9578,False,
MPLAD-01414,Madurai,Tamil Nadu,School Building Repair,2.53,unit,CTR-0001,1947855.2,2277000.0,2022-11-21,2022-12-07,2022-12-16,2023-01-13,2023-01-14,179,10.5961,78.329,True,ghost_project
MPLAD-01415,Kanpur,Uttar Pradesh,Street Lighting,2.76,unit,CTR-0111,1286825.34,1242000.0,2024-07-18,2024-09-22,2024-09-29,2025-01-02,2025-01-30,85,26.7746,80.4742,False,
MPLAD-01416,Kanpur,Uttar Pradesh,School Building Repair,2.0,unit,CTR-0071,1946065.27,1800000.0,2024-03-08,2024-03-26,2024-04-29,2024-10-25,2024-11-22,140,26.8348,80.8752,True,contractor_collusion
MPLAD-01417,Pune,Maharashtra,Health Sub-Centre,2.85,unit,CTR-0054,9625989.81,9120000.0,2023-09-25,2023-11-04,2023-11-16,2025-09-30,2025-10-19,600,18.9288,72.5884,False,
MPLAD-01418,Coimbatore,Tamil Nadu,Drainage System,1.34,km,CTR-0164,1356009.92,1474000.0,2022-11-21,2022-12-21,2023-02-01,2023-05-28,2023-05-24,126,11.2746,78.0863,False,
MPLAD-01419,Nagpur,Maharashtra,Drinking Water Supply,1.64,unit,CTR-0164,2216948.55,1968000.0,2022-04-13,2022-04-28,2022-05-11,2022-08-27,2022-09-26,102,19.0643,72.7062,False,
MPLAD-01420,Gaya,Bihar,Health Sub-Centre,1.5,unit,CTR-0128,4904250.03,4800000.0,2023-09-26,2023-10-22,2023-11-22,2024-11-12,2024-12-01,291,25.9905,85.0266,False,
MPLAD-01421,Bhubaneswar,Odisha,Drinking Water Supply,0.58,unit,CTR-0085,676520.22,696000.0,2023-03-28,2023-06-11,2023-06-28,2023-07-29,2023-08-17,34,20.7751,85.865,False,
MPLAD-01422,Jaipur Rural,Rajasthan,School Building Repair,0.77,unit,CTR-0021,721064.37,693000.0,2022-10-09,2023-01-04,2023-02-02,2023-04-04,2023-04-12,62,26.4495,75.671,False,
MPLAD-01423,Secunderabad,Telangana,Road Construction,0.9,km,CTR-0029,687222.97,765000.0,2023-02-27,2023-05-07,2023-05-31,2023-08-20,2023-08-20,82,17.7533,78.6141,False,
MPLAD-01424,Bhubaneswar,Odisha,Street Lighting,2.6,unit,CTR-0144,1262471.19,1170000.0,2023-12-16,2024-02-05,2024-03-07,2024-06-12,2024-06-22,84,20.0985,85.6304,False,
MPLAD-01425,Coimbatore,Tamil Nadu,Drinking Water Supply,2.27,unit,CTR-0007,2957363.39,2724000.0,2023-09-18,2023-10-18,2023-11-17,2024-05-08,2024-05-18,154,11.253,77.8425,False,
MPLAD-01426,Nagpur,Maharashtra,Drinking Water Supply,1.21,unit,CTR-0116,1484635.12,1452000.0,2024-04-19,2024-06-06,2024-06-12,2024-08-28,2024-09-27,70,18.7713,72.6245,False,
MPLAD-01427,Gaya,Bihar,Street Lighting,2.01,unit,CTR-0033,898266.56,904500.0,2024-12-27,2025-03-18,2025-04-29,2025-07-25,2025-08-06,70,25.1998,84.7577,False,
MPLAD-01428,Nagpur,Maharashtra,Health Sub-Centre,0.82,unit,CTR-0115,2774569.28,2624000.0,2024-09-07,2024-09-27,2024-11-01,2025-03-22,2025-04-19,137,18.9477,72.6871,False,
MPLAD-01429,Patna Sahib,Bihar,School Building Repair,1.68,unit,CTR-0087,1550830.48,1512000.0,2022-09-15,2022-10-04,2022-10-24,2023-03-04,2023-03-18,145,25.3781,85.0328,False,
MPLAD-01430,Secunderabad,Telangana,Road Construction,1.92,km,CTR-0058,1790121.47,1632000.0,2023-12-30,2024-01-27,2024-02-09,2024-08-23,2024-08-31,162,17.6338,78.4615,False,
MPLAD-01431,Patna Sahib,Bihar,Health Sub-Centre,2.27,unit,CTR-0136,7027788.5,7264000.0,2023-11-22,2024-02-05,2024-02-10,2025-05-11,2025-06-02,407,26.0709,84.6789,False,
MPLAD-01432,Warangal,Telangana,Community Hall,1.4,unit,CTR-0164,3288261.87,3500000.0,2023-11-02,2024-01-06,2024-02-04,2024-08-24,2024-08-23,205,17.1228,78.542,False,
MPLAD-01433,Cuttack,Odisha,Drinking Water Supply,0.98,unit,CTR-0047,1143329.2,1176000.0,2022-10-05,2022-10-24,2022-11-13,2023-01-18,2023-02-11,68,20.0928,85.5651,False,
MPLAD-01434,Nalgonda,Telangana,Road Construction,1.08,km,CTR-0078,904439.92,918000.0,2024-10-30,2025-01-03,2025-02-11,2025-06-19,2025-06-16,104,17.4522,78.9016,False,
MPLAD-01435,Coimbatore,Tamil Nadu,Drinking Water Supply,1.92,unit,CTR-0037,2152336.74,2304000.0,2022-04-13,2022-05-17,2022-05-27,2022-10-23,2022-11-18,129,10.9382,77.886,False,
MPLAD-01436,Nalgonda,Telangana,Community Hall,1.02,unit,CTR-0078,2411180.77,2550000.0,2024-01-21,2024-02-11,2024-02-26,2024-07-13,2024-08-12,144,17.5095,78.2803,False,
MPLAD-01437,Jaipur Rural,Rajasthan,Community Hall,1.34,unit,CTR-0193,3724001.35,3350000.0,2022-11-23,2023-01-02,2023-01-19,2023-09-01,2023-09-05,236,26.92,75.82,True,geo_clustering
MPLAD-01438,Patna Sahib,Bihar,Community Hall,1.93,unit,CTR-0103,4257300.82,4825000.0,2022-01-21,2022-03-06,2022-03-12,2022-12-10,2022-12-21,277,25.5083,85.041,False,
MPLAD-01439,Pune,Maharashtra,Road Construction,2.46,km,CTR-0110,2006440.02,2091000.0,2024-06-15,2024-08-23,2024-09-06,2025-07-08,2025-07-25,252,19.3509,72.7152,False,
MPLAD-01440,Secunderabad,Telangana,Road Construction,1.43,km,CTR-0058,2648810.95,1215500.0,2022-12-21,2023-02-03,2023-03-17,2023-09-02,2023-09-13,151,17.7161,78.1706,True,cost_inflation
MPLAD-01441,Secunderabad,Telangana,Health Sub-Centre,1.85,unit,CTR-0058,13749909.42,5920000.0,2022-02-03,2022-03-01,2022-04-04,2023-07-15,2023-07-20,394,17.5619,78.1324,True,cost_inflation
MPLAD-01442,Bhubaneswar,Odisha,School Building Repair,1.53,unit,CTR-0185,1513870.55,1377000.0,2024-08-05,2024-09-02,2024-10-07,2025-02-28,2024-12-30,125,20.1211,85.5605,True,payment_timing
MPLAD-01443,Nagpur,Maharashtra,Health Sub-Centre,2.81,unit,CTR-0047,7778205.27,8992000.0,2023-04-11,2023-07-03,2023-08-05,2024-12-06,2024-12-31,509,19.2289,72.7395,False,
MPLAD-01444,Secunderabad,Telangana,Road Construction,2.0,km,CTR-0058,1854358.87,1700000.0,2023-12-04,2024-02-06,2024-03-07,2024-10-25,2024-11-07,193,17.6126,78.9149,True,contractor_collusion
MPLAD-01445,Jaipur Rural,Rajasthan,Community Hall,2.07,unit,CTR-0064,5099501.17,5175000.0,2022-06-06,2022-07-14,2022-07-25,2023-06-23,2023-06-23,350,27.3793,75.4192,False,
MPLAD-01446,Nalgonda,Telangana,Street Lighting,2.24,unit,CTR-0061,1153914.11,1008000.0,2022-04-13,2022-05-07,2022-06-10,2022-09-06,2022-10-02,71,17.1913,78.0361,False,
MPLAD-01447,Nagpur,Maharashtra,Community Hall,1.38,unit,CTR-0039,3540828.45,3450000.0,2023-05-31,2023-07-30,2023-08-15,2024-04-25,2024-04-27,223,19.12,72.92,True,geo_clustering
MPLAD-01448,Gaya,Bihar,School Building Repair,1.14,unit,CTR-0192,939912.04,1026000.0,2022-12-01,2022-12-18,2023-01-15,2023-05-04,2023-05-08,88,25.2443,84.9757,False,
MPLAD-01449,Pune,Maharashtra,Drinking Water Supply,1.15,unit,CTR-0208,1536935.01,1380000.0,2023-01-29,2023-03-09,2023-03-14,2023-06-04,2023-06-11,70,18.8024,72.6899,False,
MPLAD-01450,Nalgonda,Telangana,Health Sub-Centre,1.76,unit,CTR-0079,5663367.32,5632000.0,2023-11-09,2023-11-25,2023-12-17,2024-12-11,2024-12-16,332,16.9103,78.3742,False,
MPLAD-01451,Kota,Rajasthan,Health Sub-Centre,1.37,unit,CTR-0176,4531404.24,4384000.0,2023-01-24,2023-04-06,2023-05-12,2024-02-21,2024-02-27,285,26.7973,75.9347,False,
MPLAD-01452,Coimbatore,Tamil Nadu,Street Lighting,1.08,unit,CTR-0007,440071.04,486000.0,2024-08-29,2024-10-23,2024-11-07,2024-11-13,2024-11-17,37,11.0672,77.6175,True,ghost_project
MPLAD-01453,Secunderabad,Telangana,Road Construction,0.57,km,CTR-0035,465442.5,484500.0,2022-11-19,2022-12-23,2023-02-03,2023-03-31,2023-03-30,56,17.2226,78.8647,False,
MPLAD-01454,Kanpur,Uttar Pradesh,School Building Repair,1.98,unit,CTR-0071,1683529.16,1782000.0,2024-04-03,2024-05-17,2024-06-18,2024-11-26,2024-11-30,162,26.9458,80.5724,True,contractor_collusion
MPLAD-01455,Secunderabad,Telangana,Health Sub-Centre,1.44,unit,CTR-0058,4380214.35,4608000.0,2024-11-19,2024-12-07,2025-01-16,2025-10-05,2025-10-12,253,17.1048,78.107,False,
MPLAD-01456,Nalgonda,Telangana,Road Construction,1.93,km,CTR-0070,1813573.24,1640500.0,2022-11-18,2022-12-11,2022-12-21,2023-06-01,2023-06-05,167,16.9944,78.8288,False,
MPLAD-01457,Coimbatore,Tamil Nadu,Drinking Water Supply,2.16,unit,CTR-0007,7436464.28,2592000.0,2022-11-11,2023-01-20,2023-02-28,2023-07-30,2023-08-25,143,11.4914,77.898,True,cost_inflation
MPLAD-01458,Kota,Rajasthan,Road Construction,1.16,km,CTR-0084,997013.74,986000.0,2023-09-18,2023-10-20,2023-10-25,2024-01-29,2024-02-17,105,26.5777,76.2281,False,
MPLAD-01459,Jaipur Rural,Rajasthan,School Building Repair,1.81,unit,CTR-0164,1504162.54,1629000.0,2023-11-02,2024-01-05,2024-02-19,2024-07-10,2024-06-03,134,27.1489,76.0751,True,payment_timing
MPLAD-01460,Secunderabad,Telangana,Drainage System,2.15,km,CTR-0058,4797008.04,2365000.0,2024-06-12,2024-07-15,2024-07-31,2025-02-03,2025-02-09,202,16.9171,78.6902,True,cost_inflation
MPLAD-01461,Kota,Rajasthan,Drinking Water Supply,2.49,unit,CTR-0056,2640885.15,2988000.0,2024-11-12,2025-02-07,2025-02-19,2025-07-24,2025-08-16,166,26.5534,76.0604,False,
MPLAD-01462,Nagpur,Maharashtra,Street Lighting,1.94,unit,CTR-0072,880030.95,873000.0,2024-11-18,2024-12-28,2025-01-09,2025-03-25,2025-03-21,63,18.657,73.2752,False,
MPLAD-01463,Coimbatore,Tamil Nadu,Road Construction,2.27,km,CTR-0044,5179803.77,1929500.0,2023-02-07,2023-03-14,2023-04-22,2023-11-19,2023-12-18,204,10.896,78.473,True,cost_inflation
MPLAD-01464,Madurai,Tamil Nadu,Drinking Water Supply,1.18,unit,CTR-0046,1580098.51,1416000.0,2022-01-04,2022-03-05,2022-04-14,2022-07-18,2022-08-08,81,11.3425,78.2159,False,
MPLAD-01465,Madurai,Tamil Nadu,Street Lighting,0.66,unit,CTR-0157,292643.18,297000.0,2024-06-04,2024-07-09,2024-08-12,2024-09-05,2024-09-15,20,11.3578,77.7773,False,
MPLAD-01466,Cuttack,Odisha,Community Hall,2.02,unit,CTR-0129,4876327.26,5050000.0,2023-02-22,2023-04-05,2023-05-10,2024-05-09,2024-05-09,344,20.3057,85.935,False,
MPLAD-01467,Cuttack,Odisha,Street Lighting,2.38,unit,CTR-0208,1157096.72,1071000.0,2024-07-20,2024-08-17,2024-09-06,2024-11-16,2024-11-30,67,20.7651,85.4087,False,
MPLAD-01468,Secunderabad,Telangana,Community Hall,0.89,unit,CTR-0203,2492046.01,2225000.0,2022-11-09,2022-12-06,2023-01-14,2023-07-16,2023-07-25,148,17.2493,78.1868,False,
MPLAD-01469,Bhubaneswar,Odisha,Drainage System,1.82,km,CTR-0017,1897115.32,2002000.0,2022-02-10,2022-04-17,2022-05-22,2023-01-12,2023-01-13,215,20.4506,85.7225,False,
MPLAD-01470,Bhubaneswar,Odisha,Drinking Water Supply,0.92,unit,CTR-0149,1148647.11,1104000.0,2024-12-06,2025-01-02,2025-01-24,2025-03-28,2025-03-27,64,20.4212,85.7671,False,
MPLAD-01471,Warangal,Telangana,School Building Repair,2.24,unit,CTR-0129,1926697.22,2016000.0,2024-12-28,2025-02-12,2025-03-23,2025-10-22,2025-11-08,181,17.5607,78.1782,False,
MPLAD-01472,Bhubaneswar,Odisha,Drainage System,0.88,km,CTR-0188,936285.19,968000.0,2024-03-28,2024-06-19,2024-07-18,2024-11-01,2024-11-18,88,20.3747,85.3942,False,
MPLAD-01473,Varanasi,Uttar Pradesh,Community Hall,1.77,unit,CTR-0158,4511957.09,4425000.0,2023-12-05,2024-01-30,2024-02-18,2025-02-10,2025-03-04,314,26.9283,80.409,False,
MPLAD-01474,Cuttack,Odisha,Drinking Water Supply,1.95,unit,CTR-0035,2415696.5,2340000.0,2024-08-31,2024-10-03,2024-11-16,2025-03-23,2025-04-06,120,19.8629,85.7379,False,
MPLAD-01475,Nalgonda,Telangana,School Building Repair,0.51,unit,CTR-0144,497810.31,459000.0,2024-10-16,2024-12-02,2025-01-11,2025-02-20,2025-03-05,39,17.3056,78.0753,False,
MPLAD-01476,Nagpur,Maharashtra,Health Sub-Centre,1.76,unit,CTR-0206,5297913.66,5632000.0,2023-05-12,2023-07-02,2023-08-05,2024-07-27,2024-08-12,323,18.8063,73.1331,False,
MPLAD-01477,Warangal,Telangana,Street Lighting,2.44,unit,CTR-0075,1109102.16,1098000.0,2023-10-10,2023-10-26,2023-12-08,2024-02-14,2024-03-12,71,17.7062,78.8758,False,
MPLAD-01478,Warangal,Telangana,Community Hall,0.91,unit,CTR-0009,2028986.73,2275000.0,2024-03-23,2024-05-28,2024-06-20,2024-11-25,2024-11-23,141,16.9181,78.5444,False,
MPLAD-01479,Varanasi,Uttar Pradesh,Health Sub-Centre,1.8,unit,CTR-0092,6226857.98,5760000.0,2023-01-25,2023-02-14,2023-03-12,2024-01-24,2024-02-22,291,26.8511,81.0189,False,
MPLAD-01480,Bhubaneswar,Odisha,Drinking Water Supply,2.36,unit,CTR-0219,5941523.8,2832000.0,2023-04-30,2023-05-16,2023-05-30,2023-11-25,2023-12-18,141,20.5883,86.2152,True,cost_inflation
MPLAD-01481,Patna Sahib,Bihar,Drainage System,1.48,km,CTR-0185,1715338.21,1628000.0,2023-12-30,2024-02-09,2024-02-15,2024-08-06,2024-08-23,137,25.4874,84.6971,False,
MPLAD-01482,Kanpur,Uttar Pradesh,Street Lighting,2.16,unit,CTR-0139,1087824.29,972000.0,2024-07-08,2024-10-03,2024-10-11,2024-12-19,2025-01-13,63,27.214,81.3123,False,
MPLAD-01483,Jaipur Rural,Rajasthan,Street Lighting,1.54,unit,CTR-0042,722675.45,693000.0,2022-08-20,2022-09-30,2022-11-01,2022-12-14,2022-12-16,41,26.4476,75.5714,False,
MPLAD-01484,Secunderabad,Telangana,Drinking Water Supply,1.48,unit,CTR-0012,1655725.06,1776000.0,2024-05-14,2024-08-08,2024-09-07,2024-12-24,2025-01-11,88,17.0648,78.94,False,
MPLAD-01485,Madurai,Tamil Nadu,Health Sub-Centre,0.79,unit,CTR-0033,2839066.25,2528000.0,2024-06-12,2024-08-27,2024-09-09,2025-02-13,2025-03-07,153,11.2681,77.7842,False,
MPLAD-01486,Nagpur,Maharashtra,Road Construction,1.33,km,CTR-0003,1033996.51,1130500.0,2023-08-27,2023-11-06,2023-11-12,2024-03-20,2024-04-03,129,19.0804,72.7888,False,
MPLAD-01487,Madurai,Tamil Nadu,Drainage System,1.43,km,CTR-0084,1442206.94,1573000.0,2022-12-16,2023-01-12,2023-01-31,2023-07-13,2023-07-28,147,10.5061,78.4304,False,
MPLAD-01488,Patna Sahib,Bihar,Drinking Water Supply,1.37,unit,CTR-0187,1447522.62,1644000.0,2022-04-26,2022-05-11,2022-05-31,2022-06-22,2022-06-25,91,26.0465,85.5305,True,ghost_project
MPLAD-01489,Cuttack,Odisha,Community Hall,2.1,unit,CTR-0200,5459959.04,5250000.0,2022-11-18,2023-01-26,2023-02-17,2024-02-16,2024-03-16,327,20.5315,85.9175,False,
MPLAD-01490,Pune,Maharashtra,Drainage System,1.89,km,CTR-0083,1873783.48,2079000.0,2023-09-18,2023-10-24,2023-11-20,2024-06-01,2024-06-16,203,18.7014,72.5157,False,
MPLAD-01491,Patna Sahib,Bihar,School Building Repair,0.71,unit,CTR-0158,555909.57,639000.0,2022-04-17,2022-07-08,2022-08-22,2022-10-09,2022-10-23,53,25.6993,84.8583,False,
MPLAD-01492,Jaipur Rural,Rajasthan,Drinking Water Supply,2.41,unit,CTR-0059,3012274.15,2892000.0,2022-10-17,2022-12-09,2023-01-11,2023-07-11,2023-07-24,145,26.5121,76.0895,False,
MPLAD-01493,Nagpur,Maharashtra,Drinking Water Supply,2.26,unit,CTR-0077,5622870.99,2712000.0,2023-06-17,2023-08-08,2023-09-20,2024-02-04,2024-02-20,140,18.8314,72.9105,True,cost_inflation
MPLAD-01494,Kanpur,Uttar Pradesh,Street Lighting,0.67,unit,CTR-0202,274459.0,301500.0,2024-12-03,2025-01-10,2025-02-11,2025-03-11,2025-04-07,22,26.7744,80.9349,False,
MPLAD-01495,Warangal,Telangana,Street Lighting,1.7,unit,CTR-0045,759312.49,765000.0,2024-06-09,2024-07-17,2024-08-11,2024-10-03,2024-10-18,46,17.0815,78.4452,False,
MPLAD-01496,Bhubaneswar,Odisha,Drinking Water Supply,1.03,unit,CTR-0170,1172013.87,1236000.0,2024-11-14,2024-12-05,2024-12-16,2025-02-19,2025-02-20,59,20.1562,85.9856,False,
MPLAD-01497,Bhubaneswar,Odisha,Drinking Water Supply,1.74,unit,CTR-0098,2235342.23,2088000.0,2024-02-15,2024-03-21,2024-05-02,2024-09-09,2024-09-08,107,20.7869,85.5245,False,
MPLAD-01498,Nagpur,Maharashtra,Community Hall,1.94,unit,CTR-0155,5415498.57,4850000.0,2024-05-30,2024-07-17,2024-08-12,2025-05-30,2025-05-26,316,19.2895,72.5122,False,
MPLAD-01499,Patna Sahib,Bihar,Street Lighting,1.07,unit,CTR-0123,411725.15,481500.0,2023-11-29,2024-01-03,2024-01-14,2024-02-26,2024-03-26,37,25.6945,85.2636,False,
MPLAD-01500,Secunderabad,Telangana,Drinking Water Supply,1.19,unit,CTR-0100,1615589.08,1428000.0,2023-09-02,2023-11-14,2023-12-26,2024-03-18,2024-03-23,80,17.461,78.8768,False,
MPLAD-01501,Patna Sahib,Bihar,School Building Repair,2.27,unit,CTR-0163,1950163.72,2043000.0,2024-11-27,2024-12-26,2025-02-06,2025-07-20,2025-07-24,179,25.1715,85.3452,False,
MPLAD-01502,Nagpur,Maharashtra,Street Lighting,2.74,unit,CTR-0170,1360884.92,1233000.0,2022-10-09,2022-12-01,2023-01-08,2023-04-22,2023-05-15,94,19.4987,72.8621,False,
MPLAD-01503,Nagpur,Maharashtra,Health Sub-Centre,1.25,unit,CTR-0136,4558583.5,4000000.0,2022-07-22,2022-09-09,2022-09-27,2023-07-06,2023-07-11,264,19.1231,72.7912,False,
MPLAD-01504,Secunderabad,Telangana,Road Construction,0.57,km,CTR-0164,488593.51,484500.0,2024-06-08,2024-08-30,2024-09-11,2024-11-11,2024-11-21,51,17.5098,78.9858,False,
MPLAD-01505,Varanasi,Uttar Pradesh,Road Construction,1.94,km,CTR-0087,1840700.19,1649000.0,2022-12-08,2023-01-05,2023-02-07,2023-07-27,2023-07-25,157,26.6704,80.5478,False,
MPLAD-01506,Nagpur,Maharashtra,School Building Repair,1.05,unit,CTR-0054,1027021.83,945000.0,2023-10-04,2023-12-22,2024-01-30,2024-04-25,2024-05-19,72,19.5612,72.4119,False,
MPLAD-01507,Kanpur,Uttar Pradesh,Drinking Water Supply,1.49,unit,CTR-0071,1920023.49,1788000.0,2023-05-09,2023-08-06,2023-08-16,2023-10-30,2023-11-28,83,26.4257,80.9735,True,contractor_collusion
MPLAD-01508,Patna Sahib,Bihar,Health Sub-Centre,0.8,unit,CTR-0090,5782621.14,2560000.0,2022-05-01,2022-07-22,2022-08-16,2023-01-24,2023-01-25,131,25.9556,85.3172,True,cost_inflation
MPLAD-01509,Varanasi,Uttar Pradesh,Community Hall,2.29,unit,CTR-0055,5221058.15,5725000.0,2023-12-04,2024-02-24,2024-03-31,2025-02-03,2025-02-23,315,26.4399,80.8399,False,
MPLAD-01510,Kota,Rajasthan,Drinking Water Supply,2.0,unit,CTR-0185,2449211.95,2400000.0,2023-05-11,2023-06-02,2023-06-07,2023-10-17,2023-11-15,115,26.7218,76.1738,False,
MPLAD-01511,Warangal,Telangana,School Building Repair,1.63,unit,CTR-0075,1355351.14,1467000.0,2024-03-01,2024-05-03,2024-05-23,2024-10-20,2024-09-16,133,17.2571,78.7899,True,payment_timing
MPLAD-01512,Kanpur,Uttar Pradesh,Drinking Water Supply,2.03,unit,CTR-0174,2552946.0,2436000.0,2023-05-07,2023-07-21,2023-08-26,2024-01-08,2024-01-04,139,27.1553,80.9447,False,
MPLAD-01513,Pune,Maharashtra,Health Sub-Centre,1.52,unit,CTR-0097,4635074.03,4864000.0,2022-12-29,2023-03-20,2023-03-30,2024-01-03,2024-01-14,266,18.8564,73.217,False,
MPLAD-01514,Nalgonda,Telangana,Road Construction,2.06,km,CTR-0027,1854257.1,1751000.0,2023-10-25,2023-12-05,2023-12-31,2024-08-31,2024-09-14,219,17.3096,78.2656,False,
MPLAD-01515,Nalgonda,Telangana,Road Construction,2.17,km,CTR-0049,1870431.61,1844500.0,2023-03-15,2023-03-31,2023-04-21,2023-10-13,2023-11-03,183,17.1085,78.1343,False,
MPLAD-01516,Warangal,Telangana,Health Sub-Centre,1.15,unit,CTR-0164,9175770.7,3680000.0,2023-04-16,2023-07-15,2023-08-09,2024-03-29,2024-03-25,192,17.4753,78.5751,True,cost_inflation
MPLAD-01517,Coimbatore,Tamil Nadu,Drinking Water Supply,2.65,unit,CTR-0169,3300868.15,3180000.0,2022-01-08,2022-04-05,2022-04-21,2022-10-08,2022-11-06,176,11.2635,77.8782,False,
MPLAD-01518,Madurai,Tamil Nadu,School Building Repair,2.68,unit,CTR-0070,2596082.97,2412000.0,2023-05-01,2023-06-27,2023-08-05,2024-04-03,2024-04-27,202,10.6358,78.091,False,
MPLAD-01519,Nalgonda,Telangana,Community Hall,2.92,unit,CTR-0165,16257783.47,7300000.0,2022-09-03,2022-10-01,2022-10-30,2024-08-02,2024-08-14,520,17.6757,78.7657,True,cost_inflation
MPLAD-01520,Nagpur,Maharashtra,Community Hall,2.4,unit,CTR-0129,6722062.55,6000000.0,2023-02-25,2023-05-21,2023-06-25,2024-08-05,2024-08-22,378,19.5618,72.6224,False,
MPLAD-01521,Varanasi,Uttar Pradesh,School Building Repair,1.69,unit,CTR-0195,1299203.78,1521000.0,2023-04-22,2023-05-08,2023-06-20,2023-10-08,2023-10-10,122,27.2421,80.7491,False,
MPLAD-01522,Bhubaneswar,Odisha,Drainage System,2.92,km,CTR-0108,2909708.76,3212000.0,2022-09-30,2022-11-28,2022-12-19,2023-11-15,2023-11-12,273,20.7238,85.3678,False,
MPLAD-01523,Bhubaneswar,Odisha,Health Sub-Centre,2.74,unit,CTR-0060,24254022.23,8768000.0,2023-12-31,2024-03-12,2024-04-15,2025-09-21,2025-10-03,550,20.558,85.3663,True,cost_inflation
MPLAD-01524,Nagpur,Maharashtra,Drainage System,2.26,km,CTR-0215,2187459.83,2486000.0,2023-07-09,2023-09-09,2023-09-29,2024-06-23,2024-06-22,217,18.6595,72.8827,False,
MPLAD-01525,Pune,Maharashtra,Road Construction,0.86,km,CTR-0037,682106.59,731000.0,2022-02-27,2022-05-28,2022-07-07,2022-10-14,2022-11-02,91,19.583,73.2656,False,
MPLAD-01526,Secunderabad,Telangana,Community Hall,0.7,unit,CTR-0058,1747904.68,1750000.0,2022-10-23,2022-11-30,2022-12-23,2023-03-26,2023-04-03,103,17.0724,78.0997,False,
MPLAD-01527,Kanpur,Uttar Pradesh,Road Construction,1.81,km,CTR-0071,4772356.07,1538500.0,2022-04-13,2022-06-27,2022-07-02,2022-12-06,2022-12-26,164,26.7487,81.0528,True,cost_inflation
MPLAD-01528,Nalgonda,Telangana,Health Sub-Centre,1.99,unit,CTR-0009,14484333.22,6368000.0,2024-04-28,2024-05-30,2024-06-08,2025-07-04,2025-07-11,347,17.3093,78.5437,True,cost_inflation
MPLAD-01529,Nagpur,Maharashtra,School Building Repair,0.58,unit,CTR-0081,458699.1,522000.0,2023-11-15,2024-02-10,2024-02-15,2024-03-23,2024-04-16,41,18.8162,72.8615,False,
MPLAD-01530,Nalgonda,Telangana,Health Sub-Centre,1.63,unit,CTR-0168,4684355.61,5216000.0,2024-02-19,2024-05-16,2024-05-23,2025-04-14,2025-05-09,273,17.7846,78.6551,False,
MPLAD-01531,Warangal,Telangana,Community Hall,2.56,unit,CTR-0164,6047129.64,6400000.0,2023-07-27,2023-10-02,2023-10-14,2025-05-22,2025-05-24,451,17.4695,78.5472,True,contractor_collusion
MPLAD-01532,Nalgonda,Telangana,Health Sub-Centre,1.14,unit,CTR-0117,3368794.93,3648000.0,2022-10-24,2022-12-06,2022-12-30,2023-07-08,2023-07-11,187,17.0837,78.1442,False,
MPLAD-01533,Secunderabad,Telangana,Road Construction,1.04,km,CTR-0058,907261.53,884000.0,2022-10-18,2022-11-04,2022-12-16,2023-03-30,2023-04-22,104,17.6978,78.4745,False,
MPLAD-01534,Pune,Maharashtra,Community Hall,1.55,unit,CTR-0047,4020905.28,3875000.0,2023-04-06,2023-05-07,2023-06-11,2024-02-10,2024-03-05,230,19.2027,72.7001,False,
MPLAD-01535,Secunderabad,Telangana,Drainage System,1.36,km,CTR-0058,1582188.36,1496000.0,2023-12-20,2024-01-18,2024-02-16,2024-06-28,2024-06-29,146,17.0063,78.6674,False,
MPLAD-01536,Cuttack,Odisha,Street Lighting,0.73,unit,CTR-0216,358599.46,328500.0,2024-04-08,2024-05-29,2024-07-11,2024-08-06,2024-08-27,22,20.0553,85.856,False,
MPLAD-01537,Pune,Maharashtra,Street Lighting,0.82,unit,CTR-0108,364971.51,369000.0,2022-01-20,2022-04-09,2022-05-17,2022-06-14,2022-07-08,28,18.8588,72.9112,False,
MPLAD-01538,Pune,Maharashtra,Health Sub-Centre,2.94,unit,CTR-0143,24458851.09,9408000.0,2022-03-08,2022-05-24,2022-06-16,2024-01-02,2024-01-05,493,18.6858,72.7008,True,cost_inflation
MPLAD-01539,Madurai,Tamil Nadu,Drainage System,2.83,km,CTR-0136,3363784.78,3113000.0,2023-02-17,2023-04-23,2023-06-05,2024-08-07,2024-08-10,334,11.3336,78.3854,False,
MPLAD-01540,Kota,Rajasthan,Drinking Water Supply,1.77,unit,CTR-0069,1977711.0,2124000.0,2022-03-22,2022-06-09,2022-06-24,2022-10-20,2022-11-17,125,26.8102,75.5743,False,
MPLAD-01541,Bhubaneswar,Odisha,Drainage System,0.92,km,CTR-0003,1163153.66,1012000.0,2024-10-03,2024-11-05,2024-11-10,2025-02-09,2025-02-25,88,19.8015,85.5081,False,
MPLAD-01542,Nalgonda,Telangana,Road Construction,1.87,km,CTR-0005,1530801.37,1589500.0,2024-04-05,2024-06-17,2024-07-07,2025-02-09,2025-02-04,191,16.9034,78.5211,False,
MPLAD-01543,Warangal,Telangana,Street Lighting,0.8,unit,CTR-0164,392218.69,360000.0,2022-07-09,2022-09-11,2022-10-22,2022-11-16,2022-11-20,21,17.7204,78.1389,False,
MPLAD-01544,Bhubaneswar,Odisha,Drainage System,2.18,km,CTR-0149,2718184.05,2398000.0,2024-07-30,2024-08-19,2024-09-17,2025-04-15,2025-05-01,233,20.1002,86.289,False,
MPLAD-01545,Bhubaneswar,Odisha,Health Sub-Centre,1.56,unit,CTR-0141,5740762.47,4992000.0,2022-03-25,2022-04-15,2022-04-21,2023-04-16,2023-05-13,284,20.0773,85.5191,False,
MPLAD-01546,Coimbatore,Tamil Nadu,Road Construction,0.71,km,CTR-0115,530377.76,603500.0,2023-10-14,2023-11-09,2023-12-22,2024-03-12,2024-03-30,73,11.02,78.12,True,geo_clustering
MPLAD-01547,Madurai,Tamil Nadu,Street Lighting,0.88,unit,CTR-0080,338758.73,396000.0,2022-01-25,2022-02-17,2022-03-17,2022-04-13,2022-04-23,28,10.7777,78.0111,False,
MPLAD-01548,Nagpur,Maharashtra,School Building Repair,1.99,unit,CTR-0156,1674611.98,1791000.0,2023-07-14,2023-09-18,2023-10-20,2024-04-23,2024-04-21,173,18.6955,72.9505,False,
MPLAD-01549,Coimbatore,Tamil Nadu,Drainage System,0.85,km,CTR-0007,1010732.48,935000.0,2024-11-04,2024-12-08,2024-12-21,2025-04-14,2025-05-11,99,10.9467,78.5224,True,contractor_collusion
MPLAD-01550,Secunderabad,Telangana,School Building Repair,1.37,unit,CTR-0058,1376241.03,1233000.0,2023-10-28,2023-11-29,2024-01-02,2024-04-17,2024-05-04,107,17.5372,78.1927,False,
MPLAD-01551,Patna Sahib,Bihar,Community Hall,0.54,unit,CTR-0117,1266836.99,1350000.0,2022-07-13,2022-10-07,2022-10-20,2023-01-13,2023-01-29,76,25.2072,84.7162,False,
MPLAD-01552,Pune,Maharashtra,Road Construction,2.47,km,CTR-0046,2398397.1,2099500.0,2022-02-06,2022-03-29,2022-04-28,2022-11-23,2022-11-20,222,18.6608,73.0016,False,
MPLAD-01553,Gaya,Bihar,Drinking Water Supply,0.56,unit,CTR-0105,588387.01,672000.0,2024-12-05,2025-01-07,2025-02-10,2025-03-14,2025-03-14,35,25.8234,85.3456,False,
MPLAD-01554,Nagpur,Maharashtra,Community Hall,2.98,unit,CTR-0189,21080519.65,7450000.0,2022-07-03,2022-08-03,2022-08-09,2023-11-29,2023-12-10,411,19.5465,73.1153,True,cost_inflation
MPLAD-01555,Madurai,Tamil Nadu,School Building Repair,1.06,unit,CTR-0084,1044123.44,954000.0,2023-06-14,2023-08-07,2023-09-05,2023-12-23,2024-01-06,92,11.1551,78.4938,False,
MPLAD-01556,Kanpur,Uttar Pradesh,School Building Repair,1.46,unit,CTR-0077,1497852.07,1314000.0,2022-06-30,2022-08-26,2022-09-15,2022-12-15,2023-01-10,101,27.0192,81.1985,False,
MPLAD-01557,Varanasi,Uttar Pradesh,Drainage System,2.61,km,CTR-0126,2663834.08,2871000.0,2024-05-13,2024-06-07,2024-07-13,2025-06-18,2025-07-17,262,26.4691,81.3402,False,
MPLAD-01558,Pune,Maharashtra,Drainage System,2.57,km,CTR-0033,2969632.19,2827000.0,2024-07-16,2024-07-31,2024-09-06,2025-05-22,2025-06-12,245,19.3036,72.7874,False,
MPLAD-01559,Madurai,Tamil Nadu,Drainage System,2.88,km,CTR-0103,3506271.81,3168000.0,2022-06-06,2022-08-16,2022-09-16,2023-09-02,2023-09-25,283,11.0106,78.4443,False,
MPLAD-01560,Jaipur Rural,Rajasthan,Drinking Water Supply,2.57,unit,CTR-0120,3234244.58,3084000.0,2023-03-02,2023-05-02,2023-05-07,2023-10-04,2023-10-05,165,27.2063,75.6033,False,
MPLAD-01561,Secunderabad,Telangana,Drinking Water Supply,1.28,unit,CTR-0058,1430880.11,1536000.0,2022-04-20,2022-06-13,2022-07-14,2022-10-13,2022-11-01,73,17.4477,78.9475,True,contractor_collusion
MPLAD-01562,Gaya,Bihar,Drainage System,1.13,km,CTR-0216,1331845.21,1243000.0,2024-01-01,2024-02-17,2024-03-29,2024-08-11,2024-08-07,112,26.0699,85.2599,False,
MPLAD-01563,Pune,Maharashtra,Drinking Water Supply,0.72,unit,CTR-0210,766469.47,864000.0,2024-10-06,2024-11-15,2024-12-24,2025-02-14,2025-03-14,47,18.7468,72.6491,False,
MPLAD-01564,Kanpur,Uttar Pradesh,School Building Repair,1.34,unit,CTR-0071,2854858.29,1206000.0,2024-10-26,2024-12-02,2024-12-11,2025-03-29,2025-04-10,98,26.8867,80.8198,True,cost_inflation
MPLAD-01565,Bhubaneswar,Odisha,Drinking Water Supply,0.55,unit,CTR-0199,728654.96,660000.0,2022-03-31,2022-05-08,2022-05-18,2022-06-22,2022-07-10,37,20.111,85.9565,False,
MPLAD-01566,Coimbatore,Tamil Nadu,Health Sub-Centre,2.66,unit,CTR-0007,7537709.32,8512000.0,2023-09-29,2023-12-20,2024-01-21,2025-04-04,2025-04-14,487,10.9967,77.7005,False,
MPLAD-01567,Nalgonda,Telangana,School Building Repair,1.01,unit,CTR-0015,1653006.38,909000.0,2022-08-04,2022-10-15,2022-11-24,2023-03-06,2023-03-04,83,16.9802,78.8076,True,cost_inflation
MPLAD-01568,Cuttack,Odisha,Drinking Water Supply,2.53,unit,CTR-0122,2799831.26,3036000.0,2024-10-13,2024-11-09,2024-12-21,2025-07-16,2025-05-27,169,20.2149,86.0807,True,payment_timing
MPLAD-01569,Gaya,Bihar,Health Sub-Centre,2.4,unit,CTR-0040,8693545.15,7680000.0,2022-04-15,2022-07-03,2022-07-24,2023-10-15,2023-10-28,477,25.9454,85.2361,False,
MPLAD-01570,Bhubaneswar,Odisha,Drinking Water Supply,2.8,unit,CTR-0094,3489715.81,3360000.0,2024-06-15,2024-08-12,2024-08-31,2025-02-07,2025-02-12,155,20.5062,85.3226,False,
MPLAD-01571,Kota,Rajasthan,Street Lighting,2.67,unit,CTR-0174,1181185.25,1201500.0,2024-08-23,2024-09-24,2024-10-28,2025-02-06,2025-02-04,89,27.1151,75.7679,False,
MPLAD-01572,Gaya,Bihar,Road Construction,1.88,km,CTR-0008,1603745.95,1598000.0,2024-08-20,2024-09-23,2024-10-06,2025-06-03,2025-05-12,191,25.3513,85.0904,True,payment_timing
MPLAD-01573,Patna Sahib,Bihar,School Building Repair,1.07,unit,CTR-0215,947806.37,963000.0,2022-08-06,2022-08-21,2022-09-06,2022-12-14,2023-01-13,82,25.1149,85.3228,False,
MPLAD-01574,Patna Sahib,Bihar,Health Sub-Centre,2.67,unit,CTR-0120,8545284.93,8544000.0,2023-06-11,2023-08-02,2023-08-19,2025-01-29,2025-02-01,434,25.3133,84.9953,False,
MPLAD-01575,Warangal,Telangana,Health Sub-Centre,2.47,unit,CTR-0010,7630012.05,7904000.0,2024-02-23,2024-05-18,2024-06-14,2026-02-08,2026-02-19,488,17.2984,78.4722,False,
MPLAD-01576,Pune,Maharashtra,School Building Repair,1.39,unit,CTR-0175,1227330.08,1251000.0,2023-05-19,2023-08-15,2023-09-12,2024-01-25,2023-12-20,115,18.6894,72.4549,True,payment_timing
MPLAD-01577,Bhubaneswar,Odisha,Drinking Water Supply,1.47,unit,CTR-0038,1501734.74,1764000.0,2023-03-22,2023-05-01,2023-05-29,2023-08-31,2023-09-28,103,20.32,85.82,True,geo_clustering
MPLAD-01578,Kanpur,Uttar Pradesh,Health Sub-Centre,0.78,unit,CTR-0178,2524599.36,2496000.0,2022-10-08,2022-11-28,2023-01-06,2023-06-22,2023-07-19,135,26.366,80.4236,False,
MPLAD-01579,Coimbatore,Tamil Nadu,Road Construction,2.52,km,CTR-0208,2343806.88,2142000.0,2023-04-14,2023-05-04,2023-05-18,2023-12-14,2023-12-13,224,10.8771,78.3197,False,
MPLAD-01580,Kota,Rajasthan,Drainage System,2.25,km,CTR-0100,2403927.81,2475000.0,2023-04-19,2023-06-15,2023-07-04,2024-03-22,2024-03-22,256,26.4935,75.6259,False,
MPLAD-01581,Varanasi,Uttar Pradesh,Health Sub-Centre,1.55,unit,CTR-0128,5359836.63,4960000.0,2024-11-01,2025-01-29,2025-03-02,2026-01-23,2026-01-25,264,26.6201,80.6468,False,
MPLAD-01582,Madurai,Tamil Nadu,Drainage System,0.84,km,CTR-0029,998962.76,924000.0,2024-10-06,2024-12-02,2024-12-13,2024-12-29,2024-12-30,98,11.2651,78.0978,True,ghost_project
MPLAD-01583,Bhubaneswar,Odisha,School Building Repair,0.61,unit,CTR-0164,577237.25,549000.0,2022-11-26,2023-01-09,2023-02-07,2023-03-22,2023-04-04,48,20.5868,85.7351,False,
MPLAD-01584,Madurai,Tamil Nadu,Drinking Water Supply,1.56,unit,CTR-0072,1850982.67,1872000.0,2024-01-04,2024-01-27,2024-02-29,2024-05-20,2024-06-13,87,10.7036,78.4269,False,
MPLAD-01585,Gaya,Bihar,Drinking Water Supply,1.16,unit,CTR-0207,1455616.65,1392000.0,2023-04-16,2023-07-01,2023-07-09,2023-09-19,2023-10-15,73,25.4181,85.5787,False,
MPLAD-01586,Secunderabad,Telangana,Health Sub-Centre,2.55,unit,CTR-0076,8993633.66,8160000.0,2023-10-27,2024-01-08,2024-01-24,2025-06-13,2025-06-18,481,17.4626,78.3323,False,
MPLAD-01587,Pune,Maharashtra,School Building Repair,1.51,unit,CTR-0136,1215285.98,1359000.0,2024-11-23,2025-01-15,2025-01-22,2025-05-27,2025-06-18,116,18.8507,72.4103,False,
MPLAD-01588,Pune,Maharashtra,School Building Repair,0.86,unit,CTR-0053,877467.25,774000.0,2023-02-27,2023-04-26,2023-05-14,2023-08-10,2023-08-30,74,19.0759,73.0916,False,
MPLAD-01589,Kanpur,Uttar Pradesh,Community Hall,2.31,unit,CTR-0111,6356939.12,5775000.0,2024-04-12,2024-04-30,2024-05-21,2025-07-08,2025-08-05,374,27.2936,80.9913,False,
MPLAD-01590,Coimbatore,Tamil Nadu,Road Construction,1.43,km,CTR-0007,1118983.36,1215500.0,2022-02-22,2022-05-15,2022-06-27,2022-07-29,2022-08-02,115,10.7,78.0181,True,ghost_project
MPLAD-01591,Jaipur Rural,Rajasthan,Health Sub-Centre,2.88,unit,CTR-0110,9980499.44,9216000.0,2023-10-21,2023-12-27,2024-01-29,2025-05-18,2025-06-12,515,26.9002,76.1818,False,
MPLAD-01592,Patna Sahib,Bihar,Drinking Water Supply,0.9,unit,CTR-0066,1193574.43,1080000.0,2022-02-26,2022-04-12,2022-05-20,2022-07-17,2022-07-23,58,25.5769,85.4603,False,
MPLAD-01593,Jaipur Rural,Rajasthan,Community Hall,1.02,unit,CTR-0187,2213121.77,2550000.0,2022-10-29,2023-01-13,2023-01-24,2023-06-09,2023-06-08,145,27.2359,76.1301,False,
MPLAD-01594,Gaya,Bihar,School Building Repair,0.8,unit,CTR-0156,718233.08,720000.0,2022-04-28,2022-06-19,2022-07-04,2022-09-11,2022-10-10,61,25.4719,84.889,False,
MPLAD-01595,Nagpur,Maharashtra,School Building Repair,1.08,unit,CTR-0142,935490.78,972000.0,2024-05-20,2024-08-17,2024-08-22,2024-11-23,2024-11-29,95,18.7872,73.2985,False,
MPLAD-01596,Madurai,Tamil Nadu,Street Lighting,0.53,unit,CTR-0141,274052.05,238500.0,2023-01-13,2023-03-19,2023-04-10,2023-04-28,2023-04-27,17,10.5606,78.1464,False,
MPLAD-01597,Jaipur Rural,Rajasthan,School Building Repair,0.55,unit,CTR-0195,452831.59,495000.0,2024-03-30,2024-05-08,2024-06-10,2024-08-10,2024-08-07,49,27.2882,75.9853,False,
MPLAD-01598,Nagpur,Maharashtra,Drinking Water Supply,1.02,unit,CTR-0051,1192152.31,1224000.0,2023-06-04,2023-07-24,2023-08-22,2023-11-01,2023-11-03,63,19.463,72.8406,False,
MPLAD-01599,Jaipur Rural,Rajasthan,Health Sub-Centre,2.95,unit,CTR-0111,10617771.57,9440000.0,2023-04-01,2023-06-27,2023-07-04,2025-01-25,2025-02-09,478,26.6601,75.4563,False,
MPLAD-01600,Nagpur,Maharashtra,Drainage System,2.97,km,CTR-0210,3095531.49,3267000.0,2023-03-25,2023-05-07,2023-05-20,2024-05-10,2024-05-15,329,19.5913,72.8933,False,
MPLAD-01601,Secunderabad,Telangana,Road Construction,2.56,km,CTR-0031,1994657.82,2176000.0,2023-09-04,2023-11-30,2024-01-01,2024-08-20,2024-09-11,252,17.6185,78.4526,False,
MPLAD-01602,Secunderabad,Telangana,Health Sub-Centre,1.88,unit,CTR-0043,5661758.19,6016000.0,2024-09-28,2024-11-15,2024-12-29,2026-04-26,2026-05-14,403,16.9234,78.7228,False,
MPLAD-01603,Gaya,Bihar,Street Lighting,2.54,unit,CTR-0078,1115120.81,1143000.0,2024-01-15,2024-03-22,2024-03-28,2024-06-12,2024-05-23,79,25.1102,85.3149,True,payment_timing
MPLAD-01604,Nalgonda,Telangana,Street Lighting,0.97,unit,CTR-0043,381206.93,436500.0,2023-09-05,2023-10-20,2023-12-03,2023-12-29,2024-01-09,29,17.4422,78.9139,False,
MPLAD-01605,Cuttack,Odisha,Community Hall,1.37,unit,CTR-0041,3108970.29,3425000.0,2022-01-14,2022-02-19,2022-03-11,2022-10-02,2022-09-29,197,19.954,85.6742,False,
MPLAD-01606,Patna Sahib,Bihar,Drinking Water Supply,2.93,unit,CTR-0219,3108343.11,3516000.0,2023-04-09,2023-06-06,2023-06-29,2024-01-24,2024-01-21,203,25.326,85.0048,False,
MPLAD-01607,Madurai,Tamil Nadu,Street Lighting,1.21,unit,CTR-0144,590788.12,544500.0,2023-05-18,2023-06-26,2023-07-11,2023-08-19,2023-08-29,39,10.8941,77.7632,False,
MPLAD-01608,Madurai,Tamil Nadu,Road Construction,0.57,km,CTR-0138,493850.46,484500.0,2023-04-18,2023-05-18,2023-05-31,2023-08-09,2023-08-21,57,11.2527,77.6905,False,
MPLAD-01609,Jaipur Rural,Rajasthan,Road Construction,1.33,km,CTR-0200,1163887.37,1130500.0,2022-10-02,2022-10-24,2022-11-05,2023-02-25,2023-03-23,118,26.8015,75.3753,False,
MPLAD-01610,Patna Sahib,Bihar,Street Lighting,0.9,unit,CTR-0072,454379.35,405000.0,2023-07-04,2023-07-30,2023-09-09,2023-09-12,2023-09-15,27,25.4419,85.586,True,ghost_project
MPLAD-01611,Warangal,Telangana,School Building Repair,1.7,unit,CTR-0026,1407042.68,1530000.0,2024-05-17,2024-07-06,2024-08-10,2024-12-20,2025-01-16,129,17.5296,78.3986,False,
MPLAD-01612,Coimbatore,Tamil Nadu,Community Hall,2.05,unit,CTR-0007,4541465.75,5125000.0,2023-04-14,2023-05-02,2023-05-07,2024-06-04,2024-06-09,350,11.1598,78.4794,True,contractor_collusion
MPLAD-01613,Varanasi,Uttar Pradesh,Community Hall,0.98,unit,CTR-0016,2600785.65,2450000.0,2023-04-17,2023-06-13,2023-07-10,2023-11-09,2023-11-10,135,26.82,80.92,True,geo_clustering
MPLAD-01614,Pune,Maharashtra,Street Lighting,1.25,unit,CTR-0027,590544.63,562500.0,2024-06-23,2024-09-08,2024-10-20,2024-11-24,2024-10-01,33,18.8609,73.0055,True,payment_timing
MPLAD-01615,Varanasi,Uttar Pradesh,Drainage System,0.88,km,CTR-0034,849930.42,968000.0,2023-06-05,2023-07-31,2023-09-08,2023-12-30,2024-01-05,93,27.036,81.3691,False,
MPLAD-01616,Jaipur Rural,Rajasthan,Street Lighting,0.6,unit,CTR-0127,269409.45,270000.0,2023-02-11,2023-03-24,2023-04-13,2023-05-04,2023-06-03,18,26.83,75.3953,False,
MPLAD-01617,Secunderabad,Telangana,Road Construction,2.29,km,CTR-0058,2043150.83,1946500.0,2023-07-18,2023-08-09,2023-09-16,2024-05-25,2024-06-21,244,17.6856,78.3593,True,contractor_collusion
MPLAD-01618,Kota,Rajasthan,Drainage System,2.93,km,CTR-0044,3049575.86,3223000.0,2024-09-05,2024-10-07,2024-11-06,2025-11-08,2025-11-04,302,27.1397,75.5661,False,
MPLAD-01619,Nagpur,Maharashtra,Drainage System,0.92,km,CTR-0200,952841.59,1012000.0,2023-10-16,2023-12-17,2023-12-27,2024-04-11,2024-05-01,88,18.7688,72.559,False,
MPLAD-01620,Nalgonda,Telangana,Drinking Water Supply,0.77,unit,CTR-0194,836224.91,924000.0,2024-04-10,2024-05-16,2024-06-09,2024-08-03,2024-09-02,51,17.3112,78.589,False,
MPLAD-01621,Pune,Maharashtra,Community Hall,0.73,unit,CTR-0004,2069055.79,1825000.0,2023-05-19,2023-07-08,2023-07-18,2023-11-20,2023-11-26,124,19.194,73.1881,False,
MPLAD-01622,Gaya,Bihar,Drainage System,0.93,km,CTR-0101,1082423.22,1023000.0,2024-04-19,2024-06-24,2024-06-29,2024-09-21,2024-10-07,84,25.928,84.6526,False,
MPLAD-01623,Kanpur,Uttar Pradesh,School Building Repair,1.69,unit,CTR-0071,1422913.9,1521000.0,2023-04-20,2023-05-14,2023-05-22,2023-10-05,2023-10-05,114,26.8749,80.6456,False,
MPLAD-01624,Secunderabad,Telangana,Community Hall,2.59,unit,CTR-0058,5685657.64,6475000.0,2023-04-01,2023-06-03,2023-06-08,2024-11-29,2024-12-20,459,17.8651,78.9318,True,contractor_collusion
MPLAD-01625,Patna Sahib,Bihar,Road Construction,1.2,km,CTR-0103,900934.57,1020000.0,2024-05-06,2024-05-28,2024-07-02,2024-12-02,2024-12-05,119,25.4909,84.8184,False,
MPLAD-01626,Nalgonda,Telangana,Drinking Water Supply,1.93,unit,CTR-0004,2127201.42,2316000.0,2023-07-10,2023-09-17,2023-09-27,2024-01-22,2024-02-13,109,17.559,78.8574,False,
MPLAD-01627,Bhubaneswar,Odisha,Community Hall,2.47,unit,CTR-0051,5461169.12,6175000.0,2023-06-15,2023-08-05,2023-08-15,2023-10-22,2023-10-24,404,19.9372,85.5,True,ghost_project
MPLAD-01628,Cuttack,Odisha,Road Construction,0.99,km,CTR-0192,760382.04,841500.0,2024-03-06,2024-05-26,2024-06-23,2024-10-01,2024-10-22,92,20.6943,86.0521,False,
MPLAD-01629,Kanpur,Uttar Pradesh,Drainage System,1.23,km,CTR-0155,2599329.12,1353000.0,2023-07-23,2023-09-30,2023-10-09,2024-02-08,2024-02-24,112,26.4001,80.9505,True,cost_inflation
MPLAD-01630,Jaipur Rural,Rajasthan,Health Sub-Centre,2.04,unit,CTR-0159,5918517.79,6528000.0,2023-01-10,2023-01-30,2023-02-14,2024-02-17,2024-02-26,363,26.8453,75.5666,False,
MPLAD-01631,Jaipur Rural,Rajasthan,Health Sub-Centre,1.05,unit,CTR-0044,3204113.26,3360000.0,2023-02-07,2023-04-27,2023-05-26,2024-01-22,2024-02-14,214,26.9703,76.2974,False,
MPLAD-01632,Varanasi,Uttar Pradesh,Health Sub-Centre,1.84,unit,CTR-0198,6321399.09,5888000.0,2022-10-08,2022-12-15,2023-01-24,2024-02-05,2024-02-17,335,26.9882,80.573,False,
MPLAD-01633,Coimbatore,Tamil Nadu,Drainage System,2.13,km,CTR-0007,2679866.83,2343000.0,2023-11-26,2024-01-09,2024-02-15,2024-10-10,2024-10-25,191,10.9817,78.5436,True,contractor_collusion
MPLAD-01634,Kanpur,Uttar Pradesh,Drinking Water Supply,1.97,unit,CTR-0071,2020749.64,2364000.0,2023-03-28,2023-06-12,2023-07-21,2023-11-22,2023-12-14,134,26.3499,80.8887,True,contractor_collusion
MPLAD-01635,Varanasi,Uttar Pradesh,Road Construction,1.64,km,CTR-0057,1584776.59,1394000.0,2023-07-19,2023-08-30,2023-10-03,2024-02-22,2024-03-12,155,26.3824,81.1524,False,
MPLAD-01636,Patna Sahib,Bihar,Health Sub-Centre,1.14,unit,CTR-0107,3553984.3,3648000.0,2024-03-05,2024-04-18,2024-05-18,2025-01-11,2025-01-10,213,25.4677,84.8969,False,
MPLAD-01637,Patna Sahib,Bihar,Street Lighting,1.79,unit,CTR-0210,831822.64,805500.0,2022-05-03,2022-06-06,2022-07-09,2022-08-30,2022-09-04,48,25.6769,84.71,False,
MPLAD-01638,Patna Sahib,Bihar,Drinking Water Supply,2.24,unit,CTR-0011,8223117.2,2688000.0,2024-02-28,2024-03-16,2024-04-08,2024-10-23,2024-11-10,154,25.5119,85.4823,True,cost_inflation
MPLAD-01639,Coimbatore,Tamil Nadu,Community Hall,1.17,unit,CTR-0007,2859017.07,2925000.0,2023-03-09,2023-03-27,2023-04-26,2023-11-13,2023-12-06,184,11.1659,77.6223,False,
MPLAD-01640,Kota,Rajasthan,Road Construction,0.96,km,CTR-0035,738498.77,816000.0,2024-08-31,2024-11-27,2024-12-19,2025-04-03,2025-03-30,87,27.1711,75.7521,False,
MPLAD-01641,Patna Sahib,Bihar,School Building Repair,1.76,unit,CTR-0056,1502973.83,1584000.0,2022-04-06,2022-06-09,2022-07-14,2022-12-31,2023-01-21,142,25.3044,85.2797,False,
MPLAD-01642,Coimbatore,Tamil Nadu,Street Lighting,1.76,unit,CTR-0218,787622.9,792000.0,2023-10-07,2023-12-02,2023-12-08,2024-02-11,2024-01-03,53,11.071,77.739,True,payment_timing
MPLAD-01643,Varanasi,Uttar Pradesh,Road Construction,2.64,km,CTR-0166,2191885.87,2244000.0,2022-06-09,2022-09-01,2022-10-01,2023-08-05,2023-08-28,263,26.3297,80.7908,False,
MPLAD-01644,Madurai,Tamil Nadu,Road Construction,1.51,km,CTR-0018,1153683.97,1283500.0,2022-01-31,2022-04-16,2022-05-03,2022-11-22,2022-11-28,159,11.2667,78.109,False,
MPLAD-01645,Nagpur,Maharashtra,Drainage System,1.84,km,CTR-0209,1817393.07,2024000.0,2022-11-12,2023-01-19,2023-02-13,2023-03-27,2023-03-27,172,19.3726,72.6334,True,ghost_project
MPLAD-01646,Gaya,Bihar,Street Lighting,2.58,unit,CTR-0211,1199572.82,1161000.0,2023-08-21,2023-09-25,2023-10-01,2023-12-11,2024-01-09,73,25.787,85.2649,False,
MPLAD-01647,Pune,Maharashtra,Road Construction,1.09,km,CTR-0198,878368.77,926500.0,2022-02-09,2022-03-10,2022-04-02,2022-07-23,2022-08-13,108,19.0496,73.3939,False,
MPLAD-01648,Nagpur,Maharashtra,Road Construction,2.55,km,CTR-0088,2127957.78,2167500.0,2023-06-14,2023-09-04,2023-09-19,2024-06-09,2024-06-21,206,18.832,73.3125,False,
MPLAD-01649,Pune,Maharashtra,Drinking Water Supply,1.11,unit,CTR-0202,1153899.68,1332000.0,2022-06-04,2022-08-17,2022-09-25,2022-11-22,2022-12-17,62,19.102,73.3274,False,
MPLAD-01650,Pune,Maharashtra,School Building Repair,2.16,unit,CTR-0070,2047693.44,1944000.0,2024-12-16,2025-03-15,2025-03-23,2025-08-22,2025-09-02,162,19.4825,72.9809,False,
MPLAD-01651,Cuttack,Odisha,Community Hall,2.14,unit,CTR-0218,4697011.56,5350000.0,2024-07-08,2024-07-28,2024-08-09,2025-06-20,2025-06-24,289,20.2123,85.5983,False,
MPLAD-01652,Kanpur,Uttar Pradesh,Road Construction,2.07,km,CTR-0071,1512173.49,1759500.0,2022-05-15,2022-07-27,2022-08-11,2023-03-14,2023-04-11,203,26.4656,81.3459,False,
MPLAD-01653,Varanasi,Uttar Pradesh,Health Sub-Centre,1.25,unit,CTR-0214,4031892.8,4000000.0,2022-03-03,2022-03-20,2022-04-23,2022-12-21,2023-01-17,253,26.9598,81.3659,False,
MPLAD-01654,Pune,Maharashtra,Community Hall,1.67,unit,CTR-0166,3893951.63,4175000.0,2022-01-05,2022-03-15,2022-04-26,2023-01-21,2023-02-09,230,19.4586,72.5715,False,
MPLAD-01655,Secunderabad,Telangana,School Building Repair,0.58,unit,CTR-0058,464601.23,522000.0,2022-09-03,2022-11-15,2022-11-23,2023-01-05,2023-01-11,38,17.8943,78.4213,False,
MPLAD-01656,Varanasi,Uttar Pradesh,Drinking Water Supply,1.32,unit,CTR-0056,4506369.34,1584000.0,2023-01-12,2023-02-28,2023-03-26,2023-07-15,2023-08-10,86,27.2,80.4812,True,cost_inflation
MPLAD-01657,Pune,Maharashtra,Health Sub-Centre,0.86,unit,CTR-0169,2473200.07,2752000.0,2023-03-17,2023-05-23,2023-07-05,2023-12-14,2023-12-14,179,19.5388,72.5562,False,
MPLAD-01658,Kanpur,Uttar Pradesh,Drinking Water Supply,1.88,unit,CTR-0071,2097804.86,2256000.0,2022-05-01,2022-06-16,2022-07-30,2022-11-27,2022-12-20,115,26.3008,81.3183,True,contractor_collusion
MPLAD-01659,Bhubaneswar,Odisha,Community Hall,2.73,unit,CTR-0196,6432573.46,6825000.0,2023-04-01,2023-06-09,2023-06-30,2024-09-24,2024-09-24,411,20.4999,86.1152,False,
MPLAD-01660,Varanasi,Uttar Pradesh,Health Sub-Centre,0.54,unit,CTR-0174,1594808.3,1728000.0,2023-07-12,2023-09-30,2023-11-08,2024-02-09,2024-02-26,98,27.1743,80.97,False,
MPLAD-01661,Kota,Rajasthan,Community Hall,1.19,unit,CTR-0095,3164477.92,2975000.0,2023-02-09,2023-03-12,2023-03-31,2023-10-11,2023-10-30,182,26.8032,75.7636,False,
MPLAD-01662,Gaya,Bihar,Street Lighting,1.96,unit,CTR-0073,783925.42,882000.0,2024-09-19,2024-10-26,2024-11-08,2025-01-21,2025-02-01,62,25.286,85.1244,False,
MPLAD-01663,Nagpur,Maharashtra,School Building Repair,0.82,unit,CTR-0159,712280.33,738000.0,2024-07-18,2024-10-13,2024-11-24,2025-01-28,2025-02-04,62,19.4925,72.777,False,
MPLAD-01664,Pune,Maharashtra,Street Lighting,0.89,unit,CTR-0211,450339.8,400500.0,2023-05-23,2023-07-04,2023-07-29,2023-08-31,2023-09-25,28,19.4652,72.7998,False,
MPLAD-01665,Jaipur Rural,Rajasthan,Drainage System,2.03,km,CTR-0116,2147365.97,2233000.0,2022-01-26,2022-03-20,2022-04-01,2022-11-15,2022-12-13,229,26.5727,75.8233,False,
MPLAD-01666,Cuttack,Odisha,Drinking Water Supply,2.53,unit,CTR-0156,2667714.05,3036000.0,2024-12-17,2025-01-25,2025-03-09,2025-07-21,2025-07-24,144,20.2025,85.3293,False,
MPLAD-01667,Varanasi,Uttar Pradesh,Drinking Water Supply,2.13,unit,CTR-0013,2677326.44,2556000.0,2024-03-27,2024-04-29,2024-06-12,2024-11-16,2024-11-15,132,27.2566,80.705,False,
MPLAD-01668,Bhubaneswar,Odisha,Community Hall,2.68,unit,CTR-0009,7164489.27,6700000.0,2023-03-22,2023-05-14,2023-05-26,2024-06-17,2024-07-15,429,20.32,85.82,True,geo_clustering
MPLAD-01669,Bhubaneswar,Odisha,Drainage System,1.68,km,CTR-0140,1589190.57,1848000.0,2024-06-09,2024-08-04,2024-09-02,2025-03-06,2025-03-09,182,20.0969,85.3114,False,
MPLAD-01670,Pune,Maharashtra,Drainage System,0.64,km,CTR-0039,636975.99,704000.0,2023-04-21,2023-05-09,2023-06-19,2023-09-08,2023-08-13,64,19.0281,73.3424,True,payment_timing
MPLAD-01671,Cuttack,Odisha,Street Lighting,1.5,unit,CTR-0159,759113.17,675000.0,2022-03-11,2022-05-12,2022-06-11,2022-08-03,2022-07-29,48,19.8852,85.9589,False,
MPLAD-01672,Jaipur Rural,Rajasthan,Road Construction,1.52,km,CTR-0158,1137155.37,1292000.0,2023-11-14,2024-01-29,2024-02-12,2024-08-02,2024-08-15,143,27.2496,75.3067,False,
MPLAD-01673,Jaipur Rural,Rajasthan,Drinking Water Supply,0.8,unit,CTR-0066,2386818.03,960000.0,2022-05-29,2022-07-07,2022-08-11,2022-10-03,2022-10-18,46,27.2504,75.3969,True,cost_inflation
MPLAD-01674,Pune,Maharashtra,Community Hall,0.68,unit,CTR-0044,1950195.47,1700000.0,2023-04-08,2023-06-15,2023-06-25,2023-10-25,2023-10-31,102,19.566,72.5466,False,
MPLAD-01675,Coimbatore,Tamil Nadu,Street Lighting,2.31,unit,CTR-0153,1067811.71,1039500.0,2023-02-01,2023-03-14,2023-04-17,2023-06-21,2023-07-05,72,11.2318,78.4104,False,
MPLAD-01676,Varanasi,Uttar Pradesh,Drinking Water Supply,1.62,unit,CTR-0217,1973130.94,1944000.0,2023-07-09,2023-09-25,2023-10-27,2024-01-14,2024-02-12,87,26.716,80.5287,False,
MPLAD-01677,Cuttack,Odisha,Road Construction,2.23,km,CTR-0002,1878688.45,1895500.0,2022-05-27,2022-08-10,2022-09-24,2022-11-10,2022-11-15,199,20.6533,86.275,True,ghost_project
MPLAD-01678,Bhubaneswar,Odisha,Community Hall,1.98,unit,CTR-0138,11309974.93,4950000.0,2023-01-30,2023-03-18,2023-03-25,2024-02-28,2024-02-27,298,20.3583,85.654,True,cost_inflation
MPLAD-01679,Warangal,Telangana,Drainage System,0.74,km,CTR-0207,910507.24,814000.0,2023-07-10,2023-09-13,2023-10-11,2023-12-25,2023-12-27,76,17.8218,78.0469,False,
MPLAD-01680,Nalgonda,Telangana,School Building Repair,1.21,unit,CTR-0013,1117694.78,1089000.0,2022-01-26,2022-03-21,2022-04-15,2022-08-24,2022-08-26,105,17.4396,78.9847,False,
MPLAD-01681,Nagpur,Maharashtra,Community Hall,2.28,unit,CTR-0202,14359657.32,5700000.0,2022-02-19,2022-04-01,2022-05-13,2023-04-09,2023-04-14,315,19.3672,73.1384,True,cost_inflation
MPLAD-01682,Kota,Rajasthan,Health Sub-Centre,1.5,unit,CTR-0142,5445868.29,4800000.0,2022-02-13,2022-04-25,2022-06-03,2023-04-26,2023-04-30,293,26.7917,75.4574,False,
MPLAD-01683,Cuttack,Odisha,Road Construction,1.21,km,CTR-0098,1009162.98,1028500.0,2023-02-22,2023-04-08,2023-05-04,2023-09-18,2023-09-21,116,20.0001,86.2325,False,
MPLAD-01684,Varanasi,Uttar Pradesh,School Building Repair,2.63,unit,CTR-0068,2369227.97,2367000.0,2022-04-20,2022-06-29,2022-08-04,2023-02-09,2023-03-11,207,26.783,81.3688,False,
MPLAD-01685,Pune,Maharashtra,Road Construction,0.79,km,CTR-0184,711647.28,671500.0,2023-08-01,2023-09-13,2023-09-23,2023-10-06,2023-10-10,65,19.4108,72.7786,True,ghost_project
MPLAD-01686,Kota,Rajasthan,Drinking Water Supply,1.36,unit,CTR-0013,1779047.69,1632000.0,2022-09-02,2022-10-01,2022-11-13,2023-02-11,2023-02-08,78,26.6953,75.7548,False,
MPLAD-01687,Secunderabad,Telangana,Community Hall,1.06,unit,CTR-0058,2971962.14,2650000.0,2024-09-01,2024-11-16,2024-12-08,2025-06-08,2025-06-20,175,17.1963,78.7264,True,contractor_collusion
MPLAD-01688,Pune,Maharashtra,Street Lighting,2.43,unit,CTR-0174,1230800.04,1093500.0,2022-06-13,2022-08-23,2022-09-01,2022-11-25,2022-11-24,84,19.4229,72.9723,False,
MPLAD-01689,Varanasi,Uttar Pradesh,Street Lighting,2.69,unit,CTR-0108,1205385.97,1210500.0,2024-04-15,2024-05-16,2024-06-16,2024-09-02,2024-09-17,81,27.0031,80.9762,False,
MPLAD-01690,Kanpur,Uttar Pradesh,Drinking Water Supply,2.37,unit,CTR-0036,2480257.33,2844000.0,2022-02-03,2022-03-06,2022-04-03,2022-09-14,2022-10-14,150,27.2072,80.4059,False,
MPLAD-01691,Gaya,Bihar,Street Lighting,1.33,unit,CTR-0013,654627.49,598500.0,2022-03-27,2022-05-31,2022-06-30,2022-08-07,2022-08-02,39,25.471,84.7293,False,
MPLAD-01692,Warangal,Telangana,Drainage System,1.16,km,CTR-0110,1087667.87,1276000.0,2022-09-05,2022-09-21,2022-10-09,2023-02-24,2023-02-26,122,17.8884,78.0587,False,
MPLAD-01693,Nalgonda,Telangana,Drainage System,1.41,km,CTR-0037,1329194.04,1551000.0,2022-11-20,2022-12-30,2023-02-02,2023-07-16,2023-08-09,137,17.5961,78.3667,False,
MPLAD-01694,Pune,Maharashtra,Street Lighting,0.97,unit,CTR-0212,422412.81,436500.0,2024-12-28,2025-03-08,2025-03-15,2025-04-08,2025-05-02,26,18.9488,73.2147,False,
MPLAD-01695,Pune,Maharashtra,Drinking Water Supply,1.14,unit,CTR-0083,1274984.62,1368000.0,2022-10-08,2022-10-28,2022-11-22,2023-02-05,2023-03-07,74,19.5626,72.6815,False,
MPLAD-01696,Kanpur,Uttar Pradesh,Drinking Water Supply,1.89,unit,CTR-0032,2356875.01,2268000.0,2024-03-08,2024-05-06,2024-06-20,2024-10-07,2024-10-15,105,26.5834,81.239,False,
MPLAD-01697,Gaya,Bihar,Drinking Water Supply,0.89,unit,CTR-0104,961586.82,1068000.0,2024-01-30,2024-03-04,2024-03-16,2024-05-20,2024-06-15,60,25.1523,85.2994,False,
MPLAD-01698,Madurai,Tamil Nadu,Community Hall,0.76,unit,CTR-0105,1854399.47,1900000.0,2024-05-16,2024-06-03,2024-07-06,2024-10-10,2024-11-02,107,11.3637,77.7543,False,
MPLAD-01699,Nalgonda,Telangana,School Building Repair,0.99,unit,CTR-0034,971130.39,891000.0,2024-10-29,2024-12-29,2025-01-04,2025-03-07,2025-03-14,67,17.5809,78.0679,False,
MPLAD-01700,Pune,Maharashtra,Drainage System,1.56,km,CTR-0024,1875054.31,1716000.0,2022-04-21,2022-06-19,2022-07-27,2023-01-09,2023-01-07,155,18.9734,72.5792,False,
MPLAD-01701,Kanpur,Uttar Pradesh,Community Hall,1.61,unit,CTR-0079,3741658.06,4025000.0,2023-06-26,2023-08-26,2023-09-13,2024-05-21,2024-06-05,268,26.9944,81.3875,False,
MPLAD-01702,Patna Sahib,Bihar,Road Construction,1.65,km,CTR-0186,1433075.7,1402500.0,2024-12-10,2025-03-08,2025-04-16,2025-10-07,2025-10-21,165,25.9476,85.0046,False,
MPLAD-01703,Gaya,Bihar,Drinking Water Supply,1.88,unit,CTR-0032,2049446.25,2256000.0,2024-10-10,2024-11-27,2025-01-11,2025-05-20,2025-06-13,111,25.496,85.5548,False,
MPLAD-01704,Nalgonda,Telangana,School Building Repair,0.96,unit,CTR-0198,797356.41,864000.0,2024-09-06,2024-11-20,2024-11-30,2025-02-27,2025-02-06,80,17.7555,78.8057,True,payment_timing
MPLAD-01705,Nalgonda,Telangana,Community Hall,1.4,unit,CTR-0155,3488312.35,3500000.0,2022-10-22,2023-01-06,2023-01-24,2023-09-26,2023-09-29,202,17.1103,78.9983,False,
MPLAD-01706,Nalgonda,Telangana,Drinking Water Supply,2.67,unit,CTR-0048,3609202.88,3204000.0,2022-12-02,2023-02-05,2023-03-11,2023-08-25,2023-08-31,159,17.1583,78.4393,False,
MPLAD-01707,Cuttack,Odisha,Street Lighting,0.9,unit,CTR-0182,431843.0,405000.0,2022-10-16,2022-11-05,2022-11-18,2022-12-18,2022-12-24,31,19.8217,85.3939,False,
MPLAD-01708,Warangal,Telangana,Road Construction,1.07,km,CTR-0049,990911.96,909500.0,2023-08-24,2023-09-25,2023-10-13,2024-02-19,2024-03-16,101,17.5598,78.6046,False,
MPLAD-01709,Nalgonda,Telangana,Street Lighting,2.18,unit,CTR-0205,931380.85,981000.0,2022-06-22,2022-08-18,2022-09-09,2022-11-23,2022-11-26,64,17.7967,78.0576,False,
MPLAD-01710,Gaya,Bihar,Drinking Water Supply,2.22,unit,CTR-0146,2761770.72,2664000.0,2023-03-29,2023-04-28,2023-05-04,2023-08-26,2023-09-15,127,25.8886,85.5847,False,
MPLAD-01711,Secunderabad,Telangana,Community Hall,2.98,unit,CTR-0111,7952218.68,7450000.0,2022-09-20,2022-12-07,2023-01-09,2024-04-11,2024-04-19,422,17.1038,78.0754,False,
MPLAD-01712,Coimbatore,Tamil Nadu,Street Lighting,1.5,unit,CTR-0102,634244.4,675000.0,2024-06-26,2024-07-11,2024-07-29,2024-09-18,2024-09-16,46,10.738,78.3976,False,
MPLAD-01713,Secunderabad,Telangana,Drinking Water Supply,1.26,unit,CTR-0204,1571047.15,1512000.0,2022-03-18,2022-06-01,2022-06-25,2022-09-15,2022-09-18,69,17.7978,78.2702,False,
MPLAD-01714,Gaya,Bihar,Health Sub-Centre,2.45,unit,CTR-0122,7526769.78,7840000.0,2024-07-17,2024-09-23,2024-10-06,2025-12-18,2025-12-13,418,25.62,85.12,True,geo_clustering
MPLAD-01715,Nalgonda,Telangana,Health Sub-Centre,2.27,unit,CTR-0063,6590431.66,7264000.0,2024-01-01,2024-03-07,2024-03-28,2025-09-27,2025-09-26,429,17.1827,78.4478,False,
MPLAD-01716,Pune,Maharashtra,School Building Repair,1.02,unit,CTR-0151,924256.71,918000.0,2024-09-19,2024-12-16,2025-01-24,2025-04-20,2025-04-19,73,18.8577,73.3139,False,
MPLAD-01717,Nagpur,Maharashtra,Road Construction,2.05,km,CTR-0190,1645788.15,1742500.0,2023-08-01,2023-09-11,2023-09-25,2024-05-05,2024-05-27,182,18.8966,72.5276,False,
MPLAD-01718,Varanasi,Uttar Pradesh,Street Lighting,0.75,unit,CTR-0098,297085.49,337500.0,2024-12-28,2025-01-21,2025-02-01,2025-02-25,2025-03-10,24,26.8624,80.7394,False,
MPLAD-01719,Coimbatore,Tamil Nadu,Road Construction,2.21,km,CTR-0007,1842961.06,1878500.0,2022-12-01,2023-01-02,2023-01-19,2023-10-14,2023-11-11,219,11.2032,77.9042,True,contractor_collusion
MPLAD-01720,Secunderabad,Telangana,Drainage System,2.29,km,CTR-0058,2705297.61,2519000.0,2022-05-12,2022-07-31,2022-09-06,2023-06-13,2023-06-16,253,17.105,78.5259,True,contractor_collusion
MPLAD-01721,Pune,Maharashtra,Drinking Water Supply,2.93,unit,CTR-0140,3294621.84,3516000.0,2022-04-12,2022-06-15,2022-06-24,2023-02-08,2023-02-15,177,19.2979,72.6554,False,
MPLAD-01722,Varanasi,Uttar Pradesh,School Building Repair,2.37,unit,CTR-0120,2180963.32,2133000.0,2023-07-10,2023-09-13,2023-09-19,2024-04-30,2024-05-15,187,26.8153,81.0867,False,
MPLAD-01723,Madurai,Tamil Nadu,Street Lighting,1.47,unit,CTR-0204,737624.24,661500.0,2022-01-08,2022-03-20,2022-04-03,2022-05-18,2022-05-20,46,10.5507,78.143,False,
MPLAD-01724,Gaya,Bihar,Community Hall,1.46,unit,CTR-0022,3247487.27,3650000.0,2023-10-23,2023-12-22,2024-01-16,2024-09-14,2024-10-11,203,25.5064,84.8778,False,
MPLAD-01725,Gaya,Bihar,Street Lighting,1.32,unit,CTR-0083,640091.26,594000.0,2023-12-23,2024-01-19,2024-02-04,2024-03-20,2024-04-11,45,25.3746,84.6068,False,
MPLAD-01726,Patna Sahib,Bihar,School Building Repair,2.47,unit,CTR-0134,2166263.42,2223000.0,2022-09-29,2022-11-20,2022-11-28,2023-06-19,2023-05-29,195,25.4826,84.8554,True,payment_timing
MPLAD-01727,Bhubaneswar,Odisha,Drinking Water Supply,1.15,unit,CTR-0078,1491713.85,1380000.0,2024-08-25,2024-10-16,2024-10-21,2024-12-30,2025-01-06,74,20.0016,85.7065,False,
MPLAD-01728,Nalgonda,Telangana,School Building Repair,2.44,unit,CTR-0132,2417684.49,2196000.0,2022-03-27,2022-04-19,2022-05-22,2022-11-27,2022-12-07,209,17.3082,78.0456,False,
MPLAD-01729,Cuttack,Odisha,Health Sub-Centre,0.88,unit,CTR-0069,2572833.41,2816000.0,2022-05-05,2022-06-11,2022-06-18,2023-01-13,2023-01-29,172,20.5313,85.8406,False,
MPLAD-01730,Nalgonda,Telangana,Community Hall,2.44,unit,CTR-0156,5693697.94,6100000.0,2023-07-06,2023-10-03,2023-10-08,2024-10-22,2024-11-13,336,17.538,78.8237,False,
MPLAD-01731,Bhubaneswar,Odisha,School Building Repair,2.8,unit,CTR-0217,2818864.84,2520000.0,2022-10-04,2022-11-22,2022-12-18,2023-10-30,2023-11-29,244,20.0687,85.5097,False,
MPLAD-01732,Kota,Rajasthan,Drinking Water Supply,1.25,unit,CTR-0004,1686467.83,1500000.0,2023-12-26,2024-02-27,2024-04-03,2024-06-20,2024-07-17,77,27.3737,75.3142,False,
MPLAD-01733,Pune,Maharashtra,Drainage System,1.93,km,CTR-0058,2235623.4,2123000.0,2022-04-03,2022-05-05,2022-06-06,2022-12-25,2023-01-05,225,18.8703,73.0507,False,
MPLAD-01734,Madurai,Tamil Nadu,Road Construction,2.92,km,CTR-0060,2373120.29,2482000.0,2022-10-14,2022-12-10,2023-01-17,2023-10-24,2023-10-20,277,11.02,78.12,True,geo_clustering
MPLAD-01735,Warangal,Telangana,Community Hall,2.16,unit,CTR-0113,5353287.28,5400000.0,2024-07-31,2024-09-30,2024-11-13,2025-11-06,2025-11-08,343,17.5563,78.0667,False,
MPLAD-01736,Varanasi,Uttar Pradesh,Drainage System,1.81,km,CTR-0176,1787300.93,1991000.0,2024-12-05,2025-01-05,2025-02-17,2025-08-03,2025-08-31,163,27.1738,81.0963,False,
MPLAD-01737,Warangal,Telangana,Drinking Water Supply,1.11,unit,CTR-0041,1438474.65,1332000.0,2024-05-29,2024-06-16,2024-07-14,2024-09-25,2024-10-14,62,17.6164,78.7567,False,
MPLAD-01738,Bhubaneswar,Odisha,School Building Repair,1.23,unit,CTR-0124,1112431.08,1107000.0,2024-06-27,2024-08-05,2024-08-10,2024-11-07,2024-11-13,85,20.6434,85.5136,False,
MPLAD-01739,Warangal,Telangana,Drainage System,1.82,km,CTR-0208,2238349.63,2002000.0,2024-08-17,2024-11-09,2024-12-16,2025-06-30,2025-07-04,205,17.7864,78.8233,False,
MPLAD-01740,Varanasi,Uttar Pradesh,Street Lighting,2.06,unit,CTR-0107,953063.48,927000.0,2024-05-10,2024-06-13,2024-07-03,2024-08-24,2024-08-28,55,26.5201,80.8738,False,
MPLAD-01741,Nagpur,Maharashtra,Street Lighting,2.95,unit,CTR-0007,1480389.56,1327500.0,2022-04-26,2022-05-15,2022-06-16,2022-09-11,2022-09-23,85,19.4729,73.1145,False,
MPLAD-01742,Nalgonda,Telangana,School Building Repair,2.72,unit,CTR-0172,2286849.12,2448000.0,2024-07-03,2024-09-30,2024-10-25,2025-07-02,2025-07-01,212,17.5271,78.4452,False,
MPLAD-01743,Kanpur,Uttar Pradesh,Drinking Water Supply,2.97,unit,CTR-0020,3968721.8,3564000.0,2022-03-23,2022-06-03,2022-06-21,2023-01-12,2023-01-11,189,26.6527,80.4648,False,
MPLAD-01744,Kota,Rajasthan,Road Construction,1.26,km,CTR-0149,1074189.79,1071000.0,2024-03-10,2024-04-15,2024-05-15,2024-10-12,2024-10-20,122,26.9055,75.8505,False,
MPLAD-01745,Kota,Rajasthan,Community Hall,2.65,unit,CTR-0006,7538226.09,6625000.0,2024-03-27,2024-04-21,2024-05-05,2025-07-14,2025-08-03,438,27.0813,75.4804,False,
MPLAD-01746,Pune,Maharashtra,Health Sub-Centre,0.57,unit,CTR-0155,2015369.3,1824000.0,2022-07-24,2022-08-27,2022-10-07,2023-02-16,2023-03-17,114,19.123,72.787,False,
MPLAD-01747,Warangal,Telangana,Health Sub-Centre,2.54,unit,CTR-0035,6973546.59,8128000.0,2022-01-15,2022-03-22,2022-04-20,2024-01-01,2023-12-29,524,17.7731,78.0471,False,
MPLAD-01748,Jaipur Rural,Rajasthan,Community Hall,0.87,unit,CTR-0200,2210781.11,2175000.0,2023-04-19,2023-06-01,2023-06-23,2023-12-06,2024-01-02,132,27.0628,76.1495,False,
MPLAD-01749,Cuttack,Odisha,Street Lighting,2.8,unit,CTR-0117,1162706.73,1260000.0,2024-05-11,2024-07-27,2024-08-21,2024-11-18,2024-12-09,83,20.6623,86.0829,False,
MPLAD-01750,Patna Sahib,Bihar,Community Hall,2.23,unit,CTR-0091,4760943.58,5575000.0,2023-04-29,2023-05-26,2023-06-10,2024-08-14,2024-08-22,349,25.2002,84.9293,False,
MPLAD-01751,Bhubaneswar,Odisha,Drainage System,1.3,km,CTR-0197,1505555.11,1430000.0,2022-09-18,2022-10-14,2022-11-21,2023-03-29,2023-04-07,118,20.3166,86.0109,False,
MPLAD-01752,Varanasi,Uttar Pradesh,Road Construction,2.95,km,CTR-0095,2535630.32,2507500.0,2022-06-06,2022-07-30,2022-08-08,2023-04-16,2023-05-11,246,27.251,81.0514,False,
MPLAD-01753,Secunderabad,Telangana,Health Sub-Centre,2.48,unit,CTR-0166,8771260.28,7936000.0,2024-06-28,2024-07-27,2024-08-21,2025-12-25,2026-01-14,427,17.7191,78.7764,False,
MPLAD-01754,Nalgonda,Telangana,Drainage System,2.1,km,CTR-0150,2572190.62,2310000.0,2024-07-03,2024-09-24,2024-10-02,2025-06-30,2025-07-04,217,17.1321,78.9735,False,
MPLAD-01755,Varanasi,Uttar Pradesh,Drainage System,1.57,km,CTR-0092,1619195.06,1727000.0,2024-08-26,2024-11-22,2024-12-15,2025-05-09,2025-05-18,160,27.1194,80.8233,False,
MPLAD-01756,Bhubaneswar,Odisha,Drinking Water Supply,0.67,unit,CTR-0006,735964.52,804000.0,2023-10-16,2023-12-31,2024-01-18,2024-03-02,2024-03-29,37,20.4619,86.1686,False,
MPLAD-01757,Patna Sahib,Bihar,School Building Repair,2.27,unit,CTR-0116,1834716.33,2043000.0,2022-10-29,2023-01-08,2023-01-27,2023-08-02,2023-08-22,199,26.0617,85.374,False,
MPLAD-01758,Secunderabad,Telangana,Road Construction,1.33,km,CTR-0023,1085830.13,1130500.0,2023-09-16,2023-10-21,2023-11-09,2024-03-18,2024-04-01,132,16.9905,78.8545,False,
MPLAD-01759,Kota,Rajasthan,Road Construction,2.07,km,CTR-0089,1629801.71,1759500.0,2024-06-05,2024-08-08,2024-08-14,2025-04-02,2025-04-10,181,26.6999,76.0947,False,
MPLAD-01760,Varanasi,Uttar Pradesh,Drainage System,0.94,km,CTR-0100,916847.3,1034000.0,2024-01-01,2024-03-25,2024-04-17,2024-08-16,2024-09-11,105,26.5677,81.3319,False,
MPLAD-01761,Gaya,Bihar,Road Construction,1.6,km,CTR-0017,1293361.4,1360000.0,2022-12-06,2022-12-30,2023-02-05,2023-08-22,2023-09-11,170,25.6645,84.6718,False,
MPLAD-01762,Cuttack,Odisha,Drinking Water Supply,1.07,unit,CTR-0026,1385387.8,1284000.0,2024-09-09,2024-11-12,2024-11-20,2025-02-14,2025-02-25,73,20.6173,85.5034,False,
MPLAD-01763,Varanasi,Uttar Pradesh,School Building Repair,2.34,unit,CTR-0007,4237667.31,2106000.0,2022-09-14,2022-12-06,2023-01-05,2023-07-27,2023-08-06,200,27.2711,81.1707,True,cost_inflation
MPLAD-01764,Pune,Maharashtra,Health Sub-Centre,2.92,unit,CTR-0090,10042280.73,9344000.0,2024-02-27,2024-04-05,2024-04-17,2026-01-09,2025-11-13,563,19.0156,72.8524,True,payment_timing
MPLAD-01765,Gaya,Bihar,School Building Repair,1.59,unit,CTR-0106,1249818.02,1431000.0,2023-10-04,2023-12-08,2023-12-28,2024-04-19,2024-02-26,112,25.2344,85.449,True,payment_timing
MPLAD-01766,Kanpur,Uttar Pradesh,Drainage System,1.97,km,CTR-0071,5339692.08,2167000.0,2023-03-04,2023-05-14,2023-06-15,2024-02-27,2024-03-19,230,26.7882,81.0172,True,cost_inflation
MPLAD-01767,Nagpur,Maharashtra,School Building Repair,1.32,unit,CTR-0019,1236350.9,1188000.0,2024-04-06,2024-05-06,2024-05-28,2024-09-03,2024-09-08,97,18.8113,73.1769,False,
MPLAD-01768,Varanasi,Uttar Pradesh,School Building Repair,1.49,unit,CTR-0218,1284877.74,1341000.0,2022-10-14,2022-12-16,2022-12-24,2023-04-24,2023-05-13,129,26.5463,81.1516,False,
MPLAD-01769,Nagpur,Maharashtra,Road Construction,2.46,km,CTR-0150,2001110.54,2091000.0,2024-02-21,2024-04-18,2024-05-15,2025-03-03,2025-03-08,258,19.2394,72.886,False,
MPLAD-01770,Cuttack,Odisha,Health Sub-Centre,2.53,unit,CTR-0068,7606913.91,8096000.0,2023-03-20,2023-06-13,2023-07-08,2023-10-17,2023-10-18,415,20.543,85.6345,True,ghost_project
MPLAD-01771,Cuttack,Odisha,Health Sub-Centre,2.92,unit,CTR-0201,10127459.51,9344000.0,2023-06-08,2023-09-01,2023-10-01,2025-08-06,2025-08-12,618,20.3334,85.8359,False,
MPLAD-01772,Jaipur Rural,Rajasthan,Drinking Water Supply,1.1,unit,CTR-0194,1214436.36,1320000.0,2024-01-10,2024-02-29,2024-03-29,2024-06-13,2024-06-13,64,26.7738,75.7822,False,
MPLAD-01773,Secunderabad,Telangana,Community Hall,1.15,unit,CTR-0030,5231205.14,2875000.0,2024-11-24,2025-02-06,2025-03-20,2025-10-24,2025-11-01,178,16.9635,78.8748,True,cost_inflation
MPLAD-01774,Varanasi,Uttar Pradesh,Drinking Water Supply,1.6,unit,CTR-0063,2006763.74,1920000.0,2024-11-18,2024-12-27,2025-01-04,2025-04-29,2025-05-17,98,26.802,80.4598,False,
MPLAD-01775,Jaipur Rural,Rajasthan,Street Lighting,0.71,unit,CTR-0063,291332.6,319500.0,2022-07-08,2022-07-31,2022-08-21,2022-09-08,2022-08-29,19,26.9349,75.4708,True,payment_timing
MPLAD-01776,Madurai,Tamil Nadu,School Building Repair,0.69,unit,CTR-0141,1676228.5,621000.0,2024-04-10,2024-07-01,2024-07-26,2024-09-13,2024-09-16,46,10.8307,78.0541,True,cost_inflation
MPLAD-01777,Bhubaneswar,Odisha,Drainage System,0.86,km,CTR-0001,1746823.55,946000.0,2023-02-10,2023-03-28,2023-04-06,2023-07-11,2023-07-22,92,19.9792,86.043,True,cost_inflation
MPLAD-01778,Kanpur,Uttar Pradesh,Community Hall,2.9,unit,CTR-0071,7101528.44,7250000.0,2023-11-18,2023-12-05,2023-12-30,2024-04-20,2024-04-20,435,26.4682,81.1409,True,ghost_project
MPLAD-01779,Gaya,Bihar,School Building Repair,0.59,unit,CTR-0123,501535.41,531000.0,2022-10-18,2022-11-04,2022-11-15,2023-01-08,2023-01-28,42,25.5244,84.8498,False,
MPLAD-01780,Secunderabad,Telangana,Street Lighting,2.63,unit,CTR-0058,1104634.64,1183500.0,2023-10-17,2023-11-30,2024-01-11,2024-03-17,2024-03-23,70,16.9472,78.3778,True,contractor_collusion
MPLAD-01781,Coimbatore,Tamil Nadu,Drainage System,2.63,km,CTR-0012,2557879.33,2893000.0,2024-12-30,2025-02-22,2025-03-12,2025-11-17,2025-11-18,253,10.6924,78.2417,False,
MPLAD-01782,Gaya,Bihar,Street Lighting,2.49,unit,CTR-0030,1005645.57,1120500.0,2023-06-05,2023-08-01,2023-09-01,2023-12-06,2023-12-22,82,25.2262,84.9043,False,
MPLAD-01783,Madurai,Tamil Nadu,Drinking Water Supply,1.24,unit,CTR-0206,4366291.59,1488000.0,2022-12-21,2023-02-07,2023-03-21,2023-06-21,2023-07-13,84,10.6933,77.7739,True,cost_inflation
MPLAD-01784,Kanpur,Uttar Pradesh,Drinking Water Supply,2.09,unit,CTR-0117,2488101.61,2508000.0,2023-05-12,2023-07-01,2023-08-11,2024-01-21,2024-02-08,146,26.4773,80.8719,False,
MPLAD-01785,Bhubaneswar,Odisha,School Building Repair,0.73,unit,CTR-0199,694125.33,657000.0,2024-04-07,2024-06-08,2024-07-04,2024-09-14,2024-09-13,64,20.0675,86.064,False,
MPLAD-01786,Patna Sahib,Bihar,Community Hall,1.12,unit,CTR-0202,2917247.97,2800000.0,2024-05-03,2024-07-10,2024-08-03,2024-12-26,2025-01-20,154,25.8828,84.9695,False,
MPLAD-01787,Nagpur,Maharashtra,Health Sub-Centre,1.43,unit,CTR-0179,4285712.65,4576000.0,2023-07-09,2023-09-12,2023-10-14,2024-08-23,2024-09-01,265,18.9381,72.9612,False,
MPLAD-01788,Cuttack,Odisha,Drainage System,0.82,km,CTR-0105,938203.67,902000.0,2023-11-26,2024-01-11,2024-01-25,2024-04-27,2024-05-16,92,20.2939,85.8924,False,
MPLAD-01789,Jaipur Rural,Rajasthan,Drinking Water Supply,0.89,unit,CTR-0021,1054436.37,1068000.0,2024-05-06,2024-06-15,2024-07-30,2024-10-01,2024-10-10,57,26.724,75.5125,False,
MPLAD-01790,Kota,Rajasthan,School Building Repair,1.75,unit,CTR-0085,1541530.89,1575000.0,2022-02-23,2022-05-01,2022-05-12,2022-10-11,2022-11-09,144,26.5471,75.8655,False,
MPLAD-01791,Nagpur,Maharashtra,Community Hall,2.38,unit,CTR-0156,6412166.83,5950000.0,2022-06-08,2022-08-15,2022-08-26,2023-10-21,2023-08-22,405,19.2738,72.9001,True,payment_timing
MPLAD-01792,Pune,Maharashtra,Street Lighting,2.24,unit,CTR-0051,883527.47,1008000.0,2024-10-15,2024-11-25,2024-12-30,2025-03-01,2025-02-27,65,19.0715,72.566,False,
MPLAD-01793,Warangal,Telangana,Road Construction,2.03,km,CTR-0164,1888310.37,1725500.0,2022-02-09,2022-05-06,2022-05-19,2023-01-01,2023-01-13,216,17.4738,78.1178,False,
MPLAD-01794,Madurai,Tamil Nadu,School Building Repair,1.98,unit,CTR-0051,1673930.72,1782000.0,2024-03-23,2024-04-30,2024-05-25,2024-12-04,2024-12-08,167,11.2487,78.5915,False,
MPLAD-01795,Bhubaneswar,Odisha,School Building Repair,1.24,unit,CTR-0180,1199918.5,1116000.0,2023-01-27,2023-02-24,2023-03-30,2023-06-23,2023-07-07,89,19.8113,85.6954,False,
MPLAD-01796,Bhubaneswar,Odisha,Street Lighting,0.7,unit,CTR-0171,330854.22,315000.0,2024-04-27,2024-06-30,2024-07-23,2024-08-14,2024-08-14,20,20.4204,85.7515,False,
MPLAD-01797,Pune,Maharashtra,School Building Repair,1.06,unit,CTR-0141,904955.79,954000.0,2022-03-09,2022-04-06,2022-05-05,2022-07-24,2022-05-26,85,19.3853,72.9712,True,payment_timing
MPLAD-01798,Kanpur,Uttar Pradesh,Drainage System,2.33,km,CTR-0070,2204605.99,2563000.0,2023-02-03,2023-03-18,2023-04-06,2023-12-26,2024-01-07,262,26.5154,81.3176,False,
MPLAD-01799,Pune,Maharashtra,School Building Repair,1.01,unit,CTR-0205,959627.07,909000.0,2022-07-25,2022-09-14,2022-09-21,2022-12-27,2023-01-25,79,19.3971,72.6653,False,
MPLAD-01800,Bhubaneswar,Odisha,Road Construction,1.73,km,CTR-0112,1345438.44,1470500.0,2023-05-30,2023-08-22,2023-09-01,2024-01-12,2024-01-07,142,20.7753,85.8783,False,
MPLAD-01801,Pune,Maharashtra,Drainage System,2.43,km,CTR-0022,2310188.88,2673000.0,2022-11-27,2022-12-16,2022-12-30,2023-09-23,2023-10-14,241,19.4532,73.3258,False,
MPLAD-01802,Nalgonda,Telangana,Street Lighting,2.91,unit,CTR-0192,1457278.79,1309500.0,2023-05-20,2023-07-11,2023-07-25,2023-10-22,2023-10-29,94,17.1578,78.8953,False,
MPLAD-01803,Kota,Rajasthan,Drinking Water Supply,2.72,unit,CTR-0067,3750087.76,3264000.0,2023-02-09,2023-03-05,2023-04-06,2023-08-28,2023-09-22,156,26.9655,75.9713,False,
MPLAD-01804,Warangal,Telangana,Street Lighting,1.86,unit,CTR-0164,726204.81,837000.0,2024-09-11,2024-10-08,2024-10-18,2024-12-22,2024-12-24,54,17.1033,78.1352,False,
MPLAD-01805,Cuttack,Odisha,Drinking Water Supply,2.54,unit,CTR-0217,3501870.46,3048000.0,2024-08-08,2024-08-23,2024-09-07,2025-03-19,2025-04-16,150,20.3556,85.9552,False,
MPLAD-01806,Secunderabad,Telangana,Road Construction,2.63,km,CTR-0118,2100748.95,2235500.0,2024-09-19,2024-10-13,2024-11-25,2025-07-01,2025-07-23,222,17.3764,78.5101,False,
MPLAD-01807,Bhubaneswar,Odisha,Drinking Water Supply,0.97,unit,CTR-0110,1014454.26,1164000.0,2022-06-13,2022-07-02,2022-08-16,2022-10-22,2022-10-24,61,20.4576,85.679,False,
MPLAD-01808,Secunderabad,Telangana,Drinking Water Supply,0.88,unit,CTR-0058,1007957.63,1056000.0,2022-06-05,2022-07-20,2022-07-30,2022-10-14,2022-10-22,60,17.2315,78.411,False,
MPLAD-01809,Gaya,Bihar,Community Hall,1.52,unit,CTR-0018,10207541.83,3800000.0,2022-12-09,2023-02-03,2023-02-19,2023-11-20,2023-12-16,228,25.8396,85.4934,True,cost_inflation
MPLAD-01810,Jaipur Rural,Rajasthan,Drinking Water Supply,2.52,unit,CTR-0185,3417940.02,3024000.0,2023-07-20,2023-10-09,2023-11-16,2024-06-01,2024-06-18,157,26.8259,75.9045,False,
MPLAD-01811,Kanpur,Uttar Pradesh,Street Lighting,1.42,unit,CTR-0008,656415.38,639000.0,2023-11-29,2024-02-07,2024-03-11,2024-04-26,2024-05-16,45,26.5082,80.7641,False,
MPLAD-01812,Bhubaneswar,Odisha,Community Hall,1.62,unit,CTR-0048,4322659.32,4050000.0,2024-03-09,2024-05-14,2024-05-27,2025-03-25,2025-04-12,251,20.2051,85.3259,False,
MPLAD-01813,Jaipur Rural,Rajasthan,Road Construction,2.16,km,CTR-0006,1606318.11,1836000.0,2023-07-17,2023-08-15,2023-09-03,2024-03-23,2024-04-11,224,26.9092,76.2557,False,
MPLAD-01814,Varanasi,Uttar Pradesh,Community Hall,2.47,unit,CTR-0011,6197139.8,6175000.0,2022-07-30,2022-08-14,2022-08-19,2024-02-09,2024-03-01,419,26.7092,80.9995,False,
MPLAD-01815,Madurai,Tamil Nadu,Health Sub-Centre,1.71,unit,CTR-0026,5531587.84,5472000.0,2024-04-14,2024-05-20,2024-06-06,2025-04-06,2025-04-08,277,10.6217,78.4702,False,
MPLAD-01816,Kanpur,Uttar Pradesh,Community Hall,0.87,unit,CTR-0071,1962930.47,2175000.0,2022-01-27,2022-04-20,2022-05-12,2022-09-22,2022-09-26,123,26.826,80.7579,False,
MPLAD-01817,Nalgonda,Telangana,Road Construction,0.73,km,CTR-0070,662623.86,620500.0,2024-07-15,2024-08-13,2024-09-01,2024-11-12,2024-11-13,69,17.6045,78.936,False,
MPLAD-01818,Bhubaneswar,Odisha,Road Construction,2.86,km,CTR-0219,7539195.37,2431000.0,2024-06-26,2024-07-29,2024-08-13,2025-06-16,2025-07-14,255,20.392,86.2235,True,cost_inflation
MPLAD-01819,Warangal,Telangana,Drinking Water Supply,1.4,unit,CTR-0171,1674645.04,1680000.0,2024-08-09,2024-10-30,2024-11-19,2025-02-18,2025-03-19,100,16.9172,78.0728,False,
MPLAD-01820,Nagpur,Maharashtra,Road Construction,2.78,km,CTR-0074,2513495.95,2363000.0,2023-09-10,2023-10-04,2023-11-17,2024-07-31,2024-08-03,249,19.3866,72.9105,False,
MPLAD-01821,Varanasi,Uttar Pradesh,Drainage System,1.67,km,CTR-0074,1787395.71,1837000.0,2022-09-21,2022-12-15,2022-12-22,2023-06-07,2023-07-04,173,26.9741,81.3263,False,
MPLAD-01822,Kanpur,Uttar Pradesh,School Building Repair,2.95,unit,CTR-0128,2702188.96,2655000.0,2022-02-21,2022-04-06,2022-05-10,2023-02-09,2023-02-11,245,26.9676,80.4973,False,
MPLAD-01823,Coimbatore,Tamil Nadu,Street Lighting,1.13,unit,CTR-0114,572222.01,508500.0,2024-04-04,2024-07-01,2024-07-06,2024-08-07,2024-08-23,32,11.0525,78.5578,False,
MPLAD-01824,Patna Sahib,Bihar,Health Sub-Centre,1.93,unit,CTR-0152,6542618.62,6176000.0,2023-07-24,2023-08-31,2023-10-11,2024-11-08,2024-11-03,314,25.9341,85.2027,False,
MPLAD-01825,Nalgonda,Telangana,Drainage System,1.25,km,CTR-0177,1537468.53,1375000.0,2024-05-28,2024-06-13,2024-07-12,2024-11-10,2024-11-08,131,17.2885,78.4204,False,
MPLAD-01826,Madurai,Tamil Nadu,School Building Repair,1.43,unit,CTR-0070,1438999.81,1287000.0,2023-10-14,2023-11-16,2023-12-19,2024-04-01,2024-04-10,98,10.9183,78.1601,False,
MPLAD-01827,Nalgonda,Telangana,Street Lighting,1.39,unit,CTR-0036,650836.18,625500.0,2023-02-03,2023-04-20,2023-05-20,2023-07-08,2023-07-13,43,17.5401,78.8489,False,
MPLAD-01828,Jaipur Rural,Rajasthan,Drinking Water Supply,2.59,unit,CTR-0199,3443366.82,3108000.0,2022-01-19,2022-04-12,2022-05-05,2022-10-24,2022-11-03,147,27.1439,76.201,False,
MPLAD-01829,Kota,Rajasthan,Drinking Water Supply,2.42,unit,CTR-0002,2707027.49,2904000.0,2022-09-16,2022-11-09,2022-11-21,2023-05-18,2023-06-03,150,26.6466,76.1731,False,
MPLAD-01830,Kota,Rajasthan,Drinking Water Supply,1.29,unit,CTR-0087,1446662.64,1548000.0,2022-02-28,2022-05-03,2022-05-19,2022-09-08,2022-09-27,91,26.4149,75.5776,False,
MPLAD-01831,Kanpur,Uttar Pradesh,Road Construction,1.05,km,CTR-0055,797287.81,892500.0,2023-08-20,2023-10-19,2023-11-04,2024-03-19,2024-03-19,107,26.6222,80.9378,False,
MPLAD-01832,Gaya,Bihar,Street Lighting,0.62,unit,CTR-0058,238845.41,279000.0,2024-06-10,2024-08-14,2024-08-30,2024-09-24,2024-09-24,20,25.5426,84.6992,False,
MPLAD-01833,Nagpur,Maharashtra,Community Hall,2.57,unit,CTR-0036,5512218.51,6425000.0,2024-08-08,2024-10-31,2024-11-16,2026-02-08,2026-02-25,356,19.2845,72.9903,False,
MPLAD-01834,Nagpur,Maharashtra,School Building Repair,1.69,unit,CTR-0054,1744823.25,1521000.0,2023-03-30,2023-04-30,2023-05-27,2023-10-09,2023-10-17,113,19.12,72.92,True,geo_clustering
MPLAD-01835,Varanasi,Uttar Pradesh,Road Construction,2.45,km,CTR-0137,2283246.93,2082500.0,2022-11-06,2022-11-26,2022-12-27,2023-06-30,2023-06-28,198,26.4062,80.6394,False,
MPLAD-01836,Nagpur,Maharashtra,Drinking Water Supply,1.72,unit,CTR-0058,2056082.64,2064000.0,2022-01-05,2022-01-27,2022-02-02,2022-05-21,2022-06-06,111,19.0303,72.7768,False,
MPLAD-01837,Gaya,Bihar,Drinking Water Supply,2.29,unit,CTR-0184,2567269.23,2748000.0,2024-11-18,2025-01-19,2025-02-15,2025-08-18,2025-09-01,143,25.1025,85.0495,False,
MPLAD-01838,Cuttack,Odisha,Health Sub-Centre,1.07,unit,CTR-0037,3203824.48,3424000.0,2023-03-21,2023-04-22,2023-05-11,2023-11-29,2023-12-18,217,20.4509,85.7687,False,
MPLAD-01839,Madurai,Tamil Nadu,Street Lighting,1.21,unit,CTR-0020,524382.54,544500.0,2023-08-13,2023-09-28,2023-10-31,2023-12-03,2023-12-05,37,11.1149,78.545,False,
MPLAD-01840,Nagpur,Maharashtra,Drainage System,2.78,km,CTR-0180,3443304.97,3058000.0,2024-10-18,2024-12-26,2025-01-26,2026-01-23,2026-02-08,306,18.6584,72.5768,False,
MPLAD-01841,Gaya,Bihar,Health Sub-Centre,0.81,unit,CTR-0018,2812646.73,2592000.0,2022-06-27,2022-08-22,2022-09-26,2023-02-26,2023-03-19,137,25.7622,85.3972,False,
MPLAD-01842,Secunderabad,Telangana,Community Hall,2.19,unit,CTR-0058,5295625.19,5475000.0,2024-06-23,2024-07-11,2024-08-09,2025-09-22,2025-10-17,356,17.5326,78.2045,True,contractor_collusion
MPLAD-01843,Jaipur Rural,Rajasthan,Drainage System,1.85,km,CTR-0032,2087364.85,2035000.0,2022-10-10,2022-12-12,2023-01-26,2023-08-02,2023-08-15,170,27.0471,75.6676,False,
MPLAD-01844,Warangal,Telangana,School Building Repair,2.61,unit,CTR-0164,2423891.31,2349000.0,2022-03-24,2022-04-11,2022-05-01,2022-11-18,2022-12-04,186,17.6729,78.2457,False,
MPLAD-01845,Secunderabad,Telangana,Drainage System,2.24,km,CTR-0180,2247546.77,2464000.0,2023-12-07,2024-02-24,2024-03-24,2024-11-09,2024-11-17,219,17.0268,78.4787,False,
MPLAD-01846,Varanasi,Uttar Pradesh,Drainage System,1.73,km,CTR-0027,1933682.57,1903000.0,2024-10-14,2024-12-20,2025-01-15,2025-08-25,2025-09-10,197,26.82,80.92,True,geo_clustering
MPLAD-01847,Warangal,Telangana,Road Construction,2.68,km,CTR-0171,2492946.46,2278000.0,2022-12-02,2023-02-09,2023-03-11,2023-12-15,2024-01-06,275,17.3451,78.793,False,
MPLAD-01848,Warangal,Telangana,Drinking Water Supply,0.96,unit,CTR-0125,1075846.99,1152000.0,2023-03-28,2023-05-13,2023-06-18,2023-09-11,2023-09-29,67,17.5726,78.314,False,
MPLAD-01849,Jaipur Rural,Rajasthan,Street Lighting,1.15,unit,CTR-0106,1226223.71,517500.0,2024-05-22,2024-06-26,2024-07-11,2024-08-13,2024-08-26,33,27.1082,76.1305,True,cost_inflation
MPLAD-01850,Patna Sahib,Bihar,Community Hall,2.9,unit,CTR-0002,7420942.95,7250000.0,2024-05-07,2024-07-02,2024-07-31,2026-02-27,2026-03-15,518,25.9587,84.743,False,
MPLAD-01851,Gaya,Bihar,Health Sub-Centre,0.82,unit,CTR-0197,2582522.49,2624000.0,2024-10-05,2024-11-11,2024-12-24,2025-07-03,2025-07-18,150,25.8022,85.2139,False,
MPLAD-01852,Varanasi,Uttar Pradesh,Community Hall,2.69,unit,CTR-0176,7464358.76,6725000.0,2022-08-14,2022-10-06,2022-11-07,2024-02-12,2024-03-01,371,27.201,80.586,False,
MPLAD-01853,Cuttack,Odisha,Drinking Water Supply,1.65,unit,CTR-0127,2267475.8,1980000.0,2022-01-13,2022-03-05,2022-04-01,2022-08-19,2022-07-07,109,20.658,85.4369,True,payment_timing
MPLAD-01854,Coimbatore,Tamil Nadu,Drinking Water Supply,0.56,unit,CTR-0118,617603.93,672000.0,2022-10-02,2022-10-28,2022-11-20,2022-12-27,2022-12-31,35,11.2742,77.7931,False,
MPLAD-01855,Coimbatore,Tamil Nadu,Community Hall,1.92,unit,CTR-0007,5092550.69,4800000.0,2024-03-19,2024-06-04,2024-07-04,2025-06-14,2025-07-07,286,10.5118,77.7971,False,
MPLAD-01856,Bhubaneswar,Odisha,Health Sub-Centre,2.95,unit,CTR-0201,28729332.1,9440000.0,2022-08-20,2022-09-12,2022-09-25,2024-06-23,2024-06-27,509,19.8271,86.2491,True,cost_inflation
MPLAD-01857,Kota,Rajasthan,Drainage System,1.76,km,CTR-0075,1801499.36,1936000.0,2023-06-03,2023-08-26,2023-09-13,2024-03-05,2024-03-13,178,26.8229,75.7514,False,
MPLAD-01858,Madurai,Tamil Nadu,Road Construction,0.92,km,CTR-0131,893977.7,782000.0,2024-04-10,2024-06-27,2024-08-11,2024-10-31,2024-11-08,87,10.8812,78.4518,False,
MPLAD-01859,Nagpur,Maharashtra,Drinking Water Supply,2.73,unit,CTR-0074,3646228.7,3276000.0,2022-02-19,2022-05-16,2022-06-13,2023-01-21,2022-12-30,176,19.1683,73.2339,True,payment_timing
MPLAD-01860,Varanasi,Uttar Pradesh,Community Hall,1.42,unit,CTR-0160,3941031.4,3550000.0,2023-03-17,2023-05-18,2023-05-26,2024-03-27,2024-03-22,249,26.3774,81.2989,False,
MPLAD-01861,Jaipur Rural,Rajasthan,Road Construction,2.47,km,CTR-0089,2118771.1,2099500.0,2022-05-03,2022-07-26,2022-08-03,2023-04-01,2023-04-29,245,27.1337,75.8771,False,
MPLAD-01862,Nalgonda,Telangana,Drainage System,1.14,km,CTR-0074,1091533.41,1254000.0,2023-07-11,2023-08-25,2023-09-03,2023-12-27,2024-01-15,111,17.7936,78.3399,False,
MPLAD-01863,Patna Sahib,Bihar,Health Sub-Centre,1.81,unit,CTR-0049,6060511.61,5792000.0,2023-03-21,2023-06-05,2023-06-29,2024-06-08,2024-06-25,319,25.6057,84.7971,False,
MPLAD-01864,Warangal,Telangana,Road Construction,2.83,km,CTR-0133,2319936.25,2405500.0,2024-09-24,2024-12-05,2025-01-14,2025-10-04,2025-10-04,262,17.42,78.52,True,geo_clustering
MPLAD-01865,Madurai,Tamil Nadu,School Building Repair,0.76,unit,CTR-0169,765558.33,684000.0,2023-02-23,2023-05-10,2023-05-21,2023-07-24,2023-07-25,60,10.8658,78.5278,False,
MPLAD-01866,Kota,Rajasthan,Health Sub-Centre,0.78,unit,CTR-0109,2547480.17,2496000.0,2024-02-29,2024-05-10,2024-06-06,2024-11-17,2024-12-15,145,26.602,75.4992,False,
MPLAD-01867,Bhubaneswar,Odisha,School Building Repair,2.3,unit,CTR-0011,2296564.1,2070000.0,2023-03-01,2023-05-02,2023-05-19,2023-11-06,2023-12-05,171,19.867,85.6478,False,
MPLAD-01868,Secunderabad,Telangana,Drainage System,1.41,km,CTR-0064,1429750.0,1551000.0,2024-11-08,2024-12-13,2025-01-05,2025-05-17,2025-06-06,137,17.5595,78.0943,False,
MPLAD-01869,Jaipur Rural,Rajasthan,Drainage System,1.9,km,CTR-0086,1818217.97,2090000.0,2023-07-03,2023-09-10,2023-10-12,2024-05-10,2024-05-18,189,26.4043,76.175,False,
MPLAD-01870,Madurai,Tamil Nadu,Community Hall,1.35,unit,CTR-0132,3028310.18,3375000.0,2023-01-02,2023-03-19,2023-04-17,2023-12-20,2024-01-19,231,11.3111,77.822,False,
MPLAD-01871,Patna Sahib,Bihar,Drainage System,2.35,km,CTR-0208,2244733.87,2585000.0,2024-11-26,2025-01-27,2025-02-20,2025-10-28,2025-11-07,234,25.1044,85.1444,False,
MPLAD-01872,Kota,Rajasthan,Road Construction,2.81,km,CTR-0145,2119837.92,2388500.0,2022-01-17,2022-03-31,2022-04-19,2023-02-28,2023-03-05,281,27.3501,76.0934,False,
MPLAD-01873,Madurai,Tamil Nadu,Drainage System,0.8,km,CTR-0030,948628.24,880000.0,2023-10-16,2023-11-16,2023-12-21,2024-01-04,2024-01-04,79,10.6984,78.3802,True,ghost_project
MPLAD-01874,Warangal,Telangana,Community Hall,0.85,unit,CTR-0164,2352937.81,2125000.0,2023-08-28,2023-10-19,2023-11-24,2024-03-20,2024-03-18,119,17.2488,78.6586,False,
MPLAD-01875,Jaipur Rural,Rajasthan,School Building Repair,2.39,unit,CTR-0025,2366671.3,2151000.0,2024-05-24,2024-06-23,2024-08-04,2025-03-22,2025-04-16,203,26.5083,75.6648,False,
MPLAD-01876,Madurai,Tamil Nadu,Drinking Water Supply,1.51,unit,CTR-0103,1787678.77,1812000.0,2024-02-13,2024-05-05,2024-05-25,2024-08-19,2024-08-31,88,10.5161,78.215,False,
MPLAD-01877,Cuttack,Odisha,Community Hall,2.6,unit,CTR-0211,7367704.03,6500000.0,2024-02-17,2024-04-18,2024-05-05,2025-11-20,2025-11-27,466,20.7572,85.4823,False,
MPLAD-01878,Warangal,Telangana,Street Lighting,2.96,unit,CTR-0063,1413286.8,1332000.0,2024-01-12,2024-03-03,2024-04-07,2024-07-22,2024-08-12,91,16.9501,78.114,False,
MPLAD-01879,Nagpur,Maharashtra,Drainage System,0.71,km,CTR-0030,1844609.53,781000.0,2022-07-16,2022-08-05,2022-08-14,2022-10-20,2022-10-24,64,19.0191,72.4307,True,cost_inflation
MPLAD-01880,Nagpur,Maharashtra,Street Lighting,1.02,unit,CTR-0184,426179.78,459000.0,2023-11-20,2024-02-01,2024-03-12,2024-04-20,2024-04-28,31,18.8207,72.689,False,
MPLAD-01881,Patna Sahib,Bihar,Community Hall,2.74,unit,CTR-0126,7055752.77,6850000.0,2024-04-05,2024-06-19,2024-07-30,2025-07-23,2025-08-03,383,25.4844,85.5703,False,
MPLAD-01882,Pune,Maharashtra,School Building Repair,2.63,unit,CTR-0100,2493950.73,2367000.0,2022-11-16,2022-12-03,2022-12-21,2023-06-17,2023-07-13,191,19.2927,73.2173,False,
MPLAD-01883,Secunderabad,Telangana,Drinking Water Supply,1.28,unit,CTR-0037,1553844.96,1536000.0,2022-12-07,2023-02-23,2023-03-08,2023-05-22,2023-05-19,74,17.7108,78.6892,False,
MPLAD-01884,Secunderabad,Telangana,Drainage System,1.48,km,CTR-0058,1408039.05,1628000.0,2024-02-12,2024-02-29,2024-03-25,2024-08-08,2024-08-04,146,17.4595,78.3379,True,contractor_collusion
MPLAD-01885,Gaya,Bihar,Road Construction,1.01,km,CTR-0167,744410.51,858500.0,2023-02-10,2023-03-27,2023-04-21,2023-08-22,2023-08-30,98,25.4814,85.3128,False,
MPLAD-01886,Madurai,Tamil Nadu,Community Hall,0.72,unit,CTR-0004,1561434.7,1800000.0,2022-04-18,2022-07-09,2022-08-21,2023-01-04,2023-01-03,120,11.053,78.121,False,
MPLAD-01887,Varanasi,Uttar Pradesh,Health Sub-Centre,2.56,unit,CTR-0219,9340133.03,8192000.0,2023-04-18,2023-06-14,2023-07-06,2024-08-13,2024-09-11,437,27.1808,81.0001,False,
MPLAD-01888,Nalgonda,Telangana,Drainage System,2.35,km,CTR-0160,2235535.61,2585000.0,2023-03-28,2023-06-07,2023-07-08,2024-03-10,2024-03-20,230,17.6703,78.3939,False,
MPLAD-01889,Nalgonda,Telangana,Drainage System,2.47,km,CTR-0132,2376571.39,2717000.0,2024-05-28,2024-08-17,2024-08-26,2025-06-28,2025-07-12,295,17.6798,78.8941,False,
MPLAD-01890,Jaipur Rural,Rajasthan,Health Sub-Centre,0.51,unit,CTR-0217,1557327.48,1632000.0,2022-05-31,2022-06-26,2022-07-03,2022-11-10,2022-12-10,101,27.3469,75.9743,False,
MPLAD-01891,Bhubaneswar,Odisha,Road Construction,1.58,km,CTR-0157,1516194.05,1343000.0,2024-10-28,2024-12-19,2025-01-01,2025-05-24,2025-05-26,153,20.547,85.4399,False,
MPLAD-01892,Jaipur Rural,Rajasthan,Community Hall,2.33,unit,CTR-0105,5573322.0,5825000.0,2022-08-01,2022-10-06,2022-11-11,2023-10-16,2023-10-17,317,26.9091,75.7787,False,
MPLAD-01893,Pune,Maharashtra,Community Hall,1.86,unit,CTR-0136,5289175.89,4650000.0,2023-04-29,2023-07-08,2023-08-16,2024-06-27,2024-07-14,285,18.6246,73.1287,False,
MPLAD-01894,Madurai,Tamil Nadu,Health Sub-Centre,0.9,unit,CTR-0164,8003323.53,2880000.0,2022-11-22,2022-12-30,2023-01-31,2023-07-15,2023-08-07,154,11.0147,78.2911,True,cost_inflation
MPLAD-01895,Jaipur Rural,Rajasthan,Community Hall,1.49,unit,CTR-0165,4227430.63,3725000.0,2023-10-28,2023-12-03,2023-12-19,2024-10-11,2024-11-09,266,27.3675,75.3007,False,
MPLAD-01896,Kanpur,Uttar Pradesh,Street Lighting,1.84,unit,CTR-0145,737477.84,828000.0,2024-09-03,2024-11-18,2024-12-22,2025-02-12,2025-02-27,55,27.2745,81.2359,False,
MPLAD-01897,Kota,Rajasthan,Road Construction,0.97,km,CTR-0215,838609.76,824500.0,2024-12-25,2025-01-12,2025-02-06,2025-05-10,2025-05-09,103,27.3185,76.2412,False,
MPLAD-01898,Jaipur Rural,Rajasthan,Health Sub-Centre,2.73,unit,CTR-0028,9471680.71,8736000.0,2023-01-21,2023-04-19,2023-04-28,2025-01-14,2025-01-17,490,26.9902,76.249,False,
MPLAD-01899,Patna Sahib,Bihar,School Building Repair,0.73,unit,CTR-0206,1843383.7,657000.0,2022-08-22,2022-10-15,2022-11-22,2023-01-13,2023-01-11,49,25.973,84.9611,True,cost_inflation
MPLAD-01900,Varanasi,Uttar Pradesh,Community Hall,1.99,unit,CTR-0070,5181855.92,4975000.0,2024-07-04,2024-09-28,2024-11-03,2025-09-25,2025-10-19,314,27.2924,81.0265,False,
MPLAD-01901,Secunderabad,Telangana,Health Sub-Centre,0.81,unit,CTR-0005,2771692.79,2592000.0,2022-01-28,2022-02-20,2022-03-29,2022-08-20,2022-08-17,137,17.3934,78.1709,False,
MPLAD-01902,Gaya,Bihar,Road Construction,2.11,km,CTR-0170,3650503.29,1793500.0,2022-11-28,2023-01-11,2023-01-28,2023-09-25,2023-10-03,226,25.9208,85.234,True,cost_inflation
MPLAD-01903,Nalgonda,Telangana,Road Construction,2.88,km,CTR-0201,2550036.55,2448000.0,2022-10-06,2022-11-23,2022-12-09,2023-09-30,2023-10-22,234,17.0389,78.7017,False,
MPLAD-01904,Kanpur,Uttar Pradesh,Drinking Water Supply,2.34,unit,CTR-0203,2629647.38,2808000.0,2023-10-31,2024-01-17,2024-01-27,2024-06-30,2024-07-12,127,26.6051,81.346,False,
MPLAD-01905,Cuttack,Odisha,Drinking Water Supply,2.2,unit,CTR-0105,2963387.21,2640000.0,2024-02-19,2024-05-13,2024-06-18,2024-11-20,2024-12-08,128,20.4459,85.5532,False,
MPLAD-01906,Patna Sahib,Bihar,Drinking Water Supply,0.66,unit,CTR-0186,763682.17,792000.0,2024-05-07,2024-07-06,2024-08-12,2024-09-20,2024-10-02,40,25.6067,85.3865,False,
MPLAD-01907,Kanpur,Uttar Pradesh,Health Sub-Centre,2.14,unit,CTR-0091,7761591.62,6848000.0,2024-05-02,2024-07-19,2024-08-06,2025-10-29,2025-11-18,419,27.1299,80.9176,False,
MPLAD-01908,Bhubaneswar,Odisha,Road Construction,2.53,km,CTR-0170,2132927.58,2150500.0,2022-01-10,2022-03-31,2022-05-13,2023-01-11,2023-01-16,240,20.5731,85.9504,False,
MPLAD-01909,Kota,Rajasthan,Street Lighting,2.14,unit,CTR-0056,1005996.38,963000.0,2024-05-31,2024-07-28,2024-09-05,2024-11-01,2024-10-28,63,27.1632,76.0904,False,
MPLAD-01910,Patna Sahib,Bihar,Road Construction,0.58,km,CTR-0185,444913.05,493000.0,2024-08-07,2024-09-12,2024-09-17,2024-11-02,2024-11-09,50,25.3804,85.5178,False,
MPLAD-01911,Kanpur,Uttar Pradesh,Health Sub-Centre,1.67,unit,CTR-0179,13825566.02,5344000.0,2022-10-18,2023-01-16,2023-02-10,2024-01-14,2024-01-31,336,26.967,81.3695,True,cost_inflation
MPLAD-01912,Warangal,Telangana,Road Construction,1.9,km,CTR-0086,1542889.01,1615000.0,2022-09-29,2022-10-14,2022-11-07,2022-12-01,2022-12-02,172,17.5579,78.9594,True,ghost_project
MPLAD-01913,Secunderabad,Telangana,Road Construction,1.16,km,CTR-0153,1040362.15,986000.0,2023-04-22,2023-06-04,2023-07-10,2023-11-17,2023-12-03,114,17.0881,78.7975,False,
MPLAD-01914,Warangal,Telangana,Road Construction,2.14,km,CTR-0164,1860530.2,1819000.0,2022-12-08,2023-02-12,2023-03-11,2023-09-10,2023-10-04,188,17.7171,78.149,False,
MPLAD-01915,Madurai,Tamil Nadu,Community Hall,1.36,unit,CTR-0171,3595738.73,3400000.0,2024-10-12,2024-11-24,2025-01-01,2025-02-18,2025-02-21,215,10.8486,77.9422,True,ghost_project
MPLAD-01916,Madurai,Tamil Nadu,Road Construction,2.56,km,CTR-0155,2258128.53,2176000.0,2023-10-26,2023-11-22,2023-12-02,2024-08-27,2024-09-10,247,10.844,77.9575,False,
MPLAD-01917,Coimbatore,Tamil Nadu,Community Hall,2.81,unit,CTR-0009,6851930.04,7025000.0,2022-08-09,2022-10-16,2022-11-19,2024-01-22,2024-02-14,438,10.7502,77.6955,False,
MPLAD-01918,Warangal,Telangana,Health Sub-Centre,1.69,unit,CTR-0213,6159694.75,5408000.0,2022-12-08,2023-02-15,2023-03-08,2024-05-05,2024-05-11,339,17.6533,78.0287,False,
MPLAD-01919,Kota,Rajasthan,Road Construction,2.14,km,CTR-0201,1760203.54,1819000.0,2022-05-02,2022-07-10,2022-08-20,2023-02-07,2023-03-01,173,26.6405,76.0901,False,
MPLAD-01920,Nagpur,Maharashtra,Street Lighting,2.87,unit,CTR-0087,1266636.02,1291500.0,2022-05-02,2022-06-25,2022-07-21,2022-10-11,2022-10-27,90,19.3211,73.2215,False,
MPLAD-01921,Secunderabad,Telangana,Health Sub-Centre,2.31,unit,CTR-0181,7260525.61,7392000.0,2022-07-24,2022-08-30,2022-09-17,2023-12-23,2024-01-01,457,17.7278,78.531,False,
MPLAD-01922,Varanasi,Uttar Pradesh,Road Construction,1.36,km,CTR-0129,1307121.56,1156000.0,2022-11-08,2022-11-30,2022-12-14,2023-05-02,2023-05-12,133,26.7007,80.7663,False,
MPLAD-01923,Kota,Rajasthan,Community Hall,2.46,unit,CTR-0045,5665773.16,6150000.0,2022-09-29,2022-12-13,2023-01-10,2024-03-18,2024-04-10,359,26.7786,75.4848,False,
MPLAD-01924,Coimbatore,Tamil Nadu,Road Construction,1.98,km,CTR-0007,1808461.06,1683000.0,2023-02-02,2023-02-27,2023-04-06,2023-12-01,2023-12-08,193,11.1469,77.8487,True,contractor_collusion
MPLAD-01925,Warangal,Telangana,Health Sub-Centre,2.13,unit,CTR-0176,6114190.18,6816000.0,2024-09-17,2024-12-02,2024-12-14,2026-06-02,2026-06-03,457,17.2207,78.408,False,
MPLAD-01926,Pune,Maharashtra,Road Construction,2.01,km,CTR-0120,1652030.75,1708500.0,2023-11-27,2023-12-20,2024-01-22,2024-08-10,2024-08-15,204,19.12,72.92,True,geo_clustering
MPLAD-01927,Warangal,Telangana,Street Lighting,1.76,unit,CTR-0188,727512.51,792000.0,2022-11-17,2022-12-14,2023-01-25,2023-03-28,2023-04-17,56,17.4672,78.0755,False,
MPLAD-01928,Pune,Maharashtra,Community Hall,1.59,unit,CTR-0118,3955975.31,3975000.0,2024-01-06,2024-02-07,2024-03-19,2025-01-10,2025-02-02,269,19.0873,72.8421,False,
MPLAD-01929,Nagpur,Maharashtra,Health Sub-Centre,2.05,unit,CTR-0190,18935828.51,6560000.0,2023-02-07,2023-03-01,2023-03-22,2024-03-31,2024-03-29,372,18.6104,73.3882,True,cost_inflation
MPLAD-01930,Coimbatore,Tamil Nadu,School Building Repair,1.9,unit,CTR-0063,1738190.15,1710000.0,2023-03-13,2023-05-06,2023-06-20,2023-10-31,2023-10-29,129,10.6701,77.9162,False,
MPLAD-01931,Gaya,Bihar,Health Sub-Centre,1.09,unit,CTR-0013,3780062.18,3488000.0,2023-02-26,2023-04-16,2023-05-17,2023-07-02,2023-07-03,192,25.7794,84.8976,True,ghost_project
MPLAD-01932,Madurai,Tamil Nadu,Community Hall,1.85,unit,CTR-0109,4064808.35,4625000.0,2023-05-14,2023-08-07,2023-08-20,2024-05-21,2024-04-26,255,10.5485,78.3503,True,payment_timing
MPLAD-01933,Gaya,Bihar,Drinking Water Supply,0.75,unit,CTR-0016,2313218.3,900000.0,2022-07-21,2022-09-04,2022-10-13,2022-11-30,2022-12-05,42,25.4617,84.836,True,cost_inflation
MPLAD-01934,Pune,Maharashtra,Community Hall,0.69,unit,CTR-0188,1855545.02,1725000.0,2022-09-06,2022-11-12,2022-12-01,2023-03-21,2023-03-16,104,18.8376,72.9653,False,
MPLAD-01935,Pune,Maharashtra,Road Construction,1.7,km,CTR-0180,1334688.56,1445000.0,2022-01-26,2022-04-10,2022-05-17,2022-11-09,2022-11-23,155,19.248,72.8284,False,
MPLAD-01936,Nalgonda,Telangana,Road Construction,0.82,km,CTR-0091,646184.34,697000.0,2022-04-14,2022-06-28,2022-07-03,2022-09-28,2022-10-20,81,17.1414,78.5606,False,
MPLAD-01937,Madurai,Tamil Nadu,Road Construction,2.18,km,CTR-0168,2040866.33,1853000.0,2023-01-05,2023-02-16,2023-03-22,2023-09-14,2023-10-02,195,10.5809,77.7101,False,
MPLAD-01938,Warangal,Telangana,Health Sub-Centre,2.11,unit,CTR-0205,6472076.42,6752000.0,2024-05-10,2024-07-24,2024-08-07,2026-01-01,2026-01-18,447,17.2384,78.8227,False,
MPLAD-01939,Gaya,Bihar,School Building Repair,0.7,unit,CTR-0128,618507.06,630000.0,2022-08-27,2022-11-14,2022-12-21,2023-02-20,2023-02-24,58,25.9465,84.8405,False,
MPLAD-01940,Secunderabad,Telangana,Road Construction,2.57,km,CTR-0196,2462149.91,2184500.0,2023-03-25,2023-04-12,2023-05-10,2024-01-13,2024-01-21,238,17.3588,78.1956,False,
MPLAD-01941,Jaipur Rural,Rajasthan,Street Lighting,1.22,unit,CTR-0192,630156.42,549000.0,2022-10-14,2022-11-25,2022-12-18,2023-01-26,2023-01-25,34,26.7019,76.0875,False,
MPLAD-01942,Jaipur Rural,Rajasthan,Community Hall,1.01,unit,CTR-0109,2311697.35,2525000.0,2022-08-15,2022-09-08,2022-10-12,2023-03-19,2023-03-20,149,27.0842,75.4741,False,
MPLAD-01943,Secunderabad,Telangana,Drinking Water Supply,1.07,unit,CTR-0058,1322891.91,1284000.0,2024-05-13,2024-06-23,2024-07-24,2024-10-08,2024-10-04,76,17.7417,78.3883,False,
MPLAD-01944,Nagpur,Maharashtra,School Building Repair,2.76,unit,CTR-0131,2802180.02,2484000.0,2023-04-19,2023-05-04,2023-05-10,2023-11-26,2023-12-05,198,19.0864,73.0034,False,
MPLAD-01945,Coimbatore,Tamil Nadu,School Building Repair,2.61,unit,CTR-0007,2536103.37,2349000.0,2023-01-06,2023-02-08,2023-03-23,2023-10-06,2023-10-11,209,10.9826,77.6577,True,contractor_collusion
MPLAD-01946,Nalgonda,Telangana,Road Construction,0.62,km,CTR-0068,565390.92,527000.0,2022-07-12,2022-08-06,2022-09-14,2022-11-17,2022-10-26,60,17.4136,78.2808,True,payment_timing
MPLAD-01947,Warangal,Telangana,Road Construction,2.24,km,CTR-0115,2059752.95,1904000.0,2022-04-20,2022-07-05,2022-07-31,2023-05-04,2023-06-01,237,17.5128,78.7901,False,
MPLAD-01948,Varanasi,Uttar Pradesh,Drainage System,1.94,km,CTR-0214,2386488.49,2134000.0,2024-07-08,2024-07-30,2024-08-24,2025-03-12,2025-03-15,208,26.4065,80.5242,False,
MPLAD-01949,Gaya,Bihar,Health Sub-Centre,1.34,unit,CTR-0203,8180463.22,4288000.0,2022-07-14,2022-10-07,2022-11-20,2023-08-29,2023-08-30,254,26.0949,85.4914,True,cost_inflation
MPLAD-01950,Pune,Maharashtra,Community Hall,2.21,unit,CTR-0206,6283420.3,5525000.0,2024-04-12,2024-05-28,2024-06-08,2025-09-28,2025-10-05,368,19.4291,72.5682,False,
MPLAD-01951,Bhubaneswar,Odisha,Drinking Water Supply,1.62,unit,CTR-0091,1756214.54,1944000.0,2024-04-28,2024-05-26,2024-06-26,2024-10-31,2024-11-21,112,20.0179,86.2139,False,
MPLAD-01952,Nagpur,Maharashtra,Road Construction,2.73,km,CTR-0215,2338290.62,2320500.0,2022-04-20,2022-06-24,2022-08-01,2023-07-16,2023-07-21,271,19.2977,72.5138,False,
MPLAD-01953,Nalgonda,Telangana,Health Sub-Centre,0.69,unit,CTR-0128,2533310.04,2208000.0,2022-12-18,2023-01-16,2023-02-14,2023-06-16,2023-06-23,124,17.3216,78.1205,False,
MPLAD-01954,Jaipur Rural,Rajasthan,Road Construction,2.65,km,CTR-0158,2137232.54,2252500.0,2022-04-03,2022-05-27,2022-07-09,2023-05-19,2023-05-29,255,26.8762,75.4633,False,
MPLAD-01955,Patna Sahib,Bihar,Drinking Water Supply,2.44,unit,CTR-0133,2931093.85,2928000.0,2024-05-12,2024-06-26,2024-08-08,2025-02-08,2025-03-10,146,25.8585,84.7237,False,
MPLAD-01956,Coimbatore,Tamil Nadu,Drinking Water Supply,2.08,unit,CTR-0007,2230550.35,2496000.0,2023-12-02,2023-12-30,2024-02-01,2024-06-30,2024-06-29,123,11.3336,78.3006,False,
MPLAD-01957,Pune,Maharashtra,Road Construction,2.61,km,CTR-0190,2486868.75,2218500.0,2024-10-07,2024-12-14,2024-12-30,2025-12-03,2025-12-04,268,19.4189,73.3915,False,
MPLAD-01958,Madurai,Tamil Nadu,School Building Repair,0.8,unit,CTR-0010,729072.0,720000.0,2023-06-19,2023-08-18,2023-09-08,2023-11-01,2023-11-09,58,11.2233,78.1549,False,
MPLAD-01959,Patna Sahib,Bihar,Road Construction,1.04,km,CTR-0100,765381.68,884000.0,2024-08-21,2024-10-26,2024-12-03,2025-03-17,2025-04-02,90,25.8752,85.2218,False,
MPLAD-01960,Coimbatore,Tamil Nadu,School Building Repair,2.7,unit,CTR-0093,2487805.95,2430000.0,2023-07-23,2023-08-11,2023-09-20,2024-06-16,2024-06-22,209,11.2026,78.0609,False,
MPLAD-01961,Patna Sahib,Bihar,Community Hall,2.86,unit,CTR-0167,8063189.31,7150000.0,2024-11-06,2024-11-29,2024-12-08,2026-06-10,2026-06-18,439,26.063,85.0705,False,
MPLAD-01962,Nalgonda,Telangana,School Building Repair,2.23,unit,CTR-0123,1778818.48,2007000.0,2023-08-25,2023-09-10,2023-09-26,2024-03-31,2024-04-05,183,17.5463,78.735,False,
MPLAD-01963,Coimbatore,Tamil Nadu,Road Construction,2.6,km,CTR-0203,2030681.13,2210000.0,2024-04-23,2024-06-08,2024-06-24,2024-08-18,2024-08-23,267,10.8127,78.5018,True,ghost_project
MPLAD-01964,Varanasi,Uttar Pradesh,Health Sub-Centre,1.17,unit,CTR-0075,3515463.49,3744000.0,2023-07-09,2023-08-12,2023-08-18,2024-04-14,2024-04-26,250,26.5447,81.2368,False,
MPLAD-01965,Nagpur,Maharashtra,Drainage System,1.6,km,CTR-0079,1681347.69,1760000.0,2022-07-06,2022-08-05,2022-09-11,2023-03-29,2023-03-28,186,19.5799,72.8165,False,
MPLAD-01966,Madurai,Tamil Nadu,Street Lighting,1.21,unit,CTR-0148,513288.6,544500.0,2022-05-14,2022-06-22,2022-07-26,2022-08-27,2022-09-10,36,11.3308,77.7342,False,
MPLAD-01967,Pune,Maharashtra,Road Construction,2.06,km,CTR-0163,1755502.28,1751000.0,2024-02-29,2024-03-24,2024-04-02,2024-10-12,2024-10-19,212,18.9183,72.7195,False,
MPLAD-01968,Nagpur,Maharashtra,Drainage System,2.98,km,CTR-0152,2820947.78,3278000.0,2023-05-11,2023-07-26,2023-08-24,2024-10-15,2024-11-06,353,19.1831,73.3365,False,
MPLAD-01969,Madurai,Tamil Nadu,Community Hall,1.92,unit,CTR-0043,4416567.81,4800000.0,2022-07-11,2022-10-06,2022-10-27,2023-08-08,2023-08-07,305,11.1251,78.1418,False,
MPLAD-01970,Pune,Maharashtra,Street Lighting,2.59,unit,CTR-0005,1267964.77,1165500.0,2023-09-18,2023-10-19,2023-11-10,2024-02-19,2024-02-23,87,18.8941,72.7785,False,
MPLAD-01971,Coimbatore,Tamil Nadu,Street Lighting,1.53,unit,CTR-0007,626859.65,688500.0,2024-11-25,2025-02-16,2025-03-31,2025-05-13,2025-03-17,44,10.7574,78.0726,True,payment_timing
MPLAD-01972,Gaya,Bihar,Street Lighting,2.76,unit,CTR-0112,1150490.12,1242000.0,2024-06-09,2024-08-09,2024-09-01,2024-11-11,2024-11-21,74,25.8275,84.7766,False,
MPLAD-01973,Kota,Rajasthan,Community Hall,1.36,unit,CTR-0085,3348762.13,3400000.0,2022-02-14,2022-05-13,2022-06-09,2022-12-15,2023-01-14,196,27.0336,76.2359,False,
MPLAD-01974,Nagpur,Maharashtra,Drinking Water Supply,2.7,unit,CTR-0070,3649370.68,3240000.0,2022-01-17,2022-03-04,2022-04-14,2022-10-30,2022-11-21,186,18.8834,72.6095,False,
MPLAD-01975,Bhubaneswar,Odisha,Health Sub-Centre,1.51,unit,CTR-0121,4172144.36,4832000.0,2024-12-07,2025-01-16,2025-01-21,2025-10-05,2025-10-21,281,20.074,85.8505,False,
MPLAD-01976,Cuttack,Odisha,Community Hall,2.96,unit,CTR-0071,7931849.6,7400000.0,2024-04-03,2024-06-05,2024-07-13,2026-03-21,2026-04-12,480,20.25,85.8389,False,
MPLAD-01977,Nalgonda,Telangana,School Building Repair,2.25,unit,CTR-0105,1999227.47,2025000.0,2022-02-15,2022-04-26,2022-06-07,2022-08-02,2022-08-03,194,17.5212,78.9082,True,ghost_project
MPLAD-01978,Kota,Rajasthan,Health Sub-Centre,2.49,unit,CTR-0067,18120738.76,7968000.0,2024-07-06,2024-08-03,2024-08-29,2026-03-10,2026-03-27,528,26.8188,76.0279,True,cost_inflation
MPLAD-01979,Coimbatore,Tamil Nadu,Street Lighting,2.22,unit,CTR-0006,964342.53,999000.0,2023-06-19,2023-09-14,2023-09-30,2023-12-09,2023-12-17,72,11.4697,77.9679,False,
MPLAD-01980,Nagpur,Maharashtra,School Building Repair,1.32,unit,CTR-0133,1324481.03,1188000.0,2023-07-24,2023-09-18,2023-09-24,2024-02-07,2024-02-28,118,19.0085,73.1074,False,
MPLAD-01981,Jaipur Rural,Rajasthan,Community Hall,1.28,unit,CTR-0088,2850285.85,3200000.0,2023-06-26,2023-08-02,2023-09-11,2024-04-26,2024-05-21,213,27.2314,75.8371,False,
MPLAD-01982,Madurai,Tamil Nadu,Drinking Water Supply,0.81,unit,CTR-0115,1105834.48,972000.0,2023-11-08,2023-11-30,2023-12-20,2024-02-19,2024-03-16,55,10.9278,77.7724,False,
MPLAD-01983,Varanasi,Uttar Pradesh,Health Sub-Centre,2.98,unit,CTR-0132,8309703.32,9536000.0,2023-05-26,2023-08-15,2023-09-07,2025-05-17,2025-06-07,548,27.1595,81.2682,False,
MPLAD-01984,Patna Sahib,Bihar,Community Hall,1.38,unit,CTR-0132,2952108.42,3450000.0,2022-02-14,2022-03-11,2022-03-25,2022-12-04,2022-12-23,237,25.7011,84.6841,False,
MPLAD-01985,Kanpur,Uttar Pradesh,Drainage System,1.23,km,CTR-0071,1523746.17,1353000.0,2022-10-29,2023-01-14,2023-02-17,2023-07-14,2023-08-02,142,27.059,80.4488,True,contractor_collusion
MPLAD-01986,Nalgonda,Telangana,Community Hall,2.37,unit,CTR-0050,5419535.79,5925000.0,2023-07-31,2023-09-11,2023-10-26,2024-11-28,2024-12-18,351,17.4087,78.5977,False,
MPLAD-01987,Kanpur,Uttar Pradesh,Drainage System,1.84,km,CTR-0071,2129813.85,2024000.0,2023-04-01,2023-06-02,2023-07-05,2024-01-23,2024-01-23,173,26.7768,81.2422,True,contractor_collusion
MPLAD-01988,Bhubaneswar,Odisha,Community Hall,2.71,unit,CTR-0032,6371453.52,6775000.0,2024-08-02,2024-10-15,2024-11-16,2026-02-14,2026-03-07,470,20.6902,85.6881,False,
MPLAD-01989,Kota,Rajasthan,School Building Repair,2.24,unit,CTR-0081,2021709.46,2016000.0,2024-09-27,2024-12-14,2025-01-04,2025-08-29,2025-09-16,196,27.0133,75.9841,False,
MPLAD-01990,Bhubaneswar,Odisha,Drinking Water Supply,2.28,unit,CTR-0129,2439147.28,2736000.0,2023-01-25,2023-04-07,2023-05-11,2023-10-23,2023-10-19,136,20.7623,86.084,False,
MPLAD-01991,Gaya,Bihar,School Building Repair,1.69,unit,CTR-0143,1304267.62,1521000.0,2022-02-16,2022-05-03,2022-06-03,2022-11-08,2022-11-08,146,25.4081,85.0452,False,
MPLAD-01992,Warangal,Telangana,Road Construction,1.68,km,CTR-0164,3388155.14,1428000.0,2022-05-02,2022-07-31,2022-08-08,2023-03-03,2023-02-28,171,17.471,78.2778,True,cost_inflation
MPLAD-01993,Patna Sahib,Bihar,School Building Repair,1.77,unit,CTR-0186,1469782.16,1593000.0,2023-06-24,2023-08-21,2023-09-10,2024-02-01,2024-02-17,130,25.7547,85.0227,False,
MPLAD-01994,Cuttack,Odisha,Community Hall,2.66,unit,CTR-0052,5912116.69,6650000.0,2022-03-07,2022-03-23,2022-03-30,2022-05-14,2022-05-15,408,20.6555,85.8706,True,ghost_project
MPLAD-01995,Varanasi,Uttar Pradesh,Health Sub-Centre,2.97,unit,CTR-0150,9976372.14,9504000.0,2022-06-09,2022-07-04,2022-08-16,2024-08-04,2024-08-31,612,26.8677,81.1356,False,
MPLAD-01996,Warangal,Telangana,Road Construction,2.72,km,CTR-0175,2313652.45,2312000.0,2024-07-06,2024-08-25,2024-09-24,2025-07-14,2025-07-28,274,17.6302,78.4704,False,
MPLAD-01997,Kota,Rajasthan,Road Construction,2.41,km,CTR-0165,1992184.28,2048500.0,2022-01-01,2022-02-20,2022-03-26,2022-12-19,2023-01-09,225,26.7999,75.9509,False,
MPLAD-01998,Kota,Rajasthan,School Building Repair,2.27,unit,CTR-0038,1746247.74,2043000.0,2022-09-30,2022-12-01,2022-12-31,2023-02-10,2023-02-15,172,26.4168,75.9419,True,ghost_project
MPLAD-01999,Coimbatore,Tamil Nadu,Community Hall,2.32,unit,CTR-0007,5929197.69,5800000.0,2024-05-15,2024-07-05,2024-07-11,2025-06-16,2025-07-11,332,11.1804,78.2231,False,
MPLAD-02000,Varanasi,Uttar Pradesh,Road Construction,1.39,km,CTR-0015,1080935.96,1181500.0,2024-03-06,2024-05-08,2024-05-15,2024-09-09,2024-09-23,115,26.7511,80.6436,False,
MPLAD-02001,Warangal,Telangana,Health Sub-Centre,2.33,unit,CTR-0164,7456766.6,7456000.0,2024-07-21,2024-09-12,2024-10-06,2026-02-07,2026-02-02,398,17.088,78.6057,True,contractor_collusion
MPLAD-02002,Bhubaneswar,Odisha,Drainage System,0.92,km,CTR-0173,1079401.33,1012000.0,2024-09-11,2024-10-24,2024-11-20,2025-04-03,2025-05-02,104,20.7158,85.982,False,
MPLAD-02003,Gaya,Bihar,School Building Repair,2.81,unit,CTR-0080,5810322.11,2529000.0,2022-07-15,2022-08-25,2022-09-04,2023-06-13,2023-07-01,219,25.1764,85.2743,True,cost_inflation
MPLAD-02004,Kanpur,Uttar Pradesh,Drinking Water Supply,2.86,unit,CTR-0071,3347992.99,3432000.0,2022-06-10,2022-08-08,2022-08-26,2023-03-31,2023-04-28,170,27.0758,80.7647,True,contractor_collusion
MPLAD-02005,Nagpur,Maharashtra,Street Lighting,1.36,unit,CTR-0084,634512.63,612000.0,2024-12-06,2025-01-28,2025-02-06,2025-04-01,2025-05-01,43,19.5792,72.7303,False,
MPLAD-02006,Cuttack,Odisha,Health Sub-Centre,1.44,unit,CTR-0029,4393951.73,4608000.0,2023-03-17,2023-06-08,2023-06-26,2024-06-18,2024-06-19,281,20.3876,85.611,False,
MPLAD-02007,Warangal,Telangana,Street Lighting,2.41,unit,CTR-0184,1160091.69,1084500.0,2024-12-27,2025-01-19,2025-02-09,2025-05-27,2025-06-03,86,17.1591,78.7036,False,
MPLAD-02008,Varanasi,Uttar Pradesh,Community Hall,0.76,unit,CTR-0041,1961711.71,1900000.0,2024-08-06,2024-09-20,2024-09-28,2025-02-17,2025-02-18,115,26.82,80.92,True,geo_clustering
MPLAD-02009,Varanasi,Uttar Pradesh,Community Hall,2.98,unit,CTR-0024,6993440.76,7450000.0,2023-02-07,2023-03-25,2023-04-04,2024-07-18,2024-08-04,456,26.6624,81.249,False,
MPLAD-02010,Kanpur,Uttar Pradesh,Drinking Water Supply,0.65,unit,CTR-0071,734910.97,780000.0,2024-06-22,2024-09-13,2024-09-23,2024-11-02,2024-11-03,35,27.1937,81.0166,True,contractor_collusion
MPLAD-02011,Kota,Rajasthan,Street Lighting,2.16,unit,CTR-0078,917430.58,972000.0,2024-06-04,2024-07-19,2024-08-12,2024-10-18,2024-11-01,66,26.5197,75.8584,False,
MPLAD-02012,Nagpur,Maharashtra,Street Lighting,0.85,unit,CTR-0026,432847.66,382500.0,2023-07-01,2023-08-28,2023-09-11,2023-10-06,2023-10-20,28,19.2844,73.3349,False,
MPLAD-02013,Warangal,Telangana,Health Sub-Centre,2.93,unit,CTR-0164,10550957.31,9376000.0,2024-02-19,2024-03-16,2024-03-22,2025-09-19,2025-10-17,592,17.5364,78.16,False,
MPLAD-02014,Gaya,Bihar,Road Construction,0.85,km,CTR-0138,792776.17,722500.0,2022-11-08,2022-12-03,2023-01-17,2023-05-05,2023-05-22,89,26.0279,85.0021,False,
MPLAD-02015,Bhubaneswar,Odisha,School Building Repair,1.92,unit,CTR-0159,1666548.1,1728000.0,2024-12-19,2025-01-27,2025-03-13,2025-07-27,2025-07-27,135,20.5458,85.3111,False,
MPLAD-02016,Pune,Maharashtra,Community Hall,2.09,unit,CTR-0205,5887243.29,5225000.0,2023-12-22,2024-03-09,2024-03-22,2025-06-10,2025-07-10,370,19.2273,72.4492,False,
MPLAD-02017,Nalgonda,Telangana,Community Hall,2.9,unit,CTR-0012,7600192.76,7250000.0,2023-07-02,2023-09-26,2023-10-22,2025-05-28,2025-05-31,510,17.1541,78.1914,False,
MPLAD-02018,Secunderabad,Telangana,Road Construction,1.24,km,CTR-0023,954797.41,1054000.0,2022-04-02,2022-05-29,2022-07-05,2022-12-06,2022-12-02,123,17.6065,78.1474,False,
MPLAD-02019,Gaya,Bihar,Street Lighting,2.52,unit,CTR-0005,978840.84,1134000.0,2022-12-22,2023-01-29,2023-02-19,2023-05-01,2023-05-18,79,25.9472,85.4864,False,
MPLAD-02020,Gaya,Bihar,Health Sub-Centre,2.95,unit,CTR-0178,10759822.38,9440000.0,2022-02-17,2022-04-05,2022-04-15,2023-10-25,2023-11-21,484,25.4305,84.9921,False,
MPLAD-02021,Nalgonda,Telangana,Community Hall,2.75,unit,CTR-0025,6522784.62,6875000.0,2024-06-02,2024-07-04,2024-07-23,2025-12-29,2026-01-24,474,17.4308,78.9267,False,
MPLAD-02022,Patna Sahib,Bihar,School Building Repair,2.24,unit,CTR-0109,2264767.91,2016000.0,2023-05-02,2023-05-26,2023-06-13,2023-12-22,2023-12-20,182,25.5167,84.728,False,
MPLAD-02023,Nagpur,Maharashtra,Health Sub-Centre,2.71,unit,CTR-0006,9952742.09,8672000.0,2023-02-01,2023-04-28,2023-05-27,2024-10-09,2024-10-21,555,19.082,72.9891,False,
MPLAD-02024,Cuttack,Odisha,School Building Repair,2.38,unit,CTR-0021,2216155.19,2142000.0,2022-02-04,2022-03-17,2022-04-12,2022-09-21,2022-10-02,171,20.6568,85.8211,False,
MPLAD-02025,Patna Sahib,Bihar,Health Sub-Centre,1.11,unit,CTR-0187,3198741.28,3552000.0,2023-08-17,2023-10-10,2023-10-19,2024-06-25,2024-06-27,221,25.3596,85.4089,False,
MPLAD-02026,Kanpur,Uttar Pradesh,Drinking Water Supply,0.82,unit,CTR-0071,907061.58,984000.0,2022-07-10,2022-09-15,2022-10-20,2022-12-07,2022-12-05,49,27.1201,80.7314,False,
MPLAD-02027,Jaipur Rural,Rajasthan,School Building Repair,2.52,unit,CTR-0003,2101878.64,2268000.0,2024-11-24,2025-01-29,2025-03-15,2025-10-22,2025-11-12,199,27.2347,75.6317,False,
MPLAD-02028,Nagpur,Maharashtra,Community Hall,1.42,unit,CTR-0043,3724162.44,3550000.0,2023-01-16,2023-02-20,2023-03-30,2024-01-19,2023-12-27,234,19.5011,73.1601,True,payment_timing
MPLAD-02029,Kanpur,Uttar Pradesh,Community Hall,1.59,unit,CTR-0011,3986869.24,3975000.0,2023-09-03,2023-11-11,2023-12-17,2024-10-12,2024-11-07,238,26.8024,81.0108,False,
MPLAD-02030,Madurai,Tamil Nadu,Drinking Water Supply,1.05,unit,CTR-0142,1439007.95,1260000.0,2023-10-29,2024-01-25,2024-02-29,2024-03-13,2024-03-15,70,10.7311,78.2362,True,ghost_project
MPLAD-02031,Madurai,Tamil Nadu,Drainage System,1.32,km,CTR-0182,1507978.19,1452000.0,2024-09-27,2024-11-16,2024-12-25,2025-06-26,2025-07-08,155,10.587,78.2858,False,
MPLAD-02032,Kota,Rajasthan,Drinking Water Supply,2.21,unit,CTR-0099,3036084.03,2652000.0,2024-06-27,2024-08-22,2024-09-03,2025-02-03,2025-02-05,124,27.1899,75.9188,False,
MPLAD-02033,Kanpur,Uttar Pradesh,Drinking Water Supply,1.52,unit,CTR-0071,1981117.74,1824000.0,2024-01-04,2024-03-14,2024-04-07,2024-07-20,2024-08-09,83,26.7406,80.9989,False,
MPLAD-02034,Nalgonda,Telangana,Health Sub-Centre,2.89,unit,CTR-0145,8834510.12,9248000.0,2023-01-12,2023-02-03,2023-02-15,2024-09-14,2024-09-21,546,17.7371,78.0859,False,
MPLAD-02035,Jaipur Rural,Rajasthan,Street Lighting,2.1,unit,CTR-0167,852168.48,945000.0,2022-09-16,2022-12-07,2022-12-29,2023-03-13,2023-03-21,62,26.7053,75.9628,False,
MPLAD-02036,Gaya,Bihar,School Building Repair,0.62,unit,CTR-0142,579499.1,558000.0,2024-06-11,2024-07-02,2024-07-12,2024-09-12,2024-10-09,51,26.0708,84.8746,False,
MPLAD-02037,Cuttack,Odisha,Community Hall,1.88,unit,CTR-0077,4096505.15,4700000.0,2023-03-25,2023-06-04,2023-06-24,2024-05-31,2024-06-28,326,20.1991,86.2868,False,
MPLAD-02038,Patna Sahib,Bihar,Drinking Water Supply,1.18,unit,CTR-0067,1577743.1,1416000.0,2022-11-12,2023-01-16,2023-01-23,2023-04-13,2023-05-05,70,25.5846,84.8673,False,
MPLAD-02039,Pune,Maharashtra,School Building Repair,0.84,unit,CTR-0180,673452.29,756000.0,2023-02-27,2023-05-03,2023-05-27,2023-08-13,2023-08-12,68,18.7071,73.0909,False,
MPLAD-02040,Patna Sahib,Bihar,Health Sub-Centre,1.61,unit,CTR-0105,5347576.17,5152000.0,2024-10-23,2024-12-23,2024-12-30,2025-11-03,2025-11-03,319,25.9795,85.5493,False,
MPLAD-02041,Cuttack,Odisha,Drainage System,2.46,km,CTR-0218,2980738.21,2706000.0,2023-05-19,2023-06-05,2023-07-11,2024-03-23,2024-04-07,237,20.32,85.82,True,geo_clustering
MPLAD-02042,Gaya,Bihar,Community Hall,1.04,unit,CTR-0067,2683725.14,2600000.0,2024-11-14,2025-01-02,2025-01-25,2025-08-03,2025-07-29,159,25.5458,85.2095,False,
MPLAD-02043,Jaipur Rural,Rajasthan,Health Sub-Centre,1.36,unit,CTR-0213,4569126.17,4352000.0,2022-07-24,2022-10-11,2022-10-20,2023-08-24,2023-09-11,285,26.7703,75.4532,False,
MPLAD-02044,Varanasi,Uttar Pradesh,Drinking Water Supply,2.48,unit,CTR-0025,3068864.88,2976000.0,2023-02-26,2023-03-25,2023-04-26,2023-10-20,2023-11-18,140,26.4778,81.1593,False,
MPLAD-02045,Madurai,Tamil Nadu,Street Lighting,1.34,unit,CTR-0165,1360730.46,603000.0,2024-06-30,2024-09-08,2024-10-05,2024-11-15,2024-11-30,39,11.0823,77.6367,True,cost_inflation
MPLAD-02046,Nagpur,Maharashtra,Drainage System,2.12,km,CTR-0068,2477770.88,2332000.0,2023-09-19,2023-11-01,2023-12-03,2024-08-16,2024-09-11,231,18.7018,73.2598,False,
MPLAD-02047,Secunderabad,Telangana,Community Hall,1.96,unit,CTR-0213,5293492.16,4900000.0,2022-04-21,2022-07-07,2022-08-06,2023-10-14,2023-10-24,340,17.1985,78.1126,False,
MPLAD-02048,Jaipur Rural,Rajasthan,Street Lighting,0.81,unit,CTR-0120,315396.73,364500.0,2022-09-10,2022-11-06,2022-11-27,2022-12-19,2022-12-28,21,27.1665,75.9146,False,
MPLAD-02049,Warangal,Telangana,Drainage System,1.16,km,CTR-0169,1289995.02,1276000.0,2023-12-23,2024-02-22,2024-03-27,2024-08-12,2024-08-28,108,17.3013,78.1039,False,
MPLAD-02050,Coimbatore,Tamil Nadu,Drainage System,0.74,km,CTR-0080,822294.8,814000.0,2024-02-06,2024-04-20,2024-05-08,2024-08-14,2024-08-29,86,10.6516,78.4607,False,
MPLAD-02051,Patna Sahib,Bihar,Drinking Water Supply,0.54,unit,CTR-0142,701508.01,648000.0,2023-12-06,2024-02-21,2024-04-04,2024-05-09,2024-06-04,35,25.4621,85.1016,False,
MPLAD-02052,Nalgonda,Telangana,School Building Repair,2.47,unit,CTR-0040,2496394.69,2223000.0,2023-06-22,2023-07-22,2023-08-08,2024-03-17,2024-03-27,209,17.1134,78.7361,False,
MPLAD-02053,Varanasi,Uttar Pradesh,Drainage System,0.5,km,CTR-0114,470510.08,550000.0,2024-03-31,2024-06-29,2024-08-01,2024-09-23,2024-09-24,46,26.5545,81.3791,False,
MPLAD-02054,Coimbatore,Tamil Nadu,School Building Repair,2.23,unit,CTR-0211,2292511.87,2007000.0,2023-12-17,2024-02-10,2024-03-22,2024-08-30,2024-08-27,156,11.0182,77.8168,False,
MPLAD-02055,Coimbatore,Tamil Nadu,Drinking Water Supply,0.81,unit,CTR-0010,833606.14,972000.0,2024-03-06,2024-04-02,2024-04-08,2024-05-25,2024-06-11,51,11.1158,77.6312,False,
MPLAD-02056,Warangal,Telangana,Health Sub-Centre,2.85,unit,CTR-0010,9010592.61,9120000.0,2023-07-07,2023-10-03,2023-10-10,2025-07-09,2025-07-31,583,17.6007,78.1781,False,
MPLAD-02057,Pune,Maharashtra,Drinking Water Supply,1.49,unit,CTR-0026,1897230.15,1788000.0,2024-01-18,2024-04-16,2024-05-06,2024-08-10,2024-09-01,83,19.0452,73.0769,False,
MPLAD-02058,Madurai,Tamil Nadu,Community Hall,1.72,unit,CTR-0110,3964797.06,4300000.0,2023-12-31,2024-03-22,2024-05-04,2025-03-18,2025-04-13,300,10.5578,77.7281,False,
MPLAD-02059,Varanasi,Uttar Pradesh,Community Hall,0.71,unit,CTR-0200,1622508.61,1775000.0,2022-08-07,2022-09-15,2022-10-29,2023-02-14,2023-02-26,120,26.4896,81.0036,False,
MPLAD-02060,Secunderabad,Telangana,Drinking Water Supply,2.94,unit,CTR-0080,3238750.91,3528000.0,2023-04-06,2023-05-31,2023-07-05,2023-08-16,2023-08-20,179,17.3416,78.8202,True,ghost_project
MPLAD-02061,Kanpur,Uttar Pradesh,Road Construction,2.93,km,CTR-0219,2615692.88,2490500.0,2024-07-23,2024-09-05,2024-10-03,2025-09-17,2025-10-09,289,26.82,80.92,True,geo_clustering
MPLAD-02062,Nalgonda,Telangana,Health Sub-Centre,0.94,unit,CTR-0132,3323660.22,3008000.0,2024-04-30,2024-06-14,2024-07-19,2025-02-01,2025-02-12,161,17.42,78.52,True,geo_clustering
MPLAD-02063,Bhubaneswar,Odisha,Street Lighting,1.81,unit,CTR-0196,797191.28,814500.0,2022-07-01,2022-08-01,2022-08-14,2022-10-27,2022-11-01,58,19.8756,85.9266,False,
MPLAD-02064,Secunderabad,Telangana,Health Sub-Centre,2.81,unit,CTR-0022,9222862.95,8992000.0,2022-10-28,2022-12-24,2023-02-06,2025-01-21,2025-02-10,574,17.8767,78.7588,False,
MPLAD-02065,Pune,Maharashtra,Drinking Water Supply,1.18,unit,CTR-0162,1592170.32,1416000.0,2023-01-06,2023-03-09,2023-04-03,2023-06-19,2023-06-18,77,18.7094,72.4976,False,
MPLAD-02066,Pune,Maharashtra,Street Lighting,2.41,unit,CTR-0218,1148360.68,1084500.0,2024-02-22,2024-05-04,2024-05-21,2024-08-01,2024-07-28,66,19.2871,72.5444,False,
MPLAD-02067,Pune,Maharashtra,Health Sub-Centre,1.85,unit,CTR-0165,6257469.71,5920000.0,2024-05-28,2024-08-16,2024-09-09,2025-10-03,2025-11-01,321,19.3786,72.6795,False,
MPLAD-02068,Varanasi,Uttar Pradesh,Road Construction,2.18,km,CTR-0098,1667225.17,1853000.0,2023-06-19,2023-09-08,2023-09-28,2023-10-29,2023-10-30,232,26.567,80.4597,True,ghost_project
MPLAD-02069,Kanpur,Uttar Pradesh,Street Lighting,0.99,unit,CTR-0003,446590.34,445500.0,2024-03-19,2024-05-10,2024-06-13,2024-07-24,2024-07-21,33,27.0323,80.4106,False,
MPLAD-02070,Jaipur Rural,Rajasthan,Drainage System,0.77,km,CTR-0112,858043.97,847000.0,2024-02-12,2024-03-16,2024-04-28,2024-07-28,2024-08-22,87,26.8211,75.7828,False,
MPLAD-02071,Gaya,Bihar,Drainage System,2.9,km,CTR-0048,3189031.18,3190000.0,2024-12-08,2025-02-27,2025-03-29,2026-01-19,2026-02-02,264,25.203,84.9899,False,
MPLAD-02072,Kanpur,Uttar Pradesh,Road Construction,0.9,km,CTR-0172,844166.17,765000.0,2024-03-31,2024-05-17,2024-06-30,2024-10-02,2024-10-16,88,26.4092,81.0129,False,
MPLAD-02073,Coimbatore,Tamil Nadu,Drinking Water Supply,1.08,unit,CTR-0193,1366656.92,1296000.0,2023-05-28,2023-08-23,2023-08-30,2023-11-21,2023-12-17,65,11.02,78.12,True,geo_clustering
MPLAD-02074,Pune,Maharashtra,Health Sub-Centre,2.26,unit,CTR-0030,7440678.75,7232000.0,2022-09-10,2022-12-04,2022-12-13,2024-05-31,2024-06-18,448,19.1587,72.4998,False,
MPLAD-02075,Secunderabad,Telangana,Street Lighting,2.89,unit,CTR-0119,1285819.26,1300500.0,2023-11-12,2023-12-28,2024-01-06,2024-04-07,2024-04-27,81,17.6286,78.781,False,
MPLAD-02076,Gaya,Bihar,Community Hall,0.51,unit,CTR-0204,1150393.82,1275000.0,2022-02-21,2022-05-17,2022-06-23,2022-09-15,2022-09-27,78,25.6144,84.7416,False,
MPLAD-02077,Kanpur,Uttar Pradesh,Street Lighting,2.98,unit,CTR-0071,1359198.6,1341000.0,2023-09-03,2023-10-12,2023-11-25,2024-03-19,2024-03-14,100,26.7083,80.8486,True,contractor_collusion
MPLAD-02078,Jaipur Rural,Rajasthan,Road Construction,1.35,km,CTR-0080,1062718.51,1147500.0,2023-12-08,2024-01-07,2024-01-13,2024-06-22,2024-06-22,129,26.7043,76.2073,False,
MPLAD-02079,Cuttack,Odisha,Community Hall,1.11,unit,CTR-0140,2430994.81,2775000.0,2024-11-17,2025-02-14,2025-03-21,2025-09-22,2025-09-17,165,20.7317,85.6389,False,
MPLAD-02080,Jaipur Rural,Rajasthan,Street Lighting,1.73,unit,CTR-0026,776852.12,778500.0,2022-02-24,2022-04-04,2022-04-11,2022-06-11,2022-07-08,59,26.8519,75.357,False,
MPLAD-02081,Secunderabad,Telangana,Road Construction,2.83,km,CTR-0058,2320335.8,2405500.0,2024-03-14,2024-04-30,2024-06-08,2025-04-13,2025-05-13,253,17.4906,78.2088,False,
MPLAD-02082,Madurai,Tamil Nadu,Road Construction,1.63,km,CTR-0143,1523798.53,1385500.0,2024-06-11,2024-07-03,2024-07-08,2024-12-14,2024-12-23,151,10.8102,78.5417,False,
MPLAD-02083,Cuttack,Odisha,Drainage System,2.5,km,CTR-0151,2712913.38,2750000.0,2023-04-23,2023-05-18,2023-07-02,2024-05-24,2024-06-03,272,19.8446,85.5258,False,
MPLAD-02084,Gaya,Bihar,Health Sub-Centre,2.57,unit,CTR-0192,8779846.38,8224000.0,2024-10-20,2024-12-07,2025-01-02,2026-03-14,2026-03-09,461,25.4022,84.8809,False,
MPLAD-02085,Nagpur,Maharashtra,Road Construction,2.25,km,CTR-0078,2189746.88,1912500.0,2023-03-21,2023-04-19,2023-05-28,2023-12-24,2024-01-10,225,18.987,73.2564,False,
MPLAD-02086,Jaipur Rural,Rajasthan,Community Hall,1.64,unit,CTR-0014,12852304.53,4100000.0,2024-01-08,2024-04-06,2024-04-30,2025-03-17,2025-04-07,263,27.232,75.4052,True,cost_inflation
MPLAD-02087,Jaipur Rural,Rajasthan,Street Lighting,1.27,unit,CTR-0101,562854.63,571500.0,2023-12-21,2024-02-27,2024-03-24,2024-05-03,2024-05-30,37,26.9653,75.7559,False,
MPLAD-02088,Nagpur,Maharashtra,Drainage System,1.24,km,CTR-0054,1297649.59,1364000.0,2022-02-20,2022-04-02,2022-05-14,2022-09-23,2022-10-20,146,18.8578,73.0853,False,
MPLAD-02089,Coimbatore,Tamil Nadu,Drinking Water Supply,1.58,unit,CTR-0216,2023163.72,1896000.0,2023-01-08,2023-03-16,2023-03-25,2023-07-06,2023-07-09,105,11.4315,78.3818,False,
MPLAD-02090,Madurai,Tamil Nadu,Street Lighting,2.71,unit,CTR-0114,1362317.1,1219500.0,2024-02-07,2024-04-21,2024-04-28,2024-08-05,2024-08-13,83,11.0695,78.4931,False,
MPLAD-02091,Kanpur,Uttar Pradesh,School Building Repair,0.96,unit,CTR-0151,927615.25,864000.0,2024-06-28,2024-07-21,2024-07-31,2024-10-13,2024-08-29,81,27.0593,81.3884,True,payment_timing
MPLAD-02092,Gaya,Bihar,Street Lighting,0.97,unit,CTR-0045,873146.9,436500.0,2022-12-10,2023-01-30,2023-02-16,2023-03-16,2023-03-23,29,25.7844,85.3763,True,cost_inflation
MPLAD-02093,Nagpur,Maharashtra,Street Lighting,1.13,unit,CTR-0059,1350962.91,508500.0,2022-02-26,2022-04-30,2022-06-10,2022-07-27,2022-08-07,37,19.3077,73.0801,True,cost_inflation
MPLAD-02094,Secunderabad,Telangana,Drainage System,1.59,km,CTR-0058,5071501.54,1749000.0,2022-10-15,2022-12-08,2022-12-18,2023-05-17,2023-06-02,158,17.1424,78.7154,True,cost_inflation
MPLAD-02095,Varanasi,Uttar Pradesh,Health Sub-Centre,1.83,unit,CTR-0065,6432279.59,5856000.0,2024-12-24,2025-03-10,2025-04-05,2026-02-27,2026-03-01,329,27.2618,81.0318,False,
MPLAD-02096,Madurai,Tamil Nadu,Street Lighting,1.14,unit,CTR-0003,491778.73,513000.0,2022-10-21,2023-01-11,2023-01-16,2023-02-26,2023-03-21,40,10.9102,78.5934,False,
MPLAD-02097,Patna Sahib,Bihar,Drinking Water Supply,0.57,unit,CTR-0205,695723.24,684000.0,2024-05-18,2024-08-11,2024-09-18,2024-11-03,2024-11-26,40,25.6444,84.6274,False,
MPLAD-02098,Coimbatore,Tamil Nadu,Community Hall,0.92,unit,CTR-0034,2126883.44,2300000.0,2024-09-11,2024-09-30,2024-10-10,2025-03-04,2025-03-19,127,11.0602,78.5645,False,
MPLAD-02099,Madurai,Tamil Nadu,Street Lighting,2.15,unit,CTR-0148,979094.21,967500.0,2024-12-10,2025-02-24,2025-03-11,2025-06-02,2025-06-30,66,10.9971,78.4264,False,
MPLAD-02100,Madurai,Tamil Nadu,Drinking Water Supply,2.51,unit,CTR-0041,6242603.02,3012000.0,2022-12-22,2023-03-20,2023-04-01,2023-10-03,2023-10-23,170,10.8097,77.7149,True,cost_inflation
MPLAD-02101,Kota,Rajasthan,Community Hall,1.77,unit,CTR-0143,4386512.3,4425000.0,2022-06-10,2022-06-30,2022-07-16,2023-04-08,2023-04-22,240,26.7385,75.3793,False,
MPLAD-02102,Pune,Maharashtra,Community Hall,2.33,unit,CTR-0041,6097756.05,5825000.0,2024-09-28,2024-11-28,2024-12-22,2025-11-15,2025-11-27,314,18.6668,72.6754,False,
MPLAD-02103,Pune,Maharashtra,Community Hall,0.67,unit,CTR-0179,1860142.98,1675000.0,2024-04-30,2024-05-31,2024-07-04,2024-10-12,2024-10-08,98,19.3799,72.7555,False,
MPLAD-02104,Nagpur,Maharashtra,Drainage System,1.13,km,CTR-0115,1120245.12,1243000.0,2024-03-26,2024-04-17,2024-05-22,2024-09-12,2024-09-28,102,18.8924,72.9429,False,
MPLAD-02105,Kanpur,Uttar Pradesh,Community Hall,2.92,unit,CTR-0071,7316838.06,7300000.0,2023-05-03,2023-07-28,2023-08-15,2024-12-13,2024-12-08,459,26.7262,81.1956,True,contractor_collusion
MPLAD-02106,Secunderabad,Telangana,Street Lighting,1.5,unit,CTR-0058,589034.15,675000.0,2024-12-24,2025-02-20,2025-03-29,2025-05-27,2025-06-20,50,16.907,78.365,False,
MPLAD-02107,Nagpur,Maharashtra,School Building Repair,2.94,unit,CTR-0217,2780397.82,2646000.0,2022-09-22,2022-11-20,2022-11-29,2023-07-11,2023-07-08,199,18.7192,72.9624,False,
MPLAD-02108,Patna Sahib,Bihar,Drainage System,1.1,km,CTR-0033,1284426.61,1210000.0,2024-07-10,2024-07-25,2024-08-16,2025-01-09,2025-01-16,130,25.854,85.1855,False,
MPLAD-02109,Cuttack,Odisha,Street Lighting,1.36,unit,CTR-0027,697312.77,612000.0,2024-02-01,2024-03-28,2024-04-09,2024-04-18,2024-04-18,43,20.6021,85.9459,True,ghost_project
MPLAD-02110,Jaipur Rural,Rajasthan,Health Sub-Centre,2.58,unit,CTR-0086,8155665.87,8256000.0,2022-08-15,2022-10-08,2022-10-24,2024-03-31,2024-04-24,514,26.92,75.82,True,geo_clustering
MPLAD-02111,Patna Sahib,Bihar,Community Hall,0.7,unit,CTR-0154,1973479.97,1750000.0,2022-05-24,2022-06-30,2022-07-24,2022-11-18,2022-12-13,101,25.8276,84.8356,False,
MPLAD-02112,Coimbatore,Tamil Nadu,School Building Repair,0.93,unit,CTR-0123,900150.7,837000.0,2023-09-19,2023-10-29,2023-12-13,2024-03-07,2024-03-21,68,11.1226,78.0624,False,
MPLAD-02113,Bhubaneswar,Odisha,Street Lighting,1.4,unit,CTR-0097,556350.03,630000.0,2023-09-22,2023-11-04,2023-12-12,2024-02-11,2024-02-08,49,20.6349,85.9134,False,
MPLAD-02114,Madurai,Tamil Nadu,Health Sub-Centre,1.18,unit,CTR-0058,3814448.31,3776000.0,2023-08-31,2023-10-01,2023-10-24,2024-05-18,2024-06-08,191,11.461,78.2265,False,
MPLAD-02115,Varanasi,Uttar Pradesh,Street Lighting,2.0,unit,CTR-0003,878116.56,900000.0,2023-04-13,2023-06-28,2023-07-29,2023-09-24,2023-09-29,60,26.7055,81.0945,False,
MPLAD-02116,Secunderabad,Telangana,Health Sub-Centre,1.15,unit,CTR-0058,3297783.85,3680000.0,2024-04-24,2024-06-07,2024-06-15,2025-01-13,2025-01-13,187,17.6178,78.2684,False,
MPLAD-02117,Pune,Maharashtra,Road Construction,0.87,km,CTR-0086,682202.09,739500.0,2022-08-21,2022-11-02,2022-11-18,2023-03-10,2023-03-30,92,18.9107,72.4658,False,
MPLAD-02118,Patna Sahib,Bihar,Health Sub-Centre,1.93,unit,CTR-0108,6709531.38,6176000.0,2022-05-15,2022-08-04,2022-08-26,2023-09-12,2023-09-21,403,25.3174,84.93,False,
MPLAD-02119,Varanasi,Uttar Pradesh,Drainage System,2.5,km,CTR-0115,2472456.72,2750000.0,2023-05-12,2023-07-07,2023-08-20,2024-05-31,2024-06-21,268,27.2116,80.8813,False,
MPLAD-02120,Patna Sahib,Bihar,Road Construction,2.66,km,CTR-0064,1935333.98,2261000.0,2024-06-02,2024-07-07,2024-07-31,2025-04-03,2025-04-13,227,25.5027,84.6106,False,
MPLAD-02121,Nagpur,Maharashtra,Community Hall,0.54,unit,CTR-0145,1162863.91,1350000.0,2022-04-24,2022-07-03,2022-07-27,2022-11-22,2022-12-13,96,18.6676,73.2407,False,
MPLAD-02122,Jaipur Rural,Rajasthan,Community Hall,1.72,unit,CTR-0129,4741224.75,4300000.0,2023-10-14,2023-12-01,2023-12-09,2024-11-12,2024-11-25,286,26.576,75.5486,False,
MPLAD-02123,Nagpur,Maharashtra,School Building Repair,2.31,unit,CTR-0037,2234878.24,2079000.0,2024-06-26,2024-08-26,2024-09-17,2025-05-21,2025-05-30,193,19.222,72.7058,False,
MPLAD-02124,Gaya,Bihar,Street Lighting,0.55,unit,CTR-0151,234095.26,247500.0,2023-01-11,2023-03-11,2023-03-27,2023-04-12,2023-05-12,15,25.7939,84.9344,False,
MPLAD-02125,Madurai,Tamil Nadu,Health Sub-Centre,1.78,unit,CTR-0212,6365741.38,5696000.0,2024-09-12,2024-10-26,2024-11-17,2025-10-05,2025-10-13,311,10.5505,78.5858,False,
MPLAD-02126,Bhubaneswar,Odisha,Road Construction,0.88,km,CTR-0046,805929.53,748000.0,2022-02-14,2022-05-12,2022-06-20,2022-09-25,2022-10-19,93,19.9573,85.5417,False,
MPLAD-02127,Cuttack,Odisha,Drinking Water Supply,1.5,unit,CTR-0019,1597777.29,1800000.0,2023-10-31,2023-11-27,2023-12-03,2024-03-24,2024-03-24,103,20.1656,85.6565,False,
MPLAD-02128,Nalgonda,Telangana,School Building Repair,1.97,unit,CTR-0206,2021056.0,1773000.0,2022-04-18,2022-06-06,2022-06-20,2022-07-24,2022-07-25,160,17.8463,78.3933,True,ghost_project
MPLAD-02129,Bhubaneswar,Odisha,Drinking Water Supply,2.64,unit,CTR-0096,2817868.75,3168000.0,2022-03-14,2022-05-30,2022-07-07,2022-11-26,2022-11-26,153,20.6445,86.1223,False,
MPLAD-02130,Cuttack,Odisha,Drinking Water Supply,1.37,unit,CTR-0006,1763809.4,1644000.0,2023-09-28,2023-11-14,2023-11-23,2024-03-06,2024-03-31,91,19.9101,85.992,False,
MPLAD-02131,Patna Sahib,Bihar,Drinking Water Supply,2.87,unit,CTR-0128,9978533.94,3444000.0,2023-04-18,2023-05-25,2023-07-01,2024-01-18,2024-01-21,175,26.0807,85.0096,True,cost_inflation
MPLAD-02132,Coimbatore,Tamil Nadu,Road Construction,2.63,km,CTR-0217,2350416.55,2235500.0,2024-01-17,2024-03-27,2024-04-16,2025-01-22,2025-01-17,274,11.374,77.6008,False,
MPLAD-02133,Patna Sahib,Bihar,Road Construction,1.22,km,CTR-0011,898478.04,1037000.0,2024-02-29,2024-05-18,2024-06-14,2024-06-30,2024-07-01,117,25.6956,85.0606,True,ghost_project
MPLAD-02134,Gaya,Bihar,Drainage System,2.78,km,CTR-0007,3062757.98,3058000.0,2022-03-19,2022-04-16,2022-04-23,2022-05-27,2022-05-28,312,25.8653,85.0176,True,ghost_project
MPLAD-02135,Secunderabad,Telangana,Street Lighting,1.81,unit,CTR-0132,828493.47,814500.0,2023-03-01,2023-03-20,2023-04-11,2023-06-19,2023-07-09,57,17.5564,78.3859,False,
MPLAD-02136,Warangal,Telangana,Street Lighting,1.68,unit,CTR-0131,764086.96,756000.0,2024-12-16,2025-02-14,2025-03-17,2025-05-19,2025-05-16,50,17.893,78.6277,False,
MPLAD-02137,Patna Sahib,Bihar,School Building Repair,2.4,unit,CTR-0103,2183524.23,2160000.0,2024-09-07,2024-10-14,2024-11-21,2025-04-25,2025-05-20,170,25.62,85.12,True,geo_clustering
MPLAD-02138,Coimbatore,Tamil Nadu,Road Construction,0.78,km,CTR-0142,696567.26,663000.0,2024-07-05,2024-08-08,2024-09-22,2024-12-10,2024-12-18,81,10.8517,77.8827,False,
MPLAD-02139,Coimbatore,Tamil Nadu,Community Hall,0.57,unit,CTR-0200,1439307.26,1425000.0,2024-03-30,2024-06-09,2024-07-17,2024-10-17,2024-11-04,77,10.6032,77.8553,False,
MPLAD-02140,Kota,Rajasthan,Street Lighting,1.53,unit,CTR-0053,769405.38,688500.0,2024-09-11,2024-10-29,2024-12-09,2025-01-18,2025-02-09,44,26.7789,75.8151,False,
MPLAD-02141,Warangal,Telangana,Drinking Water Supply,2.41,unit,CTR-0087,3233153.7,2892000.0,2023-09-16,2023-11-15,2023-12-17,2024-04-17,2024-05-05,133,17.721,78.2072,False,
MPLAD-02142,Warangal,Telangana,Health Sub-Centre,2.14,unit,CTR-0161,6251215.44,6848000.0,2022-02-03,2022-02-22,2022-03-07,2023-06-22,2023-07-09,454,17.3285,78.7584,False,
MPLAD-02143,Jaipur Rural,Rajasthan,Health Sub-Centre,1.69,unit,CTR-0181,5885962.11,5408000.0,2023-02-14,2023-03-13,2023-04-11,2024-02-06,2024-03-07,275,26.881,75.8919,False,
MPLAD-02144,Warangal,Telangana,School Building Repair,1.7,unit,CTR-0141,1371047.81,1530000.0,2022-10-22,2022-12-09,2022-12-17,2023-05-05,2023-05-23,146,17.8553,78.2901,False,
MPLAD-02145,Nalgonda,Telangana,Drainage System,1.24,km,CTR-0088,1565552.41,1364000.0,2022-03-16,2022-06-11,2022-07-23,2023-01-03,2023-01-11,130,17.468,78.496,False,
MPLAD-02146,Kota,Rajasthan,Community Hall,1.7,unit,CTR-0131,4007566.87,4250000.0,2023-03-16,2023-04-01,2023-04-18,2024-01-30,2024-02-12,236,26.6487,75.5198,False,
MPLAD-02147,Nalgonda,Telangana,Road Construction,0.7,km,CTR-0149,545627.19,595000.0,2023-09-22,2023-11-04,2023-11-10,2024-01-12,2024-01-24,58,17.0064,78.9916,False,
MPLAD-02148,Gaya,Bihar,Drainage System,2.98,km,CTR-0081,3192751.32,3278000.0,2024-11-14,2025-01-31,2025-02-17,2025-12-29,2026-01-26,302,25.62,85.12,True,geo_clustering
MPLAD-02149,Jaipur Rural,Rajasthan,Community Hall,1.32,unit,CTR-0200,3205178.24,3300000.0,2022-09-18,2022-11-03,2022-11-10,2023-04-28,2023-05-11,178,26.439,75.6822,False,
MPLAD-02150,Bhubaneswar,Odisha,Health Sub-Centre,0.96,unit,CTR-0027,2683833.61,3072000.0,2022-03-31,2022-05-18,2022-05-29,2023-01-03,2023-01-08,173,20.5722,85.8068,False,
MPLAD-02151,Warangal,Telangana,Drinking Water Supply,0.61,unit,CTR-0111,741281.39,732000.0,2023-01-04,2023-02-15,2023-03-29,2023-04-29,2023-05-27,33,17.4533,78.7713,False,
MPLAD-02152,Nalgonda,Telangana,Street Lighting,1.89,unit,CTR-0150,926957.58,850500.0,2023-10-31,2023-12-02,2024-01-06,2024-03-06,2024-03-21,57,17.7291,78.8103,False,
MPLAD-02153,Varanasi,Uttar Pradesh,Drinking Water Supply,0.89,unit,CTR-0078,954177.14,1068000.0,2023-06-16,2023-09-10,2023-09-24,2023-10-10,2023-10-11,60,27.1364,80.5914,True,ghost_project
MPLAD-02154,Warangal,Telangana,School Building Repair,0.6,unit,CTR-0164,611769.55,540000.0,2022-08-14,2022-11-05,2022-11-12,2023-01-11,2023-01-30,51,17.579,78.6313,False,
MPLAD-02155,Warangal,Telangana,Health Sub-Centre,2.17,unit,CTR-0064,6753937.59,6944000.0,2022-02-20,2022-04-09,2022-05-13,2023-09-27,2023-09-27,395,17.7734,78.5679,False,
MPLAD-02156,Warangal,Telangana,Health Sub-Centre,2.5,unit,CTR-0206,7100467.04,8000000.0,2024-02-14,2024-03-18,2024-04-11,2025-09-25,2025-10-16,447,17.4602,78.6691,False,
MPLAD-02157,Nalgonda,Telangana,Road Construction,1.15,km,CTR-0057,913250.01,977500.0,2022-05-23,2022-08-12,2022-08-23,2022-11-23,2022-12-23,98,17.5335,78.3121,False,
MPLAD-02158,Cuttack,Odisha,Drinking Water Supply,2.24,unit,CTR-0022,2471446.01,2688000.0,2022-08-26,2022-11-05,2022-12-17,2023-05-21,2023-06-04,133,20.1118,85.3386,False,
MPLAD-02159,Nagpur,Maharashtra,Road Construction,1.19,km,CTR-0191,1968776.57,1011500.0,2024-03-02,2024-05-14,2024-05-25,2024-10-02,2024-10-29,128,19.0588,72.6127,True,cost_inflation
MPLAD-02160,Madurai,Tamil Nadu,Health Sub-Centre,2.41,unit,CTR-0091,7456868.9,7712000.0,2022-09-14,2022-10-18,2022-11-21,2024-02-07,2024-03-03,430,11.0996,78.3906,False,
MPLAD-02161,Nalgonda,Telangana,Drinking Water Supply,1.04,unit,CTR-0057,1432626.86,1248000.0,2023-06-13,2023-09-10,2023-10-24,2024-01-13,2024-02-10,64,17.3498,78.6043,False,
MPLAD-02162,Warangal,Telangana,Street Lighting,2.37,unit,CTR-0101,1226116.3,1066500.0,2023-01-16,2023-03-23,2023-04-16,2023-06-19,2023-07-08,70,16.9169,78.1678,False,
MPLAD-02163,Patna Sahib,Bihar,School Building Repair,2.85,unit,CTR-0060,2721072.36,2565000.0,2023-12-14,2024-02-29,2024-03-30,2024-11-11,2024-11-08,227,25.1812,85.5965,False,
MPLAD-02164,Patna Sahib,Bihar,Drainage System,1.52,km,CTR-0076,1468661.94,1672000.0,2024-03-22,2024-04-10,2024-05-09,2024-11-17,2024-11-13,151,25.1614,85.0408,False,
MPLAD-02165,Jaipur Rural,Rajasthan,School Building Repair,1.25,unit,CTR-0154,1145732.84,1125000.0,2024-11-28,2025-02-26,2025-03-20,2025-07-13,2025-08-10,105,26.4693,75.3121,False,
MPLAD-02166,Madurai,Tamil Nadu,School Building Repair,0.56,unit,CTR-0028,436497.85,504000.0,2024-08-17,2024-09-01,2024-09-10,2024-11-01,2024-11-10,49,11.1538,77.9132,False,
MPLAD-02167,Kanpur,Uttar Pradesh,Street Lighting,2.98,unit,CTR-0209,1154723.94,1341000.0,2022-08-15,2022-09-08,2022-10-11,2023-01-07,2023-01-29,94,27.1321,81.3927,False,
MPLAD-02168,Secunderabad,Telangana,Road Construction,1.22,km,CTR-0069,908245.36,1037000.0,2024-01-01,2024-02-27,2024-04-09,2024-08-24,2024-09-05,129,17.1274,78.2333,False,
MPLAD-02169,Pune,Maharashtra,Drinking Water Supply,2.33,unit,CTR-0145,3202756.71,2796000.0,2024-02-06,2024-03-12,2024-03-31,2024-09-30,2024-10-01,163,19.08,73.0797,False,
MPLAD-02170,Kanpur,Uttar Pradesh,Drainage System,2.69,km,CTR-0001,3187255.44,2959000.0,2023-01-04,2023-03-09,2023-04-23,2024-01-31,2023-12-05,267,26.5144,80.7859,True,payment_timing
MPLAD-02171,Jaipur Rural,Rajasthan,Street Lighting,2.58,unit,CTR-0166,1068825.2,1161000.0,2023-03-20,2023-06-15,2023-07-09,2023-10-27,2023-10-31,92,26.673,75.7953,False,
MPLAD-02172,Madurai,Tamil Nadu,Community Hall,2.53,unit,CTR-0192,6937291.42,6325000.0,2024-02-10,2024-04-07,2024-04-27,2025-10-18,2025-10-22,437,11.3658,78.2589,False,
MPLAD-02173,Pune,Maharashtra,School Building Repair,1.15,unit,CTR-0024,904043.8,1035000.0,2023-05-10,2023-06-29,2023-08-09,2023-11-16,2023-11-18,101,19.4945,72.8816,False,
MPLAD-02174,Cuttack,Odisha,School Building Repair,1.58,unit,CTR-0009,1364533.27,1422000.0,2022-07-27,2022-10-11,2022-10-30,2023-04-01,2023-04-25,125,20.4075,85.4184,False,
MPLAD-02175,Secunderabad,Telangana,School Building Repair,1.48,unit,CTR-0058,1456462.21,1332000.0,2023-01-20,2023-03-23,2023-04-13,2023-08-15,2023-09-04,118,17.1086,78.5925,True,contractor_collusion
MPLAD-02176,Varanasi,Uttar Pradesh,Road Construction,2.94,km,CTR-0170,2608372.38,2499000.0,2022-01-11,2022-02-24,2022-04-08,2023-02-17,2023-02-28,266,26.9614,80.8754,False,
MPLAD-02177,Coimbatore,Tamil Nadu,Road Construction,1.49,km,CTR-0102,1360485.63,1266500.0,2024-01-12,2024-03-08,2024-03-21,2024-09-18,2024-09-16,159,10.8293,78.2211,False,
MPLAD-02178,Nalgonda,Telangana,Road Construction,2.17,km,CTR-0013,2001525.03,1844500.0,2022-08-16,2022-09-07,2022-09-17,2023-06-16,2023-07-08,222,16.9738,78.0704,False,
MPLAD-02179,Kota,Rajasthan,Community Hall,2.47,unit,CTR-0067,7041864.15,6175000.0,2024-11-19,2024-12-14,2024-12-27,2026-06-10,2026-06-19,415,26.4012,75.9726,False,
MPLAD-02180,Pune,Maharashtra,Community Hall,0.98,unit,CTR-0196,2709965.41,2450000.0,2024-02-08,2024-05-06,2024-06-19,2024-11-14,2024-12-14,161,19.4527,72.8781,False,
MPLAD-02181,Warangal,Telangana,Community Hall,2.16,unit,CTR-0164,5447345.0,5400000.0,2024-08-12,2024-09-27,2024-11-11,2024-12-24,2024-12-24,339,17.8694,78.7246,True,ghost_project
MPLAD-02182,Kota,Rajasthan,Health Sub-Centre,0.84,unit,CTR-0141,2397461.44,2688000.0,2022-06-17,2022-09-07,2022-10-07,2023-04-14,2023-04-16,154,26.8807,75.3631,False,
MPLAD-02183,Kanpur,Uttar Pradesh,Drainage System,0.97,km,CTR-0040,990751.68,1067000.0,2024-06-12,2024-07-27,2024-08-28,2024-09-21,2024-09-24,90,27.2131,81.0095,True,ghost_project
MPLAD-02184,Nalgonda,Telangana,Drinking Water Supply,1.11,unit,CTR-0215,1222241.14,1332000.0,2022-05-19,2022-08-15,2022-09-03,2022-11-23,2022-12-09,70,17.42,78.52,True,geo_clustering
MPLAD-02185,Madurai,Tamil Nadu,Drainage System,2.51,km,CTR-0103,3101853.17,2761000.0,2023-05-08,2023-07-21,2023-09-01,2024-04-26,2024-05-11,238,11.3457,77.7654,False,
MPLAD-02186,Cuttack,Odisha,Community Hall,1.54,unit,CTR-0158,3569638.77,3850000.0,2024-12-01,2025-01-20,2025-02-09,2025-11-14,2025-12-06,228,20.5667,86.0296,False,
MPLAD-02187,Bhubaneswar,Odisha,Road Construction,0.69,km,CTR-0030,636320.89,586500.0,2022-04-05,2022-06-13,2022-07-04,2022-08-26,2022-09-23,59,19.8245,85.8619,False,
MPLAD-02188,Patna Sahib,Bihar,Health Sub-Centre,2.26,unit,CTR-0082,7435578.28,7232000.0,2022-04-25,2022-06-28,2022-07-13,2024-01-03,2024-01-31,445,25.5789,85.2097,False,
MPLAD-02189,Nagpur,Maharashtra,Drinking Water Supply,2.22,unit,CTR-0026,2277036.46,2664000.0,2024-03-10,2024-04-24,2024-05-28,2024-10-18,2024-11-08,148,18.7786,73.1245,False,
MPLAD-02190,Nalgonda,Telangana,Drainage System,0.86,km,CTR-0056,896051.45,946000.0,2022-01-14,2022-02-20,2022-04-05,2022-07-01,2022-07-27,85,17.3684,78.2274,False,
MPLAD-02191,Nagpur,Maharashtra,Health Sub-Centre,2.0,unit,CTR-0051,6129285.75,6400000.0,2023-10-09,2023-12-07,2023-12-16,2025-02-11,2025-02-15,376,18.8549,72.8514,False,
MPLAD-02192,Warangal,Telangana,Road Construction,2.97,km,CTR-0056,2875285.83,2524500.0,2023-03-24,2023-06-14,2023-07-16,2024-04-05,2024-04-22,276,17.2929,78.6529,False,
MPLAD-02193,Warangal,Telangana,Road Construction,2.87,km,CTR-0164,2287029.04,2439500.0,2023-02-25,2023-04-07,2023-04-13,2024-04-10,2024-05-09,298,16.943,78.3979,False,
MPLAD-02194,Coimbatore,Tamil Nadu,Street Lighting,2.91,unit,CTR-0007,1359894.25,1309500.0,2022-10-13,2023-01-01,2023-02-04,2023-05-17,2023-05-22,104,11.2994,77.6393,False,
MPLAD-02195,Kanpur,Uttar Pradesh,Street Lighting,2.09,unit,CTR-0071,864186.25,940500.0,2023-12-25,2024-02-15,2024-03-25,2024-04-05,2024-04-05,63,26.3027,80.5337,True,ghost_project
MPLAD-02196,Varanasi,Uttar Pradesh,Street Lighting,1.86,unit,CTR-0036,775074.8,837000.0,2024-06-13,2024-07-18,2024-08-23,2024-10-30,2024-11-21,60,27.062,80.6093,False,
MPLAD-02197,Secunderabad,Telangana,Road Construction,1.32,km,CTR-0188,1065456.89,1122000.0,2022-02-09,2022-02-26,2022-03-26,2022-09-05,2022-09-02,130,17.4133,78.6184,False,
MPLAD-02198,Varanasi,Uttar Pradesh,Health Sub-Centre,0.82,unit,CTR-0182,7463052.56,2624000.0,2022-04-08,2022-04-24,2022-05-12,2022-10-07,2022-10-30,139,26.4346,80.6406,True,cost_inflation
MPLAD-02199,Kanpur,Uttar Pradesh,Street Lighting,2.76,unit,CTR-0071,1305217.38,1242000.0,2023-07-17,2023-08-26,2023-09-29,2023-12-30,2024-01-07,90,26.8743,81.3806,True,contractor_collusion
MPLAD-02200,Nalgonda,Telangana,Street Lighting,0.78,unit,CTR-0156,733196.12,351000.0,2022-09-11,2022-11-19,2022-12-21,2023-01-16,2023-02-15,23,17.3712,78.6761,True,cost_inflation
MPLAD-02201,Varanasi,Uttar Pradesh,Road Construction,1.2,km,CTR-0096,944332.61,1020000.0,2024-03-08,2024-04-04,2024-05-06,2024-09-17,2024-10-11,127,26.3043,81.0858,False,
MPLAD-02202,Coimbatore,Tamil Nadu,Health Sub-Centre,0.57,unit,CTR-0007,3614131.05,1824000.0,2024-09-30,2024-12-06,2024-12-30,2025-04-15,2025-05-06,111,11.3301,77.77,True,cost_inflation
MPLAD-02203,Warangal,Telangana,Road Construction,2.55,km,CTR-0082,2267766.56,2167500.0,2024-04-15,2024-07-12,2024-08-12,2025-04-24,2025-05-01,272,17.0222,78.8365,False,
MPLAD-02204,Secunderabad,Telangana,Drinking Water Supply,0.91,unit,CTR-0179,1144631.86,1092000.0,2022-04-09,2022-06-04,2022-07-11,2022-09-28,2022-10-05,64,17.8841,78.6479,False,
MPLAD-02205,Patna Sahib,Bihar,Community Hall,2.35,unit,CTR-0070,6676315.32,5875000.0,2023-09-19,2023-12-06,2024-01-05,2025-02-01,2025-02-17,406,25.8462,85.2764,False,
MPLAD-02206,Madurai,Tamil Nadu,Road Construction,0.72,km,CTR-0028,688127.07,612000.0,2023-10-27,2023-12-21,2024-01-27,2024-04-20,2024-04-26,72,10.963,78.3041,False,
MPLAD-02207,Gaya,Bihar,Community Hall,1.05,unit,CTR-0011,3005499.6,2625000.0,2022-02-08,2022-03-25,2022-03-31,2022-09-01,2022-09-18,154,25.9023,85.1336,False,
MPLAD-02208,Coimbatore,Tamil Nadu,Road Construction,0.79,km,CTR-0121,680276.89,671500.0,2023-09-26,2023-10-27,2023-11-12,2024-01-25,2024-02-03,65,10.868,78.3025,False,
MPLAD-02209,Varanasi,Uttar Pradesh,Health Sub-Centre,2.33,unit,CTR-0170,7671308.26,7456000.0,2023-10-30,2023-12-29,2024-02-08,2025-04-07,2025-04-22,399,26.7449,80.9996,False,
MPLAD-02210,Warangal,Telangana,Road Construction,1.62,km,CTR-0202,1415176.31,1377000.0,2022-02-07,2022-04-02,2022-04-28,2022-10-12,2022-10-16,154,17.3422,78.2501,False,
MPLAD-02211,Warangal,Telangana,Drainage System,1.47,km,CTR-0164,1641008.7,1617000.0,2024-01-01,2024-03-23,2024-05-03,2024-11-09,2024-11-06,175,17.698,78.109,False,
MPLAD-02212,Secunderabad,Telangana,Community Hall,1.01,unit,CTR-0058,2433278.62,2525000.0,2024-02-09,2024-03-02,2024-03-07,2024-09-24,2024-10-01,159,17.1723,78.4326,True,contractor_collusion
MPLAD-02213,Pune,Maharashtra,Street Lighting,2.72,unit,CTR-0148,1255840.48,1224000.0,2022-01-15,2022-04-03,2022-04-25,2022-07-29,2022-07-30,90,19.3405,73.1477,False,
MPLAD-02214,Nagpur,Maharashtra,Street Lighting,2.1,unit,CTR-0194,966919.11,945000.0,2022-09-17,2022-11-30,2022-12-11,2023-03-04,2023-03-20,72,19.2959,73.335,False,
MPLAD-02215,Bhubaneswar,Odisha,Health Sub-Centre,1.03,unit,CTR-0057,3470779.26,3296000.0,2024-11-29,2025-01-28,2025-02-11,2025-09-28,2025-10-28,208,20.6608,85.8121,False,
MPLAD-02216,Kota,Rajasthan,Road Construction,2.42,km,CTR-0198,2227284.01,2057000.0,2024-08-15,2024-10-19,2024-11-08,2025-07-03,2025-06-28,258,27.045,75.7703,False,
MPLAD-02217,Nagpur,Maharashtra,Drinking Water Supply,2.95,unit,CTR-0150,3911331.72,3540000.0,2023-09-01,2023-10-21,2023-11-15,2024-06-28,2024-06-16,209,19.4695,72.7097,True,payment_timing
MPLAD-02218,Gaya,Bihar,School Building Repair,2.76,unit,CTR-0149,2238349.58,2484000.0,2024-02-29,2024-04-27,2024-05-20,2025-01-20,2025-02-03,211,25.8686,85.4303,False,
MPLAD-02219,Coimbatore,Tamil Nadu,Road Construction,2.33,km,CTR-0205,1831656.9,1980500.0,2024-11-21,2025-01-01,2025-02-14,2025-10-19,2025-10-17,224,10.9621,78.206,False,
MPLAD-02220,Patna Sahib,Bihar,School Building Repair,2.64,unit,CTR-0130,2340673.25,2376000.0,2024-10-14,2024-12-10,2025-01-10,2025-09-27,2025-10-27,223,25.172,85.077,False,
MPLAD-02221,Kanpur,Uttar Pradesh,Health Sub-Centre,0.6,unit,CTR-0174,2116420.77,1920000.0,2022-04-27,2022-07-07,2022-07-18,2022-12-10,2023-01-03,119,26.7657,80.7879,False,
MPLAD-02222,Pune,Maharashtra,Drainage System,1.29,km,CTR-0050,1217022.64,1419000.0,2024-10-04,2024-12-23,2025-01-31,2025-06-18,2025-06-23,140,18.7486,72.5974,False,
MPLAD-02223,Varanasi,Uttar Pradesh,Drinking Water Supply,1.09,unit,CTR-0004,1185999.07,1308000.0,2023-11-28,2023-12-29,2024-02-07,2024-04-18,2024-04-15,69,27.028,80.6242,False,
MPLAD-02224,Cuttack,Odisha,Community Hall,2.21,unit,CTR-0211,5346964.53,5525000.0,2024-07-28,2024-09-11,2024-10-06,2025-10-14,2025-10-30,317,20.6089,85.5847,False,
MPLAD-02225,Nagpur,Maharashtra,Drinking Water Supply,0.63,unit,CTR-0177,1618018.35,756000.0,2023-07-03,2023-09-17,2023-10-23,2023-11-23,2023-12-15,34,19.3922,72.7297,True,cost_inflation
MPLAD-02226,Patna Sahib,Bihar,Drinking Water Supply,1.36,unit,CTR-0095,1608246.85,1632000.0,2022-11-01,2022-11-20,2022-11-27,2023-03-09,2023-04-03,96,25.3515,84.7946,False,
MPLAD-02227,Cuttack,Odisha,Drinking Water Supply,1.4,unit,CTR-0203,1566143.74,1680000.0,2024-03-13,2024-04-11,2024-04-26,2024-07-17,2024-07-27,87,20.7272,85.8971,False,
MPLAD-02228,Jaipur Rural,Rajasthan,Community Hall,2.33,unit,CTR-0174,6324252.94,5825000.0,2023-10-28,2023-11-15,2023-12-18,2025-04-10,2025-04-11,402,26.92,75.82,True,geo_clustering
MPLAD-02229,Pune,Maharashtra,Street Lighting,2.14,unit,CTR-0061,1001227.37,963000.0,2023-08-30,2023-10-20,2023-11-20,2024-01-30,2024-02-16,64,18.8483,72.4044,False,
MPLAD-02230,Patna Sahib,Bihar,Drinking Water Supply,2.85,unit,CTR-0208,3502728.76,3420000.0,2024-04-15,2024-05-27,2024-06-22,2024-12-06,2025-01-01,156,25.5984,85.3682,False,
MPLAD-02231,Varanasi,Uttar Pradesh,Drainage System,1.04,km,CTR-0204,1194164.17,1144000.0,2023-01-28,2023-04-26,2023-06-08,2023-09-15,2023-10-06,108,26.3354,80.9195,False,
MPLAD-02232,Kanpur,Uttar Pradesh,Health Sub-Centre,2.3,unit,CTR-0097,8426576.31,7360000.0,2024-05-18,2024-08-13,2024-08-19,2025-11-24,2025-11-30,475,26.4497,80.9642,False,
MPLAD-02233,Pune,Maharashtra,Drinking Water Supply,1.5,unit,CTR-0006,1777272.24,1800000.0,2024-06-03,2024-08-16,2024-08-22,2024-12-22,2024-12-21,97,19.5562,73.0782,False,
MPLAD-02234,Kanpur,Uttar Pradesh,Road Construction,1.13,km,CTR-0054,992657.94,960500.0,2024-09-01,2024-10-06,2024-10-18,2025-02-04,2025-02-03,104,26.8512,80.5936,False,
MPLAD-02235,Bhubaneswar,Odisha,Drainage System,1.97,km,CTR-0060,2254889.03,2167000.0,2022-11-19,2023-02-15,2023-03-16,2023-12-15,2023-12-19,226,19.9125,86.1501,False,
MPLAD-02236,Warangal,Telangana,School Building Repair,2.8,unit,CTR-0164,2173845.54,2520000.0,2022-09-15,2022-10-18,2022-11-24,2023-06-02,2023-06-26,192,17.3445,78.2797,True,contractor_collusion
MPLAD-02237,Nagpur,Maharashtra,Drinking Water Supply,1.31,unit,CTR-0144,1682985.47,1572000.0,2024-06-30,2024-08-05,2024-09-14,2024-12-27,2024-12-25,82,19.0002,72.5507,False,
MPLAD-02238,Bhubaneswar,Odisha,Street Lighting,2.37,unit,CTR-0178,914777.18,1066500.0,2022-12-09,2023-02-15,2023-03-28,2023-06-08,2023-06-21,65,20.0587,86.0037,False,
MPLAD-02239,Patna Sahib,Bihar,Street Lighting,2.35,unit,CTR-0036,984770.99,1057500.0,2024-05-03,2024-05-20,2024-06-21,2024-09-18,2024-09-29,71,25.54,85.2948,False,
MPLAD-02240,Patna Sahib,Bihar,Health Sub-Centre,1.4,unit,CTR-0046,4100345.42,4480000.0,2023-05-29,2023-08-12,2023-09-17,2024-07-11,2024-08-09,267,25.3609,85.0415,False,
MPLAD-02241,Nagpur,Maharashtra,Drainage System,1.54,km,CTR-0070,1683099.76,1694000.0,2022-04-19,2022-06-28,2022-07-08,2022-12-07,2023-01-03,159,19.1001,72.8538,False,
MPLAD-02242,Varanasi,Uttar Pradesh,Street Lighting,1.5,unit,CTR-0040,586162.59,675000.0,2024-11-15,2024-12-18,2025-01-17,2025-03-14,2025-03-13,48,27.0074,81.1559,False,
MPLAD-02243,Nalgonda,Telangana,School Building Repair,1.35,unit,CTR-0001,1348292.81,1215000.0,2024-11-22,2025-01-30,2025-02-06,2025-05-13,2025-06-02,93,17.4427,78.0106,False,
MPLAD-02244,Bhubaneswar,Odisha,Drainage System,1.5,km,CTR-0165,1553779.12,1650000.0,2024-01-24,2024-02-16,2024-03-01,2024-08-17,2024-09-14,156,19.9909,85.4232,False,
MPLAD-02245,Varanasi,Uttar Pradesh,Health Sub-Centre,1.89,unit,CTR-0035,5795732.57,6048000.0,2023-07-08,2023-08-02,2023-09-01,2025-01-06,2025-01-06,406,26.8768,80.4856,False,
MPLAD-02246,Varanasi,Uttar Pradesh,Drainage System,0.55,km,CTR-0143,594108.56,605000.0,2022-08-31,2022-11-14,2022-11-19,2023-02-02,2023-02-22,64,26.7859,81.2984,False,
MPLAD-02247,Jaipur Rural,Rajasthan,Road Construction,2.12,km,CTR-0120,1923381.54,1802000.0,2023-08-08,2023-08-30,2023-09-22,2024-03-12,2024-04-03,174,27.375,75.879,False,
MPLAD-02248,Gaya,Bihar,Street Lighting,2.25,unit,CTR-0116,1057490.45,1012500.0,2022-06-20,2022-07-11,2022-08-05,2022-10-29,2022-10-29,66,25.135,85.4287,False,
MPLAD-02249,Pune,Maharashtra,Road Construction,0.63,km,CTR-0121,472225.63,535500.0,2024-01-12,2024-01-30,2024-02-15,2024-04-08,2024-04-06,59,18.7486,73.0651,False,
MPLAD-02250,Pune,Maharashtra,Community Hall,2.83,unit,CTR-0196,6501168.39,7075000.0,2022-12-26,2023-01-14,2023-01-24,2024-03-22,2024-03-28,468,19.2201,73.2857,False,
MPLAD-02251,Madurai,Tamil Nadu,Street Lighting,1.68,unit,CTR-0155,789662.16,756000.0,2023-11-15,2023-12-29,2024-02-10,2024-04-08,2024-05-01,55,11.2482,77.8544,False,
MPLAD-02252,Secunderabad,Telangana,Drinking Water Supply,2.2,unit,CTR-0174,2848732.97,2640000.0,2022-12-06,2022-12-28,2023-01-20,2023-05-20,2023-06-02,129,17.013,78.7786,False,
MPLAD-02253,Nalgonda,Telangana,Drinking Water Supply,2.47,unit,CTR-0204,3275920.18,2964000.0,2023-01-20,2023-03-06,2023-04-09,2023-09-30,2023-10-09,137,17.7684,78.7894,False,
MPLAD-02254,Coimbatore,Tamil Nadu,School Building Repair,2.22,unit,CTR-0201,1966404.83,1998000.0,2024-02-11,2024-02-26,2024-04-04,2024-09-30,2024-10-26,175,11.2668,78.4083,False,
MPLAD-02255,Pune,Maharashtra,Street Lighting,2.5,unit,CTR-0012,3530704.07,1125000.0,2024-03-11,2024-05-31,2024-07-07,2024-09-20,2024-10-02,81,19.1882,72.4349,True,cost_inflation
MPLAD-02256,Patna Sahib,Bihar,Health Sub-Centre,1.5,unit,CTR-0129,4487867.71,4800000.0,2023-12-30,2024-03-10,2024-03-31,2024-12-03,2024-11-29,246,25.6649,85.1776,False,
MPLAD-02257,Varanasi,Uttar Pradesh,Community Hall,2.41,unit,CTR-0096,5694838.31,6025000.0,2022-08-12,2022-09-08,2022-09-20,2023-10-27,2023-10-25,430,27.211,80.9181,False,
MPLAD-02258,Warangal,Telangana,Health Sub-Centre,1.53,unit,CTR-0065,4784798.46,4896000.0,2023-10-21,2023-12-03,2023-12-18,2024-09-11,2024-09-28,289,17.7268,78.412,False,
MPLAD-02259,Nalgonda,Telangana,Community Hall,2.15,unit,CTR-0210,5734931.0,5375000.0,2023-07-18,2023-10-09,2023-10-14,2024-11-02,2024-10-30,308,17.7847,78.1478,False,
MPLAD-02260,Secunderabad,Telangana,Drinking Water Supply,2.92,unit,CTR-0058,3499101.5,3504000.0,2022-01-18,2022-03-16,2022-04-11,2022-11-06,2022-11-11,206,17.7226,78.517,True,contractor_collusion
MPLAD-02261,Kota,Rajasthan,Health Sub-Centre,2.3,unit,CTR-0027,15046098.75,7360000.0,2023-08-01,2023-10-15,2023-11-05,2025-01-11,2025-02-09,379,26.68,75.605,True,cost_inflation
MPLAD-02262,Cuttack,Odisha,Community Hall,2.9,unit,CTR-0117,7210369.26,7250000.0,2023-06-01,2023-08-15,2023-08-31,2024-11-03,2024-11-25,462,19.8785,85.4832,False,
MPLAD-02263,Madurai,Tamil Nadu,Road Construction,1.36,km,CTR-0070,1032558.91,1156000.0,2023-01-06,2023-03-16,2023-04-18,2023-10-09,2023-10-31,140,11.1197,78.1034,False,
MPLAD-02264,Nagpur,Maharashtra,School Building Repair,1.81,unit,CTR-0139,1844374.14,1629000.0,2023-07-25,2023-09-20,2023-10-27,2024-03-09,2024-04-01,134,19.3585,73.3665,False,
MPLAD-02265,Warangal,Telangana,Road Construction,2.31,km,CTR-0035,2011357.16,1963500.0,2023-03-13,2023-05-20,2023-05-25,2024-02-18,2024-03-11,229,17.082,78.4537,False,
MPLAD-02266,Coimbatore,Tamil Nadu,Road Construction,1.44,km,CTR-0065,1131904.67,1224000.0,2022-08-16,2022-09-19,2022-10-11,2023-03-31,2023-04-28,139,10.7863,77.8946,False,
MPLAD-02267,Coimbatore,Tamil Nadu,School Building Repair,1.52,unit,CTR-0090,1540828.43,1368000.0,2024-01-08,2024-03-15,2024-04-24,2024-08-29,2024-09-01,104,11.2053,78.3012,False,
MPLAD-02268,Madurai,Tamil Nadu,Road Construction,0.57,km,CTR-0120,472710.02,484500.0,2024-11-27,2024-12-15,2025-01-09,2025-03-20,2025-03-21,55,11.02,78.12,True,geo_clustering
MPLAD-02269,Cuttack,Odisha,Drainage System,1.1,km,CTR-0077,1047687.29,1210000.0,2022-12-27,2023-03-14,2023-03-23,2023-08-10,2023-08-15,126,20.0843,85.7566,False,
MPLAD-02270,Kanpur,Uttar Pradesh,School Building Repair,2.52,unit,CTR-0205,2016291.8,2268000.0,2022-01-30,2022-04-17,2022-05-26,2022-12-27,2023-01-26,174,27.2041,80.9396,False,
MPLAD-02271,Gaya,Bihar,School Building Repair,1.3,unit,CTR-0020,1304083.57,1170000.0,2024-11-11,2025-01-07,2025-02-13,2025-05-26,2025-06-04,97,25.4536,84.9261,False,
MPLAD-02272,Kota,Rajasthan,Road Construction,0.91,km,CTR-0008,855765.07,773500.0,2022-12-27,2023-02-23,2023-03-08,2023-05-29,2023-06-03,89,27.3149,75.8233,False,
MPLAD-02273,Nagpur,Maharashtra,School Building Repair,2.78,unit,CTR-0011,2363963.77,2502000.0,2023-07-13,2023-09-15,2023-10-27,2024-09-03,2024-10-01,246,19.3612,72.5756,False,
MPLAD-02274,Coimbatore,Tamil Nadu,Community Hall,1.62,unit,CTR-0074,3486244.07,4050000.0,2023-05-12,2023-06-06,2023-06-25,2024-04-03,2024-04-08,229,11.3145,78.1404,False,
MPLAD-02275,Warangal,Telangana,School Building Repair,2.66,unit,CTR-0194,2185440.6,2394000.0,2022-02-04,2022-03-17,2022-04-18,2022-12-14,2023-01-11,188,17.3365,78.293,False,
MPLAD-02276,Coimbatore,Tamil Nadu,Health Sub-Centre,0.84,unit,CTR-0100,3046639.2,2688000.0,2023-11-24,2024-01-01,2024-02-05,2024-07-13,2024-08-06,167,11.2388,78.5816,False,
MPLAD-02277,Nalgonda,Telangana,Community Hall,2.98,unit,CTR-0130,7412266.77,7450000.0,2023-07-05,2023-09-14,2023-09-24,2025-05-27,2025-05-22,477,17.3067,78.6658,False,
MPLAD-02278,Varanasi,Uttar Pradesh,Community Hall,2.08,unit,CTR-0164,5688694.69,5200000.0,2024-01-25,2024-04-10,2024-04-30,2025-04-28,2025-03-21,351,26.4735,81.354,True,payment_timing
MPLAD-02279,Pune,Maharashtra,School Building Repair,2.42,unit,CTR-0183,1887847.71,2178000.0,2023-11-27,2024-02-17,2024-03-15,2024-10-13,2024-11-07,180,18.8183,73.3415,False,
MPLAD-02280,Coimbatore,Tamil Nadu,Community Hall,0.82,unit,CTR-0212,2081211.78,2050000.0,2024-07-06,2024-07-23,2024-08-16,2025-01-27,2025-02-07,139,11.02,78.12,True,geo_clustering
MPLAD-02281,Patna Sahib,Bihar,Drinking Water Supply,2.77,unit,CTR-0075,3345148.18,3324000.0,2023-04-02,2023-06-30,2023-08-02,2024-03-21,2024-02-10,185,25.7492,84.8932,True,payment_timing
MPLAD-02282,Kota,Rajasthan,Street Lighting,2.89,unit,CTR-0219,1245756.15,1300500.0,2023-08-08,2023-10-13,2023-11-16,2024-02-15,2024-03-06,92,27.2414,76.2865,False,
MPLAD-02283,Nalgonda,Telangana,Street Lighting,2.91,unit,CTR-0077,1222498.45,1309500.0,2023-06-26,2023-09-04,2023-10-10,2024-01-31,2024-02-08,95,17.0874,78.1783,False,
MPLAD-02284,Secunderabad,Telangana,Drainage System,2.01,km,CTR-0058,2112996.94,2211000.0,2024-06-15,2024-07-03,2024-07-08,2025-03-05,2025-03-27,207,17.7912,78.2392,False,
MPLAD-02285,Bhubaneswar,Odisha,Street Lighting,2.19,unit,CTR-0152,920175.37,985500.0,2023-07-17,2023-08-05,2023-09-10,2023-09-27,2023-09-27,61,20.3946,85.5063,True,ghost_project
MPLAD-02286,Bhubaneswar,Odisha,Community Hall,1.94,unit,CTR-0063,4164601.67,4850000.0,2024-10-30,2025-01-16,2025-01-26,2025-12-31,2026-01-19,272,19.9438,85.5238,False,
MPLAD-02287,Nagpur,Maharashtra,Street Lighting,1.3,unit,CTR-0014,653026.5,585000.0,2022-06-05,2022-06-24,2022-08-02,2022-09-22,2022-09-24,44,18.966,72.6185,False,
MPLAD-02288,Madurai,Tamil Nadu,Health Sub-Centre,1.32,unit,CTR-0051,4171264.46,4224000.0,2024-07-10,2024-09-25,2024-10-10,2025-06-12,2025-07-06,222,10.5709,77.9188,False,
MPLAD-02289,Gaya,Bihar,Street Lighting,2.05,unit,CTR-0169,912171.68,922500.0,2023-08-29,2023-10-28,2023-12-03,2024-02-14,2024-03-01,71,25.7116,84.9709,False,
MPLAD-02290,Patna Sahib,Bihar,Drinking Water Supply,1.1,unit,CTR-0167,1371160.71,1320000.0,2022-06-19,2022-08-29,2022-09-10,2022-11-12,2022-11-30,62,25.9753,85.5571,False,
MPLAD-02291,Kota,Rajasthan,Road Construction,2.06,km,CTR-0058,1983213.99,1751000.0,2022-09-26,2022-11-26,2022-12-10,2023-08-16,2023-08-14,204,27.3424,76.1942,False,
MPLAD-02292,Kota,Rajasthan,Drainage System,2.44,km,CTR-0042,2341231.12,2684000.0,2022-07-17,2022-08-09,2022-09-22,2023-07-26,2023-08-01,267,26.4925,76.1322,False,
MPLAD-02293,Coimbatore,Tamil Nadu,Drinking Water Supply,0.87,unit,CTR-0007,1139159.88,1044000.0,2022-10-05,2022-12-19,2023-02-02,2023-03-23,2023-04-03,47,10.9632,77.6257,False,
MPLAD-02294,Nalgonda,Telangana,Drinking Water Supply,2.56,unit,CTR-0049,2945165.8,3072000.0,2022-12-19,2023-01-14,2023-01-29,2023-08-28,2023-09-10,177,17.7781,78.2857,False,
MPLAD-02295,Nagpur,Maharashtra,Community Hall,3.0,unit,CTR-0052,7357143.0,7500000.0,2022-02-15,2022-05-14,2022-06-04,2023-07-24,2023-07-24,444,19.4227,73.3012,False,
MPLAD-02296,Pune,Maharashtra,Health Sub-Centre,1.38,unit,CTR-0043,4510953.88,4416000.0,2022-05-06,2022-05-24,2022-06-16,2023-05-19,2023-06-13,266,19.12,72.92,True,geo_clustering
MPLAD-02297,Kanpur,Uttar Pradesh,Drainage System,1.26,km,CTR-0084,1181493.38,1386000.0,2022-06-28,2022-07-27,2022-08-14,2023-01-24,2023-02-02,134,26.562,80.9023,False,
MPLAD-02298,Kanpur,Uttar Pradesh,Road Construction,2.42,km,CTR-0071,2133158.01,2057000.0,2024-08-03,2024-10-11,2024-11-19,2025-08-01,2025-06-03,240,26.7936,80.6904,True,payment_timing
MPLAD-02299,Secunderabad,Telangana,Road Construction,0.91,km,CTR-0058,677503.79,773500.0,2023-02-22,2023-05-12,2023-05-22,2023-09-14,2023-09-11,89,16.9923,78.5921,True,contractor_collusion
MPLAD-02300,Kota,Rajasthan,Street Lighting,0.63,unit,CTR-0155,287330.29,283500.0,2022-05-24,2022-08-21,2022-09-19,2022-10-11,2022-08-26,19,27.2096,75.4578,True,payment_timing
MPLAD-02301,Pune,Maharashtra,Road Construction,2.67,km,CTR-0148,1953653.92,2269500.0,2023-03-21,2023-04-29,2023-05-24,2023-07-29,2023-07-30,227,19.3271,73.0962,True,ghost_project
MPLAD-02302,Gaya,Bihar,Health Sub-Centre,1.5,unit,CTR-0161,4157521.72,4800000.0,2022-05-22,2022-08-06,2022-08-16,2022-09-17,2022-09-21,267,25.7908,85.5019,True,ghost_project
MPLAD-02303,Madurai,Tamil Nadu,Health Sub-Centre,1.23,unit,CTR-0123,3724706.99,3936000.0,2022-08-18,2022-10-02,2022-10-20,2023-08-26,2023-08-22,256,11.2634,78.5861,False,
MPLAD-02304,Varanasi,Uttar Pradesh,Health Sub-Centre,1.42,unit,CTR-0152,3900318.7,4544000.0,2023-06-09,2023-08-29,2023-10-03,2024-08-20,2024-09-06,267,26.358,81.1156,False,
MPLAD-02305,Coimbatore,Tamil Nadu,Health Sub-Centre,2.27,unit,CTR-0007,7597458.55,7264000.0,2022-06-04,2022-08-06,2022-08-24,2023-08-23,2023-08-19,385,11.3352,78.2621,False,
MPLAD-02306,Warangal,Telangana,Road Construction,2.18,km,CTR-0219,2117943.64,1853000.0,2024-06-19,2024-07-07,2024-07-24,2025-02-24,2025-03-15,179,17.7597,78.2058,False,
MPLAD-02307,Jaipur Rural,Rajasthan,Health Sub-Centre,0.53,unit,CTR-0006,1743729.5,1696000.0,2024-03-23,2024-05-27,2024-07-09,2024-10-09,2024-10-12,93,27.3868,75.5478,False,
MPLAD-02308,Nalgonda,Telangana,Road Construction,0.77,km,CTR-0127,690076.12,654500.0,2022-01-19,2022-02-06,2022-03-20,2022-06-07,2022-06-06,72,17.1743,78.0486,False,
MPLAD-02309,Secunderabad,Telangana,Community Hall,1.04,unit,CTR-0058,2233884.23,2600000.0,2023-11-23,2024-02-14,2024-03-21,2024-09-15,2024-10-14,175,17.5935,78.5521,False,
MPLAD-02310,Jaipur Rural,Rajasthan,Community Hall,2.0,unit,CTR-0086,4257806.24,5000000.0,2023-01-17,2023-02-19,2023-03-29,2024-04-30,2024-05-15,321,26.92,75.82,True,geo_clustering
MPLAD-02311,Kota,Rajasthan,Drinking Water Supply,2.36,unit,CTR-0087,2709717.69,2832000.0,2022-08-19,2022-09-30,2022-11-13,2023-06-05,2023-06-26,169,27.1817,76.2639,False,
MPLAD-02312,Bhubaneswar,Odisha,Street Lighting,2.45,unit,CTR-0043,2382873.67,1102500.0,2023-02-27,2023-05-23,2023-06-28,2023-09-10,2023-09-17,76,19.9454,85.5405,True,cost_inflation
MPLAD-02313,Gaya,Bihar,Community Hall,1.6,unit,CTR-0066,4022658.2,4000000.0,2023-07-15,2023-10-04,2023-11-05,2024-08-23,2024-09-04,245,25.1983,84.8309,False,
MPLAD-02314,Nalgonda,Telangana,Community Hall,1.07,unit,CTR-0103,2640788.17,2675000.0,2022-12-12,2023-03-10,2023-04-12,2023-10-03,2023-09-30,160,17.0218,78.3584,False,
MPLAD-02315,Warangal,Telangana,Street Lighting,2.44,unit,CTR-0164,1016658.39,1098000.0,2024-06-18,2024-07-25,2024-09-02,2024-11-04,2024-11-18,67,17.6113,78.703,True,contractor_collusion
MPLAD-02316,Gaya,Bihar,Street Lighting,0.75,unit,CTR-0031,326029.43,337500.0,2023-02-11,2023-04-15,2023-04-24,2023-05-12,2023-05-17,20,25.4997,85.3483,False,
MPLAD-02317,Patna Sahib,Bihar,Drinking Water Supply,2.08,unit,CTR-0182,2405457.98,2496000.0,2023-06-13,2023-07-20,2023-08-19,2024-01-02,2024-01-12,124,25.4798,85.3531,False,
MPLAD-02318,Bhubaneswar,Odisha,Health Sub-Centre,1.75,unit,CTR-0060,4910368.15,5600000.0,2022-02-25,2022-04-06,2022-04-29,2023-05-19,2023-05-31,308,20.4319,85.6148,False,
MPLAD-02319,Nagpur,Maharashtra,Health Sub-Centre,2.19,unit,CTR-0091,7613342.51,7008000.0,2023-04-18,2023-05-03,2023-05-13,2024-04-11,2024-05-02,357,19.2435,72.5377,False,
MPLAD-02320,Kanpur,Uttar Pradesh,Community Hall,2.5,unit,CTR-0097,6196706.13,6250000.0,2022-09-15,2022-10-12,2022-11-14,2024-01-27,2024-02-04,367,26.6906,80.9304,False,
MPLAD-02321,Madurai,Tamil Nadu,Drainage System,2.86,km,CTR-0015,2980687.87,3146000.0,2024-07-12,2024-07-29,2024-09-09,2024-11-22,2024-11-24,315,11.2809,78.2046,True,ghost_project
MPLAD-02322,Kota,Rajasthan,Road Construction,0.67,km,CTR-0030,554441.84,569500.0,2023-06-16,2023-07-03,2023-07-23,2023-09-27,2023-10-25,66,27.0284,75.862,False,
MPLAD-02323,Jaipur Rural,Rajasthan,Drainage System,1.66,km,CTR-0209,1560643.34,1826000.0,2024-09-24,2024-12-21,2025-01-16,2025-08-05,2025-08-21,170,27.2763,75.4241,False,
MPLAD-02324,Patna Sahib,Bihar,Street Lighting,1.21,unit,CTR-0066,585149.09,544500.0,2023-11-06,2023-12-28,2024-01-10,2024-02-24,2024-03-20,37,25.9426,85.2982,False,
MPLAD-02325,Secunderabad,Telangana,School Building Repair,1.75,unit,CTR-0044,1795765.75,1575000.0,2022-05-17,2022-07-28,2022-08-15,2022-12-16,2023-01-09,122,17.48,78.7832,False,
MPLAD-02326,Nagpur,Maharashtra,Drinking Water Supply,1.09,unit,CTR-0048,1376339.56,1308000.0,2023-03-12,2023-06-05,2023-06-24,2023-09-22,2023-10-14,74,18.8785,73.1323,False,
MPLAD-02327,Warangal,Telangana,Drainage System,2.63,km,CTR-0175,2505066.76,2893000.0,2024-08-10,2024-11-04,2024-11-15,2025-07-30,2025-08-12,271,17.5363,78.3378,False,
MPLAD-02328,Coimbatore,Tamil Nadu,Road Construction,2.64,km,CTR-0011,2495747.71,2244000.0,2023-09-10,2023-12-05,2023-12-28,2024-09-03,2024-09-16,268,10.6737,78.3056,False,
MPLAD-02329,Kanpur,Uttar Pradesh,Health Sub-Centre,1.38,unit,CTR-0071,3951991.0,4416000.0,2023-02-18,2023-04-01,2023-05-06,2024-02-17,2024-03-17,297,27.1097,81.1129,False,
MPLAD-02330,Kota,Rajasthan,Street Lighting,2.15,unit,CTR-0032,836387.64,967500.0,2023-10-30,2024-01-01,2024-01-23,2024-04-01,2024-04-26,60,26.4959,75.3828,False,
MPLAD-02331,Cuttack,Odisha,Community Hall,2.32,unit,CTR-0187,16349097.32,5800000.0,2024-08-17,2024-09-05,2024-10-13,2026-01-02,2026-01-14,367,19.873,86.0215,True,cost_inflation
MPLAD-02332,Warangal,Telangana,Road Construction,0.69,km,CTR-0031,662690.7,586500.0,2024-02-21,2024-03-17,2024-03-28,2024-06-13,2024-07-10,60,17.1411,78.7582,False,
MPLAD-02333,Varanasi,Uttar Pradesh,Health Sub-Centre,2.33,unit,CTR-0045,7013054.67,7456000.0,2023-03-12,2023-06-01,2023-07-10,2025-03-12,2025-03-28,492,27.2701,80.5847,False,
MPLAD-02334,Pune,Maharashtra,Drainage System,2.93,km,CTR-0124,3280596.16,3223000.0,2024-10-11,2024-12-23,2024-12-28,2025-11-03,2025-12-03,337,19.12,72.92,True,geo_clustering
MPLAD-02335,Secunderabad,Telangana,Community Hall,0.74,unit,CTR-0058,1620533.13,1850000.0,2022-03-05,2022-05-29,2022-06-13,2022-07-05,2022-07-08,121,17.3831,78.9716,True,ghost_project
MPLAD-02336,Coimbatore,Tamil Nadu,School Building Repair,1.85,unit,CTR-0007,1595362.6,1665000.0,2023-02-21,2023-05-17,2023-06-04,2023-12-09,2023-12-27,153,10.9594,78.0099,False,
MPLAD-02337,Secunderabad,Telangana,Street Lighting,2.29,unit,CTR-0197,1132243.91,1030500.0,2024-08-25,2024-09-10,2024-10-22,2025-01-10,2025-01-06,65,17.347,78.8107,False,
MPLAD-02338,Nalgonda,Telangana,Health Sub-Centre,2.08,unit,CTR-0136,7158822.7,6656000.0,2024-06-09,2024-09-06,2024-09-25,2025-09-29,2025-10-25,383,17.7005,78.7945,False,
MPLAD-02339,Cuttack,Odisha,Street Lighting,1.09,unit,CTR-0132,491177.93,490500.0,2024-06-10,2024-08-26,2024-09-19,2024-10-26,2024-11-16,34,20.7339,85.476,False,
MPLAD-02340,Bhubaneswar,Odisha,Road Construction,2.5,km,CTR-0122,2235413.49,2125000.0,2023-11-28,2024-02-01,2024-02-26,2024-10-19,2024-11-10,220,20.2709,85.6605,False,
MPLAD-02341,Nagpur,Maharashtra,Health Sub-Centre,0.9,unit,CTR-0131,2536959.92,2880000.0,2023-07-10,2023-09-26,2023-10-31,2024-06-06,2024-06-01,194,19.4591,73.2065,False,
MPLAD-02342,Madurai,Tamil Nadu,Drinking Water Supply,2.39,unit,CTR-0034,2490293.11,2868000.0,2023-01-03,2023-03-09,2023-04-22,2023-10-29,2023-11-07,147,10.5583,77.725,False,
MPLAD-02343,Cuttack,Odisha,Drainage System,1.36,km,CTR-0066,1699320.02,1496000.0,2024-06-26,2024-08-08,2024-08-28,2024-12-29,2024-12-26,137,20.7991,85.7614,False,
MPLAD-02344,Madurai,Tamil Nadu,Drinking Water Supply,0.6,unit,CTR-0195,694317.01,720000.0,2024-06-05,2024-08-24,2024-09-19,2024-10-23,2024-10-27,36,10.7718,77.9997,False,
MPLAD-02345,Secunderabad,Telangana,Road Construction,1.89,km,CTR-0058,1597915.36,1606500.0,2022-02-20,2022-03-14,2022-04-10,2022-11-24,2022-12-02,185,17.2994,78.9241,False,
MPLAD-02346,Secunderabad,Telangana,Community Hall,1.04,unit,CTR-0060,2411140.14,2600000.0,2023-12-28,2024-03-03,2024-03-18,2024-09-11,2024-10-09,147,17.1309,78.1398,False,
MPLAD-02347,Bhubaneswar,Odisha,Health Sub-Centre,1.74,unit,CTR-0057,5027982.86,5568000.0,2023-03-02,2023-03-30,2023-04-06,2024-02-10,2024-02-19,313,20.5175,86.1246,False,
MPLAD-02348,Cuttack,Odisha,Drainage System,0.52,km,CTR-0014,605106.16,572000.0,2023-03-02,2023-04-18,2023-04-25,2023-06-14,2023-07-07,51,19.8111,85.4975,False,
MPLAD-02349,Kanpur,Uttar Pradesh,Health Sub-Centre,2.07,unit,CTR-0162,7393518.32,6624000.0,2024-12-28,2025-02-16,2025-03-16,2026-05-05,2026-05-05,392,26.4279,81.0457,False,
MPLAD-02350,Cuttack,Odisha,Drainage System,1.17,km,CTR-0004,4077397.3,1287000.0,2024-12-08,2025-02-08,2025-02-20,2025-06-17,2025-07-08,108,20.3714,85.6856,True,cost_inflation
MPLAD-02351,Gaya,Bihar,Drainage System,1.42,km,CTR-0076,1658541.22,1562000.0,2022-10-23,2022-11-19,2022-12-17,2023-05-19,2023-06-17,140,25.8916,85.0636,False,
MPLAD-02352,Varanasi,Uttar Pradesh,School Building Repair,1.31,unit,CTR-0008,1254440.13,1179000.0,2024-07-11,2024-08-20,2024-10-02,2025-01-23,2025-02-20,106,26.6627,80.6042,False,
MPLAD-02353,Kota,Rajasthan,Community Hall,1.03,unit,CTR-0143,2808904.41,2575000.0,2024-07-24,2024-10-06,2024-11-13,2025-05-06,2025-05-14,140,26.4803,75.6723,False,
MPLAD-02354,Nagpur,Maharashtra,Road Construction,1.44,km,CTR-0131,1253983.4,1224000.0,2023-12-09,2024-02-08,2024-02-18,2024-08-02,2024-07-29,142,18.7278,72.4117,False,
MPLAD-02355,Pune,Maharashtra,Drainage System,1.51,km,CTR-0135,1746256.35,1661000.0,2024-07-26,2024-09-07,2024-10-01,2025-02-28,2025-03-25,137,18.6936,72.6978,False,
MPLAD-02356,Kota,Rajasthan,Drainage System,1.12,km,CTR-0110,1253996.34,1232000.0,2022-07-02,2022-07-17,2022-08-05,2022-12-07,2022-12-13,112,26.7104,76.1565,False,
MPLAD-02357,Warangal,Telangana,Community Hall,1.91,unit,CTR-0164,4632381.72,4775000.0,2024-06-23,2024-08-14,2024-09-01,2025-09-14,2025-10-05,335,17.1279,78.6037,False,
MPLAD-02358,Nalgonda,Telangana,Drinking Water Supply,1.89,unit,CTR-0052,2164488.26,2268000.0,2023-08-09,2023-10-16,2023-11-13,2024-03-29,2024-04-16,128,17.0984,78.4699,False,
MPLAD-02359,Nalgonda,Telangana,Community Hall,0.87,unit,CTR-0014,2404792.51,2175000.0,2022-10-27,2023-01-09,2023-01-27,2023-05-30,2023-06-18,117,17.1214,78.7429,False,
MPLAD-02360,Gaya,Bihar,Drainage System,2.49,km,CTR-0169,2496506.27,2739000.0,2023-01-16,2023-02-21,2023-03-11,2023-12-15,2024-01-11,276,25.552,85.1643,False,
MPLAD-02361,Gaya,Bihar,Road Construction,1.48,km,CTR-0171,3043493.5,1258000.0,2022-03-10,2022-03-26,2022-04-19,2022-09-24,2022-10-16,142,25.4963,85.5702,True,cost_inflation
MPLAD-02362,Coimbatore,Tamil Nadu,Health Sub-Centre,1.27,unit,CTR-0007,4580910.02,4064000.0,2023-02-09,2023-04-25,2023-06-01,2024-02-01,2024-02-19,235,11.1301,77.8794,True,contractor_collusion
MPLAD-02363,Madurai,Tamil Nadu,Road Construction,2.04,km,CTR-0209,3971028.71,1734000.0,2022-07-18,2022-09-24,2022-10-17,2023-05-26,2023-06-13,175,11.1385,78.1592,True,cost_inflation
MPLAD-02364,Bhubaneswar,Odisha,School Building Repair,2.29,unit,CTR-0064,2010588.08,2061000.0,2023-09-07,2023-10-24,2023-11-29,2024-08-02,2024-08-11,203,20.3396,86.0681,False,
MPLAD-02365,Madurai,Tamil Nadu,Drainage System,2.73,km,CTR-0202,3193575.88,3003000.0,2022-03-03,2022-04-29,2022-05-28,2023-02-27,2023-02-27,256,11.0531,78.0425,False,
MPLAD-02366,Coimbatore,Tamil Nadu,Drinking Water Supply,1.98,unit,CTR-0024,2677060.41,2376000.0,2023-04-30,2023-07-10,2023-08-01,2023-12-03,2023-12-14,125,10.8548,78.2062,False,
MPLAD-02367,Nagpur,Maharashtra,Drinking Water Supply,1.76,unit,CTR-0055,2045517.22,2112000.0,2022-04-29,2022-06-02,2022-06-22,2022-10-08,2022-10-27,118,18.8804,73.2022,False,
MPLAD-02368,Varanasi,Uttar Pradesh,Community Hall,1.25,unit,CTR-0057,3476436.32,3125000.0,2024-12-18,2025-02-22,2025-04-06,2025-10-17,2025-10-19,188,26.4867,80.5021,False,
MPLAD-02369,Bhubaneswar,Odisha,Road Construction,1.76,km,CTR-0061,3320397.31,1496000.0,2022-04-03,2022-05-14,2022-06-09,2023-01-02,2023-01-23,166,20.4219,85.6818,True,cost_inflation
MPLAD-02370,Nalgonda,Telangana,Health Sub-Centre,1.69,unit,CTR-0055,5017905.32,5408000.0,2024-05-31,2024-08-28,2024-09-09,2025-08-21,2025-07-21,298,17.326,78.1863,True,payment_timing
MPLAD-02371,Madurai,Tamil Nadu,Road Construction,2.32,km,CTR-0061,2159033.1,1972000.0,2023-10-04,2023-12-02,2024-01-11,2024-09-24,2024-10-21,212,11.211,78.3019,False,
MPLAD-02372,Nalgonda,Telangana,Drainage System,2.47,km,CTR-0011,2556179.07,2717000.0,2023-03-30,2023-05-11,2023-05-29,2024-02-10,2024-03-10,245,17.316,78.7151,False,
MPLAD-02373,Bhubaneswar,Odisha,Road Construction,1.79,km,CTR-0058,1437355.01,1521500.0,2022-02-23,2022-03-31,2022-05-12,2022-10-08,2022-09-27,144,19.993,85.8187,True,payment_timing
MPLAD-02374,Secunderabad,Telangana,Road Construction,1.38,km,CTR-0208,1160929.04,1173000.0,2022-07-09,2022-09-09,2022-10-19,2023-03-03,2023-03-03,147,17.4977,78.6076,False,
MPLAD-02375,Kanpur,Uttar Pradesh,Road Construction,2.46,km,CTR-0161,2011757.74,2091000.0,2023-11-20,2023-12-20,2024-01-30,2024-09-27,2024-10-06,257,27.1333,80.9764,False,
MPLAD-02376,Kota,Rajasthan,Road Construction,2.49,km,CTR-0111,2111709.39,2116500.0,2022-01-24,2022-03-19,2022-05-02,2023-02-25,2023-03-05,234,27.1071,76.0512,False,
MPLAD-02377,Kota,Rajasthan,Health Sub-Centre,2.89,unit,CTR-0184,10212028.06,9248000.0,2022-02-05,2022-04-23,2022-05-04,2024-04-12,2024-04-12,622,26.5537,75.891,False,
MPLAD-02378,Warangal,Telangana,Community Hall,1.94,unit,CTR-0072,4359946.37,4850000.0,2023-06-28,2023-07-18,2023-07-26,2024-07-08,2024-07-16,273,17.378,78.6762,False,
MPLAD-02379,Jaipur Rural,Rajasthan,School Building Repair,1.81,unit,CTR-0093,1555087.33,1629000.0,2024-07-08,2024-08-24,2024-10-02,2025-01-24,2025-02-13,127,26.5062,75.9905,False,
MPLAD-02380,Cuttack,Odisha,Community Hall,2.47,unit,CTR-0107,6620816.09,6175000.0,2023-04-16,2023-05-08,2023-06-06,2024-09-17,2024-10-05,413,20.7432,85.7293,False,
MPLAD-02381,Secunderabad,Telangana,Road Construction,1.89,km,CTR-0058,1388690.55,1606500.0,2022-06-17,2022-07-17,2022-07-30,2023-03-17,2023-03-26,185,17.7748,78.6146,True,contractor_collusion
MPLAD-02382,Secunderabad,Telangana,Road Construction,1.96,km,CTR-0058,1788720.88,1666000.0,2022-10-05,2022-10-27,2022-11-28,2023-07-27,2023-08-05,199,17.015,78.2845,False,
MPLAD-02383,Pune,Maharashtra,Street Lighting,1.76,unit,CTR-0177,817019.53,792000.0,2022-08-04,2022-08-21,2022-10-02,2022-12-11,2022-12-12,60,19.1707,72.8046,False,
MPLAD-02384,Patna Sahib,Bihar,Drinking Water Supply,1.36,unit,CTR-0008,1430800.71,1632000.0,2022-04-11,2022-05-23,2022-06-24,2022-08-31,2022-07-08,76,25.5049,84.8741,True,payment_timing
MPLAD-02385,Madurai,Tamil Nadu,Street Lighting,1.13,unit,CTR-0004,546202.92,508500.0,2022-03-29,2022-06-21,2022-06-30,2022-08-12,2022-09-07,37,11.407,77.8567,False,
MPLAD-02386,Bhubaneswar,Odisha,Street Lighting,1.18,unit,CTR-0061,1571109.04,531000.0,2023-12-23,2024-01-10,2024-02-09,2024-03-10,2024-03-26,34,20.6286,86.2117,True,cost_inflation
MPLAD-02387,Jaipur Rural,Rajasthan,Drainage System,1.35,km,CTR-0068,1454794.38,1485000.0,2023-12-15,2024-03-12,2024-03-19,2024-08-23,2024-08-27,144,27.0084,75.5742,False,
MPLAD-02388,Nagpur,Maharashtra,Drainage System,0.54,km,CTR-0169,615437.11,594000.0,2024-06-26,2024-09-04,2024-09-20,2024-11-15,2024-11-22,55,19.2745,73.0271,False,
MPLAD-02389,Madurai,Tamil Nadu,School Building Repair,2.01,unit,CTR-0100,2014215.07,1809000.0,2023-02-04,2023-02-24,2023-03-07,2023-09-03,2023-09-16,171,10.9954,78.1244,False,
MPLAD-02390,Jaipur Rural,Rajasthan,Road Construction,2.18,km,CTR-0076,1783693.09,1853000.0,2022-01-30,2022-03-03,2022-04-01,2022-10-14,2022-11-06,206,27.3573,75.3848,False,
MPLAD-02391,Secunderabad,Telangana,School Building Repair,1.5,unit,CTR-0139,1150690.59,1350000.0,2024-12-05,2025-01-05,2025-01-27,2025-06-06,2025-06-26,107,17.7761,78.5945,False,
MPLAD-02392,Pune,Maharashtra,Health Sub-Centre,1.71,unit,CTR-0106,4726668.95,5472000.0,2024-02-15,2024-03-21,2024-04-26,2025-05-04,2025-05-17,312,18.6448,72.4629,False,
MPLAD-02393,Secunderabad,Telangana,School Building Repair,2.29,unit,CTR-0058,1843060.17,2061000.0,2023-01-03,2023-02-12,2023-03-10,2023-08-11,2023-08-30,161,17.7311,78.0007,False,
MPLAD-02394,Nagpur,Maharashtra,Health Sub-Centre,2.0,unit,CTR-0080,7126854.57,6400000.0,2022-08-10,2022-10-10,2022-10-18,2023-11-07,2023-11-11,372,18.6083,72.76,False,
MPLAD-02395,Patna Sahib,Bihar,Community Hall,2.42,unit,CTR-0051,5484478.33,6050000.0,2023-07-12,2023-09-12,2023-10-13,2024-08-15,2024-08-24,339,25.62,85.12,True,geo_clustering
MPLAD-02396,Coimbatore,Tamil Nadu,Drainage System,2.01,km,CTR-0002,2465170.96,2211000.0,2023-07-09,2023-08-26,2023-09-14,2023-11-17,2023-11-21,235,11.4088,78.2407,True,ghost_project
MPLAD-02397,Jaipur Rural,Rajasthan,Health Sub-Centre,1.06,unit,CTR-0132,6811212.3,3392000.0,2023-02-08,2023-04-23,2023-05-28,2024-01-28,2024-02-26,216,26.5511,76.1739,True,cost_inflation
MPLAD-02398,Gaya,Bihar,Road Construction,0.87,km,CTR-0136,649147.05,739500.0,2024-11-24,2024-12-19,2025-01-25,2025-04-11,2025-04-06,81,26.0601,85.404,False,
MPLAD-02399,Bhubaneswar,Odisha,Community Hall,0.91,unit,CTR-0080,2212482.94,2275000.0,2024-11-29,2025-02-07,2025-02-25,2025-09-02,2025-09-20,162,20.3039,85.7517,False,
MPLAD-02400,Patna Sahib,Bihar,Health Sub-Centre,1.54,unit,CTR-0033,5323094.41,4928000.0,2024-12-06,2025-02-27,2025-03-13,2025-12-06,2026-01-01,274,25.924,84.7491,False,
MPLAD-02401,Secunderabad,Telangana,Drainage System,1.3,km,CTR-0058,1355755.37,1430000.0,2024-08-12,2024-11-02,2024-12-12,2025-05-04,2025-06-03,119,16.9252,78.0461,True,contractor_collusion
MPLAD-02402,Kota,Rajasthan,Community Hall,1.82,unit,CTR-0189,9008571.03,4550000.0,2022-01-15,2022-03-04,2022-04-06,2023-01-31,2023-02-22,284,26.7797,75.6789,True,cost_inflation
MPLAD-02403,Jaipur Rural,Rajasthan,Street Lighting,1.3,unit,CTR-0077,619450.07,585000.0,2022-06-11,2022-07-12,2022-07-20,2022-09-04,2022-09-19,40,26.6076,75.984,False,
MPLAD-02404,Cuttack,Odisha,Drainage System,1.89,km,CTR-0100,2143975.35,2079000.0,2022-10-07,2022-12-11,2022-12-24,2023-06-06,2023-06-03,175,20.2808,85.5955,False,
MPLAD-02405,Varanasi,Uttar Pradesh,Road Construction,2.89,km,CTR-0203,2250056.52,2456500.0,2022-09-07,2022-09-23,2022-10-22,2023-07-12,2023-07-25,283,26.6555,80.9909,False,
MPLAD-02406,Cuttack,Odisha,School Building Repair,1.38,unit,CTR-0079,1227603.04,1242000.0,2023-02-24,2023-04-07,2023-04-16,2023-08-08,2023-09-02,101,19.8967,85.4225,False,
MPLAD-02407,Kanpur,Uttar Pradesh,Community Hall,2.46,unit,CTR-0071,6948584.05,6150000.0,2024-06-04,2024-08-17,2024-08-23,2025-07-16,2025-07-13,350,27.0463,81.1918,False,
MPLAD-02408,Varanasi,Uttar Pradesh,Drinking Water Supply,2.0,unit,CTR-0154,2302293.53,2400000.0,2023-12-30,2024-03-24,2024-04-24,2024-09-24,2024-10-22,133,26.8235,80.4923,False,
MPLAD-02409,Gaya,Bihar,Street Lighting,2.87,unit,CTR-0014,1483665.62,1291500.0,2022-09-25,2022-10-24,2022-11-21,2023-03-11,2023-03-15,98,25.5991,84.8551,False,
MPLAD-02410,Kota,Rajasthan,Community Hall,1.73,unit,CTR-0033,4050534.68,4325000.0,2023-03-08,2023-04-19,2023-05-01,2024-02-14,2024-02-20,300,26.6291,75.9021,False,
MPLAD-02411,Cuttack,Odisha,Road Construction,0.53,km,CTR-0113,443805.88,450500.0,2023-10-02,2023-12-23,2024-01-10,2024-03-12,2024-04-11,51,20.2633,85.7598,False,
MPLAD-02412,Varanasi,Uttar Pradesh,School Building Repair,1.65,unit,CTR-0002,1360785.72,1485000.0,2023-12-25,2024-02-29,2024-03-05,2024-06-24,2024-07-17,124,26.6776,81.117,False,
MPLAD-02413,Bhubaneswar,Odisha,Street Lighting,0.8,unit,CTR-0040,410441.81,360000.0,2022-09-18,2022-10-18,2022-11-29,2023-01-01,2023-01-09,27,20.6587,85.8034,False,
MPLAD-02414,Secunderabad,Telangana,Street Lighting,1.15,unit,CTR-0203,508241.5,517500.0,2023-03-18,2023-04-28,2023-05-15,2023-06-26,2023-07-10,34,17.6219,78.3602,False,
MPLAD-02415,Gaya,Bihar,Health Sub-Centre,0.92,unit,CTR-0146,3174064.91,2944000.0,2024-04-01,2024-06-05,2024-06-12,2025-02-09,2025-03-10,193,25.4523,84.8316,False,
MPLAD-02416,Pune,Maharashtra,Drinking Water Supply,1.01,unit,CTR-0068,1153842.81,1212000.0,2023-07-22,2023-10-19,2023-11-28,2024-01-30,2024-02-27,68,19.2578,73.3814,False,
MPLAD-02417,Warangal,Telangana,Drinking Water Supply,1.15,unit,CTR-0164,1221997.61,1380000.0,2023-04-27,2023-07-10,2023-08-19,2023-11-20,2023-12-15,80,17.6571,78.019,False,
MPLAD-02418,Madurai,Tamil Nadu,Community Hall,1.13,unit,CTR-0097,3206112.7,2825000.0,2024-04-21,2024-06-18,2024-07-30,2025-01-08,2025-01-26,156,11.2381,78.4203,False,
MPLAD-02419,Patna Sahib,Bihar,Drainage System,2.83,km,CTR-0147,2801936.5,3113000.0,2024-10-20,2025-01-16,2025-02-02,2026-02-26,2026-03-06,307,25.8631,85.0101,False,
MPLAD-02420,Patna Sahib,Bihar,School Building Repair,1.74,unit,CTR-0148,1560766.97,1566000.0,2024-11-30,2025-02-16,2025-03-23,2025-04-27,2025-04-29,134,25.4609,85.159,True,ghost_project
MPLAD-02421,Jaipur Rural,Rajasthan,Road Construction,3.0,km,CTR-0066,2223324.92,2550000.0,2022-02-18,2022-05-14,2022-06-22,2023-05-18,2023-05-24,271,26.92,75.82,True,geo_clustering
MPLAD-02422,Nagpur,Maharashtra,Community Hall,0.53,unit,CTR-0156,1448785.96,1325000.0,2022-08-24,2022-10-24,2022-10-30,2023-01-21,2023-01-20,91,18.682,73.0098,False,
MPLAD-02423,Nalgonda,Telangana,Street Lighting,1.21,unit,CTR-0079,982033.03,544500.0,2023-05-30,2023-08-16,2023-09-29,2023-11-02,2023-11-01,36,17.1615,78.585,True,cost_inflation
MPLAD-02424,Kota,Rajasthan,Drainage System,0.74,km,CTR-0101,919926.42,814000.0,2023-05-28,2023-08-09,2023-09-21,2023-12-05,2023-12-05,83,26.7426,76.2057,False,
MPLAD-02425,Cuttack,Odisha,Drainage System,1.45,km,CTR-0007,3275676.41,1595000.0,2024-08-03,2024-09-16,2024-10-15,2025-03-31,2025-03-28,155,20.384,85.6944,True,cost_inflation
MPLAD-02426,Jaipur Rural,Rajasthan,Community Hall,1.58,unit,CTR-0047,3622609.37,3950000.0,2024-01-16,2024-04-05,2024-05-04,2025-01-12,2025-02-04,225,27.3809,76.1958,False,
MPLAD-02427,Jaipur Rural,Rajasthan,Street Lighting,2.16,unit,CTR-0027,1045751.9,972000.0,2024-06-28,2024-08-07,2024-08-22,2024-11-07,2024-12-03,64,26.8669,75.4185,False,
MPLAD-02428,Pune,Maharashtra,Drinking Water Supply,0.74,unit,CTR-0159,1011892.84,888000.0,2023-02-26,2023-04-05,2023-05-06,2023-06-18,2023-07-10,48,19.108,72.8063,False,
MPLAD-02429,Bhubaneswar,Odisha,Street Lighting,2.22,unit,CTR-0165,975054.27,999000.0,2024-12-08,2025-02-04,2025-03-19,2025-05-23,2025-06-09,60,20.301,86.2863,False,
MPLAD-02430,Bhubaneswar,Odisha,Health Sub-Centre,1.98,unit,CTR-0213,6961890.27,6336000.0,2023-02-03,2023-04-11,2023-05-03,2024-06-30,2024-07-26,421,20.32,85.82,True,geo_clustering
MPLAD-02431,Bhubaneswar,Odisha,School Building Repair,2.14,unit,CTR-0127,2148465.03,1926000.0,2023-12-20,2024-02-23,2024-03-15,2024-10-15,2024-11-12,180,20.2444,86.0414,False,
MPLAD-02432,Bhubaneswar,Odisha,Drinking Water Supply,2.08,unit,CTR-0150,2849768.28,2496000.0,2023-12-16,2024-02-14,2024-03-30,2024-09-16,2024-09-26,139,20.0751,85.7434,False,
MPLAD-02433,Pune,Maharashtra,Drinking Water Supply,2.29,unit,CTR-0010,2442731.64,2748000.0,2024-01-17,2024-03-02,2024-04-04,2024-08-18,2024-08-13,124,19.1592,72.6729,False,
MPLAD-02434,Nagpur,Maharashtra,Street Lighting,1.29,unit,CTR-0102,1831461.44,580500.0,2023-11-13,2023-12-01,2023-12-21,2024-02-03,2024-02-20,41,18.8797,73.2669,True,cost_inflation
MPLAD-02435,Nalgonda,Telangana,Street Lighting,1.07,unit,CTR-0096,440463.52,481500.0,2024-02-01,2024-04-07,2024-05-19,2024-06-22,2024-06-24,35,17.1477,78.6008,False,
MPLAD-02436,Kota,Rajasthan,Drainage System,2.24,km,CTR-0011,2298933.88,2464000.0,2024-08-30,2024-10-12,2024-11-15,2025-07-22,2025-08-03,254,26.4874,75.3013,False,
MPLAD-02437,Secunderabad,Telangana,Community Hall,1.14,unit,CTR-0181,2447563.55,2850000.0,2022-10-17,2022-12-23,2023-01-20,2023-07-13,2023-08-11,158,17.352,78.5814,False,
MPLAD-02438,Cuttack,Odisha,Drinking Water Supply,1.67,unit,CTR-0102,2092808.55,2004000.0,2024-03-18,2024-05-27,2024-06-03,2024-09-07,2024-09-10,97,20.7034,85.4966,False,
MPLAD-02439,Jaipur Rural,Rajasthan,Street Lighting,0.78,unit,CTR-0068,1026980.94,351000.0,2023-08-04,2023-08-27,2023-09-04,2023-10-06,2023-10-02,26,26.579,75.7892,True,cost_inflation
MPLAD-02440,Pune,Maharashtra,Road Construction,1.32,km,CTR-0153,1085559.74,1122000.0,2023-06-22,2023-09-20,2023-10-24,2024-03-24,2024-04-18,140,18.8022,72.5963,False,
MPLAD-02441,Nalgonda,Telangana,Health Sub-Centre,0.72,unit,CTR-0110,2132313.63,2304000.0,2024-07-04,2024-09-04,2024-09-26,2025-03-22,2025-04-16,150,17.4281,78.2104,False,
MPLAD-02442,Cuttack,Odisha,Health Sub-Centre,2.17,unit,CTR-0089,7503410.05,6944000.0,2024-04-19,2024-05-08,2024-05-24,2025-10-25,2025-10-21,431,20.5262,86.1607,False,
MPLAD-02443,Madurai,Tamil Nadu,School Building Repair,0.65,unit,CTR-0121,512201.98,585000.0,2022-09-03,2022-10-08,2022-11-20,2023-01-12,2023-02-01,55,11.4224,78.4627,False,
MPLAD-02444,Kanpur,Uttar Pradesh,Community Hall,1.41,unit,CTR-0065,3677922.77,3525000.0,2023-09-02,2023-09-30,2023-10-18,2024-07-24,2024-08-03,222,26.7982,81.3352,False,
MPLAD-02445,Cuttack,Odisha,Drinking Water Supply,1.76,unit,CTR-0178,2415628.25,2112000.0,2022-05-16,2022-06-05,2022-07-20,2022-11-30,2022-12-20,109,20.645,85.6634,False,
MPLAD-02446,Gaya,Bihar,Health Sub-Centre,0.6,unit,CTR-0069,4139572.4,1920000.0,2023-02-24,2023-05-18,2023-06-11,2023-10-08,2023-10-20,111,25.6123,84.7963,True,cost_inflation
MPLAD-02447,Madurai,Tamil Nadu,Health Sub-Centre,1.66,unit,CTR-0090,5205004.91,5312000.0,2023-08-07,2023-08-22,2023-09-14,2024-11-18,2024-11-21,345,10.9792,78.1141,False,
MPLAD-02448,Warangal,Telangana,Community Hall,2.67,unit,CTR-0142,6687115.27,6675000.0,2024-03-09,2024-04-25,2024-05-15,2025-11-10,2025-11-10,455,17.328,78.7442,False,
MPLAD-02449,Kota,Rajasthan,Street Lighting,1.17,unit,CTR-0213,1681739.69,526500.0,2022-03-27,2022-06-20,2022-07-30,2022-09-07,2022-09-22,34,27.3965,75.8876,True,cost_inflation
MPLAD-02450,Nalgonda,Telangana,Drainage System,2.07,km,CTR-0119,2189387.35,2277000.0,2023-12-02,2024-01-05,2024-02-06,2024-09-05,2024-09-03,185,17.0242,78.3616,False,
MPLAD-02451,Nalgonda,Telangana,Drainage System,2.02,km,CTR-0034,2287404.54,2222000.0,2024-02-20,2024-03-31,2024-04-19,2024-11-03,2024-11-08,219,17.8103,78.3582,False,
MPLAD-02452,Varanasi,Uttar Pradesh,Drinking Water Supply,2.95,unit,CTR-0001,3040171.41,3540000.0,2022-08-29,2022-10-28,2022-11-19,2023-07-10,2023-07-08,191,27.1043,81.0826,False,
MPLAD-02453,Nalgonda,Telangana,Community Hall,0.86,unit,CTR-0031,2456171.1,2150000.0,2023-03-17,2023-04-12,2023-05-22,2023-11-17,2023-12-02,139,16.9044,78.2922,False,
MPLAD-02454,Kota,Rajasthan,Drainage System,2.25,km,CTR-0036,2666612.16,2475000.0,2024-02-27,2024-05-18,2024-05-31,2025-03-31,2025-03-29,249,26.701,76.1745,False,
MPLAD-02455,Nagpur,Maharashtra,Road Construction,2.78,km,CTR-0061,2048188.67,2363000.0,2023-09-01,2023-11-22,2023-12-15,2024-11-30,2024-12-08,297,19.5152,72.7589,False,
MPLAD-02456,Nagpur,Maharashtra,School Building Repair,2.71,unit,CTR-0115,2502594.09,2439000.0,2022-11-04,2022-12-23,2023-01-18,2023-09-22,2023-10-07,214,18.8367,73.2299,False,
MPLAD-02457,Kota,Rajasthan,Road Construction,1.72,km,CTR-0041,1619704.27,1462000.0,2024-11-21,2024-12-23,2025-01-24,2025-02-17,2025-02-19,147,26.9869,76.1681,True,ghost_project
MPLAD-02458,Pune,Maharashtra,Drinking Water Supply,2.21,unit,CTR-0120,2869998.56,2652000.0,2022-06-12,2022-08-09,2022-09-04,2023-02-20,2023-03-02,149,18.6536,72.9133,False,
MPLAD-02459,Coimbatore,Tamil Nadu,Drainage System,1.32,km,CTR-0159,1366331.15,1452000.0,2024-07-17,2024-09-19,2024-09-30,2025-03-22,2025-04-07,148,10.5149,78.3086,False,
MPLAD-02460,Varanasi,Uttar Pradesh,Street Lighting,2.35,unit,CTR-0150,3261784.78,1057500.0,2022-03-04,2022-05-23,2022-07-03,2022-09-17,2022-09-28,80,26.5881,81.1118,True,cost_inflation
MPLAD-02461,Jaipur Rural,Rajasthan,Road Construction,1.53,km,CTR-0218,1468374.07,1300500.0,2023-12-23,2024-02-02,2024-03-01,2024-08-18,2024-09-14,137,26.9108,76.1588,False,
MPLAD-02462,Secunderabad,Telangana,Drainage System,1.6,km,CTR-0115,1670100.28,1760000.0,2024-07-14,2024-09-30,2024-11-05,2025-04-20,2025-03-28,165,17.2699,78.8794,True,payment_timing
MPLAD-02463,Jaipur Rural,Rajasthan,Street Lighting,2.63,unit,CTR-0038,1267526.42,1183500.0,2023-05-24,2023-08-08,2023-09-20,2023-12-25,2023-12-22,89,26.417,75.3621,False,
MPLAD-02464,Cuttack,Odisha,Drinking Water Supply,2.0,unit,CTR-0094,2244630.11,2400000.0,2024-05-02,2024-07-15,2024-08-05,2025-01-25,2025-01-26,137,20.2364,85.4326,False,
MPLAD-02465,Madurai,Tamil Nadu,Drinking Water Supply,2.15,unit,CTR-0108,2571160.1,2580000.0,2024-01-16,2024-04-15,2024-05-04,2024-09-07,2024-09-03,122,11.4301,78.3765,False,
MPLAD-02466,Nagpur,Maharashtra,Drinking Water Supply,2.48,unit,CTR-0188,2864939.34,2976000.0,2022-11-14,2022-12-18,2023-01-23,2023-02-13,2023-02-15,138,18.9973,72.5973,True,ghost_project
MPLAD-02467,Coimbatore,Tamil Nadu,Road Construction,0.76,km,CTR-0071,724760.72,646000.0,2022-04-12,2022-05-04,2022-05-30,2022-08-12,2022-08-30,74,10.8364,77.8407,False,
MPLAD-02468,Nagpur,Maharashtra,Drinking Water Supply,2.72,unit,CTR-0087,3130369.1,3264000.0,2023-01-19,2023-02-18,2023-03-22,2023-10-24,2023-11-01,167,18.8035,73.1943,False,
MPLAD-02469,Coimbatore,Tamil Nadu,School Building Repair,1.54,unit,CTR-0196,1389731.66,1386000.0,2023-12-31,2024-01-15,2024-02-08,2024-07-15,2024-07-15,122,10.53,78.0174,False,
MPLAD-02470,Kanpur,Uttar Pradesh,Drinking Water Supply,0.72,unit,CTR-0071,970458.03,864000.0,2023-10-20,2023-11-24,2023-12-04,2024-01-27,2024-02-20,47,26.8831,80.6231,False,
MPLAD-02471,Nagpur,Maharashtra,Health Sub-Centre,2.91,unit,CTR-0175,10346583.11,9312000.0,2024-05-10,2024-05-29,2024-07-06,2026-04-16,2026-05-14,575,19.5833,72.9463,False,
MPLAD-02472,Warangal,Telangana,Road Construction,1.43,km,CTR-0164,1311210.31,1215500.0,2022-06-10,2022-07-06,2022-07-17,2022-11-21,2022-11-29,122,17.0732,78.1618,True,contractor_collusion
MPLAD-02473,Kanpur,Uttar Pradesh,Drainage System,1.09,km,CTR-0188,1097252.93,1199000.0,2023-05-13,2023-07-30,2023-09-10,2023-12-25,2023-12-20,116,26.9657,81.2895,False,
MPLAD-02474,Jaipur Rural,Rajasthan,Drainage System,0.92,km,CTR-0133,1059022.57,1012000.0,2024-12-26,2025-02-06,2025-03-16,2025-07-05,2025-07-28,109,26.9197,76.0527,False,
MPLAD-02475,Gaya,Bihar,School Building Repair,1.12,unit,CTR-0104,1123507.78,1008000.0,2022-10-04,2022-10-20,2022-11-28,2023-03-04,2023-03-31,97,25.7994,84.7856,False,
MPLAD-02476,Gaya,Bihar,Health Sub-Centre,1.23,unit,CTR-0112,3673973.49,3936000.0,2024-04-25,2024-06-18,2024-07-10,2025-05-12,2025-05-23,247,25.5631,85.1588,False,
MPLAD-02477,Secunderabad,Telangana,Health Sub-Centre,2.55,unit,CTR-0154,7931026.51,8160000.0,2023-11-02,2024-01-22,2024-02-01,2025-08-07,2025-09-06,472,17.3744,78.8248,False,
MPLAD-02478,Nagpur,Maharashtra,Street Lighting,1.28,unit,CTR-0044,580574.8,576000.0,2023-09-19,2023-11-05,2023-12-04,2024-01-23,2024-01-31,41,19.5828,72.969,False,
MPLAD-02479,Warangal,Telangana,Community Hall,2.52,unit,CTR-0085,16239680.4,6300000.0,2023-02-06,2023-03-28,2023-04-02,2024-09-11,2024-09-30,414,17.6922,78.5833,True,cost_inflation
MPLAD-02480,Madurai,Tamil Nadu,Street Lighting,1.17,unit,CTR-0097,598391.03,526500.0,2024-05-06,2024-07-26,2024-08-04,2024-09-17,2024-09-19,35,11.1613,78.1378,False,
MPLAD-02481,Madurai,Tamil Nadu,Street Lighting,0.86,unit,CTR-0203,406155.23,387000.0,2022-10-07,2022-11-25,2022-12-24,2023-01-23,2023-01-26,27,10.6857,77.6525,False,
MPLAD-02482,Jaipur Rural,Rajasthan,Community Hall,1.89,unit,CTR-0181,4398750.21,4725000.0,2022-05-12,2022-06-22,2022-07-29,2023-07-24,2023-08-07,338,27.1068,76.2894,False,
MPLAD-02483,Kota,Rajasthan,School Building Repair,0.63,unit,CTR-0063,527110.76,567000.0,2024-02-28,2024-04-24,2024-05-27,2024-07-19,2024-08-06,46,27.2257,75.7604,False,
MPLAD-02484,Nalgonda,Telangana,Drainage System,2.72,km,CTR-0014,2845982.16,2992000.0,2022-09-27,2022-12-01,2023-01-15,2024-01-26,2024-02-17,314,17.1611,78.2554,False,
MPLAD-02485,Gaya,Bihar,Community Hall,0.91,unit,CTR-0058,1958607.31,2275000.0,2023-06-07,2023-08-16,2023-09-12,2023-09-30,2023-10-05,139,25.8996,84.7776,True,ghost_project
MPLAD-02486,Gaya,Bihar,Street Lighting,1.13,unit,CTR-0114,541352.99,508500.0,2022-10-09,2022-10-30,2022-11-19,2022-12-28,2022-12-28,38,25.6716,85.1277,False,
MPLAD-02487,Nalgonda,Telangana,Drainage System,1.35,km,CTR-0206,1428896.49,1485000.0,2023-04-04,2023-05-29,2023-07-08,2023-11-13,2023-12-12,125,16.9876,78.2631,False,
MPLAD-02488,Bhubaneswar,Odisha,Community Hall,2.27,unit,CTR-0048,12432840.44,5675000.0,2024-05-16,2024-07-22,2024-08-09,2025-09-02,2025-09-28,400,20.4716,85.9918,True,cost_inflation
MPLAD-02489,Kanpur,Uttar Pradesh,Community Hall,1.51,unit,CTR-0001,4250755.06,3775000.0,2024-11-01,2024-11-25,2024-12-31,2025-08-20,2025-09-07,253,26.4511,81.0031,False,
MPLAD-02490,Jaipur Rural,Rajasthan,Drinking Water Supply,2.14,unit,CTR-0215,2824896.53,2568000.0,2024-04-12,2024-06-12,2024-07-26,2024-12-16,2025-01-01,126,27.2472,75.7731,False,
MPLAD-02491,Nagpur,Maharashtra,Drinking Water Supply,1.57,unit,CTR-0159,2142566.77,1884000.0,2023-03-18,2023-05-12,2023-06-18,2023-10-27,2023-10-24,107,18.9121,73.2673,False,
MPLAD-02492,Coimbatore,Tamil Nadu,School Building Repair,1.42,unit,CTR-0185,1170964.42,1278000.0,2022-01-23,2022-02-26,2022-03-11,2022-06-21,2022-07-21,109,11.0877,77.8875,False,
MPLAD-02493,Bhubaneswar,Odisha,Community Hall,0.78,unit,CTR-0118,2241530.38,1950000.0,2022-11-14,2022-12-04,2022-12-27,2023-01-16,2023-01-19,113,20.2435,85.5489,True,ghost_project
MPLAD-02494,Gaya,Bihar,Drinking Water Supply,0.61,unit,CTR-0220,670877.36,732000.0,2024-04-27,2024-06-26,2024-07-22,2024-08-30,2024-09-20,36,25.8628,84.8505,False,
MPLAD-02495,Secunderabad,Telangana,Drinking Water Supply,2.74,unit,CTR-0036,3460079.62,3288000.0,2024-08-26,2024-09-17,2024-10-01,2025-03-30,2025-04-14,167,17.0127,78.0077,False,
MPLAD-02496,Bhubaneswar,Odisha,Drainage System,2.79,km,CTR-0216,3458735.31,3069000.0,2022-03-27,2022-06-04,2022-07-16,2023-04-09,2023-05-03,297,20.7569,86.0726,False,
MPLAD-02497,Coimbatore,Tamil Nadu,Road Construction,1.46,km,CTR-0218,1378565.02,1241000.0,2023-01-05,2023-02-19,2023-03-19,2023-09-06,2023-09-13,141,11.0743,77.8296,False,
MPLAD-02498,Nalgonda,Telangana,Community Hall,2.66,unit,CTR-0162,6196423.48,6650000.0,2023-10-17,2023-11-11,2023-12-12,2025-01-19,2025-01-17,392,17.7964,78.5817,False,
MPLAD-02499,Warangal,Telangana,Health Sub-Centre,0.58,unit,CTR-0059,1728720.88,1856000.0,2023-06-27,2023-09-02,2023-10-10,2024-02-14,2024-03-01,105,17.42,78.52,True,geo_clustering
MPLAD-02500,Varanasi,Uttar Pradesh,Road Construction,2.64,km,CTR-0018,2346626.37,2244000.0,2023-09-17,2023-12-10,2024-01-16,2024-08-01,2024-08-16,217,26.3985,81.0068,False,
MPLAD-02501,Madurai,Tamil Nadu,School Building Repair,2.31,unit,CTR-0094,1907027.47,2079000.0,2023-05-03,2023-05-18,2023-06-12,2023-12-22,2024-01-09,177,11.1999,77.7935,False,
MPLAD-02502,Nalgonda,Telangana,Road Construction,2.55,km,CTR-0148,2427410.29,2167500.0,2023-06-24,2023-08-07,2023-09-09,2024-06-07,2024-06-04,214,17.5398,78.1467,False,
MPLAD-02503,Bhubaneswar,Odisha,Road Construction,1.17,km,CTR-0192,863669.85,994500.0,2023-11-30,2024-01-05,2024-02-14,2024-07-14,2024-07-23,120,20.6626,86.2204,False,
MPLAD-02504,Coimbatore,Tamil Nadu,Street Lighting,2.1,unit,CTR-0115,1043331.93,945000.0,2024-12-19,2025-01-16,2025-02-19,2025-03-09,2025-03-10,63,10.875,77.9546,True,ghost_project
MPLAD-02505,Madurai,Tamil Nadu,Drainage System,1.1,km,CTR-0145,1305640.93,1210000.0,2022-04-28,2022-06-26,2022-07-24,2022-11-27,2022-11-27,101,11.2745,78.2066,False,
MPLAD-02506,Coimbatore,Tamil Nadu,Community Hall,1.97,unit,CTR-0125,5656400.22,4925000.0,2024-10-20,2024-11-07,2024-12-15,2025-11-19,2025-11-30,298,11.2227,77.6432,False,
MPLAD-02507,Madurai,Tamil Nadu,Drainage System,1.24,km,CTR-0162,1565639.94,1364000.0,2022-11-02,2022-12-29,2023-02-08,2023-06-09,2023-06-27,124,10.9671,78.2639,False,
MPLAD-02508,Bhubaneswar,Odisha,School Building Repair,0.52,unit,CTR-0095,434438.75,468000.0,2022-01-26,2022-04-11,2022-05-20,2022-07-05,2022-07-20,37,20.2254,85.9526,False,
MPLAD-02509,Warangal,Telangana,School Building Repair,0.9,unit,CTR-0210,694834.85,810000.0,2024-02-24,2024-03-18,2024-03-30,2024-06-07,2024-04-20,62,17.7607,78.02,True,payment_timing
MPLAD-02510,Kanpur,Uttar Pradesh,Health Sub-Centre,1.97,unit,CTR-0001,5487007.69,6304000.0,2022-01-08,2022-04-04,2022-04-13,2023-05-22,2023-05-20,348,26.82,80.92,True,geo_clustering
MPLAD-02511,Gaya,Bihar,Drainage System,0.92,km,CTR-0171,867523.81,1012000.0,2024-12-08,2025-02-20,2025-03-26,2025-08-05,2025-08-31,108,25.8849,84.6846,False,
MPLAD-02512,Secunderabad,Telangana,School Building Repair,0.82,unit,CTR-0130,839588.95,738000.0,2023-11-19,2024-01-27,2024-03-10,2024-05-19,2024-06-02,56,17.334,78.9641,False,
MPLAD-02513,Patna Sahib,Bihar,Drainage System,1.41,km,CTR-0153,1641902.89,1551000.0,2022-08-18,2022-11-16,2022-12-01,2023-04-23,2023-03-31,150,25.9653,85.5016,True,payment_timing
MPLAD-02514,Gaya,Bihar,Drinking Water Supply,2.64,unit,CTR-0062,3385958.0,3168000.0,2024-07-30,2024-09-19,2024-10-27,2025-05-19,2025-05-25,169,25.4517,84.6487,False,
MPLAD-02515,Jaipur Rural,Rajasthan,School Building Repair,1.16,unit,CTR-0192,1141240.33,1044000.0,2024-08-26,2024-10-04,2024-11-01,2025-02-11,2025-03-13,92,26.5307,75.413,False,
MPLAD-02516,Kota,Rajasthan,Drinking Water Supply,2.86,unit,CTR-0116,3207704.7,3432000.0,2023-05-04,2023-07-05,2023-08-18,2024-03-30,2024-04-15,177,27.0546,75.6069,False,
MPLAD-02517,Gaya,Bihar,Drinking Water Supply,1.95,unit,CTR-0155,2318712.4,2340000.0,2023-12-20,2024-01-22,2024-01-29,2024-06-11,2024-06-18,109,25.1616,84.98,False,
MPLAD-02518,Nagpur,Maharashtra,Drainage System,0.87,km,CTR-0032,2562806.81,957000.0,2022-07-02,2022-09-27,2022-10-28,2023-02-09,2023-02-16,81,18.8108,72.639,True,cost_inflation
MPLAD-02519,Madurai,Tamil Nadu,Community Hall,1.7,unit,CTR-0143,3888855.68,4250000.0,2024-03-16,2024-06-06,2024-06-19,2025-03-26,2025-04-20,254,10.8739,77.8354,False,
MPLAD-02520,Gaya,Bihar,Community Hall,0.93,unit,CTR-0177,2070936.64,2325000.0,2024-10-02,2024-11-18,2024-12-23,2025-06-09,2025-06-11,153,25.2863,84.7576,False,
MPLAD-02521,Nagpur,Maharashtra,Drainage System,1.23,km,CTR-0051,1299579.43,1353000.0,2022-12-05,2023-01-05,2023-01-18,2023-06-10,2023-06-10,127,19.0405,72.8601,False,
MPLAD-02522,Madurai,Tamil Nadu,Road Construction,1.92,km,CTR-0063,1522771.7,1632000.0,2024-06-18,2024-08-19,2024-08-27,2025-03-12,2025-04-06,192,11.1927,78.0949,False,
MPLAD-02523,Nagpur,Maharashtra,Health Sub-Centre,1.65,unit,CTR-0021,4810882.56,5280000.0,2023-09-09,2023-10-21,2023-11-14,2024-12-20,2024-12-28,348,18.9497,72.9029,False,
MPLAD-02524,Coimbatore,Tamil Nadu,Road Construction,1.38,km,CTR-0007,1298645.46,1173000.0,2024-07-29,2024-09-02,2024-09-10,2025-01-21,2025-02-17,116,10.5346,78.3872,False,
MPLAD-02525,Jaipur Rural,Rajasthan,Drinking Water Supply,1.38,unit,CTR-0165,1615116.03,1656000.0,2023-06-10,2023-07-20,2023-08-06,2023-11-21,2023-12-12,95,26.9358,76.1899,False,
MPLAD-02526,Madurai,Tamil Nadu,Road Construction,1.84,km,CTR-0134,1481661.54,1564000.0,2023-07-12,2023-08-25,2023-10-06,2024-04-17,2024-04-29,168,10.766,77.7062,False,
MPLAD-02527,Nalgonda,Telangana,Road Construction,0.86,km,CTR-0077,728101.86,731000.0,2024-08-28,2024-10-15,2024-11-28,2025-02-20,2025-03-04,86,17.7415,78.1503,False,
MPLAD-02528,Warangal,Telangana,Road Construction,0.68,km,CTR-0205,585923.95,578000.0,2024-05-01,2024-05-30,2024-06-17,2024-09-09,2024-09-19,66,17.2697,78.9711,False,
MPLAD-02529,Varanasi,Uttar Pradesh,Street Lighting,1.76,unit,CTR-0204,823876.64,792000.0,2023-10-28,2024-01-14,2024-01-21,2024-03-20,2024-04-03,48,26.7581,80.7956,False,
MPLAD-02530,Bhubaneswar,Odisha,Health Sub-Centre,1.22,unit,CTR-0106,4411154.35,3904000.0,2024-02-27,2024-04-05,2024-04-29,2025-02-21,2025-03-09,242,20.7086,85.5838,False,
MPLAD-02531,Cuttack,Odisha,Road Construction,2.9,km,CTR-0046,2709426.14,2465000.0,2023-05-29,2023-08-01,2023-09-14,2024-07-18,2024-07-23,261,19.9441,85.55,False,
MPLAD-02532,Bhubaneswar,Odisha,School Building Repair,2.38,unit,CTR-0022,1978856.76,2142000.0,2023-07-20,2023-09-22,2023-10-21,2024-05-29,2024-06-14,175,20.6332,85.5592,False,
MPLAD-02533,Pune,Maharashtra,Drainage System,1.54,km,CTR-0013,1844481.21,1694000.0,2024-12-12,2025-01-05,2025-01-13,2025-06-23,2025-07-10,150,19.12,72.92,True,geo_clustering
MPLAD-02534,Pune,Maharashtra,Drinking Water Supply,2.35,unit,CTR-0196,3023219.98,2820000.0,2022-12-16,2023-01-21,2023-02-13,2023-07-08,2023-08-03,126,18.938,72.4674,False,
MPLAD-02535,Patna Sahib,Bihar,Street Lighting,1.13,unit,CTR-0112,558841.67,508500.0,2023-11-19,2024-01-07,2024-01-19,2024-02-21,2024-02-28,34,25.5348,84.9597,False,
MPLAD-02536,Kota,Rajasthan,Community Hall,2.95,unit,CTR-0088,7590237.03,7375000.0,2023-11-05,2024-01-14,2024-02-08,2025-09-11,2025-10-04,519,27.0468,75.3989,False,
MPLAD-02537,Kota,Rajasthan,School Building Repair,1.91,unit,CTR-0044,1824146.0,1719000.0,2023-09-15,2023-12-14,2023-12-30,2024-05-09,2024-05-11,136,27.0431,75.4026,False,
MPLAD-02538,Nagpur,Maharashtra,Street Lighting,1.18,unit,CTR-0156,469335.46,531000.0,2022-01-15,2022-02-09,2022-02-27,2022-04-07,2022-04-25,32,19.2934,72.7968,False,
MPLAD-02539,Nagpur,Maharashtra,Community Hall,1.21,unit,CTR-0031,5663700.17,3025000.0,2022-01-12,2022-02-11,2022-02-26,2022-10-05,2022-10-01,180,18.7081,72.702,True,cost_inflation
MPLAD-02540,Pune,Maharashtra,Street Lighting,2.25,unit,CTR-0078,993011.34,1012500.0,2024-11-17,2025-02-06,2025-03-08,2025-05-30,2025-06-13,79,19.12,72.92,True,geo_clustering
MPLAD-02541,Madurai,Tamil Nadu,Community Hall,0.81,unit,CTR-0154,2123460.15,2025000.0,2023-11-01,2023-11-29,2023-12-30,2024-05-06,2024-05-18,125,11.1938,78.1767,False,
MPLAD-02542,Kanpur,Uttar Pradesh,Drinking Water Supply,0.78,unit,CTR-0185,979420.51,936000.0,2022-07-21,2022-08-29,2022-09-06,2022-11-03,2022-11-06,53,26.5177,80.7593,False,
MPLAD-02543,Madurai,Tamil Nadu,Street Lighting,2.72,unit,CTR-0044,1126994.04,1224000.0,2023-05-29,2023-06-14,2023-06-27,2023-09-08,2023-09-19,77,10.8945,78.5427,False,
MPLAD-02544,Pune,Maharashtra,Road Construction,3.0,km,CTR-0063,2288445.27,2550000.0,2023-10-04,2023-11-19,2023-12-10,2024-10-16,2024-11-14,323,19.0239,73.1998,False,
MPLAD-02545,Gaya,Bihar,School Building Repair,1.28,unit,CTR-0008,1025723.13,1152000.0,2023-02-10,2023-05-11,2023-06-19,2023-10-19,2023-11-10,112,25.8083,85.51,False,
MPLAD-02546,Coimbatore,Tamil Nadu,Street Lighting,1.72,unit,CTR-0128,689036.52,774000.0,2023-11-24,2023-12-31,2024-01-23,2024-03-19,2024-03-17,46,10.5205,78.4326,False,
MPLAD-02547,Patna Sahib,Bihar,Health Sub-Centre,0.68,unit,CTR-0219,2298675.85,2176000.0,2024-10-06,2024-11-08,2024-12-01,2025-05-19,2025-05-22,139,25.4447,84.7828,False,
MPLAD-02548,Gaya,Bihar,Road Construction,2.53,km,CTR-0191,2465841.29,2150500.0,2023-03-01,2023-05-30,2023-06-15,2024-03-07,2024-03-29,244,25.8525,85.5535,False,
MPLAD-02549,Nagpur,Maharashtra,Community Hall,1.3,unit,CTR-0142,2943148.22,3250000.0,2022-07-31,2022-10-24,2022-11-08,2023-07-18,2023-08-14,207,19.1766,73.3078,False,
MPLAD-02550,Pune,Maharashtra,Drainage System,2.44,km,CTR-0043,2651324.98,2684000.0,2024-11-22,2024-12-09,2025-01-13,2025-12-13,2025-12-10,267,18.8742,73.0507,False,
MPLAD-02551,Madurai,Tamil Nadu,School Building Repair,1.08,unit,CTR-0167,978142.38,972000.0,2023-04-27,2023-05-21,2023-05-31,2023-09-11,2023-09-17,87,11.1745,78.2508,False,
MPLAD-02552,Coimbatore,Tamil Nadu,Drinking Water Supply,1.37,unit,CTR-0015,1799405.24,1644000.0,2022-01-07,2022-03-26,2022-04-30,2022-08-09,2022-09-08,97,11.0516,78.3743,False,
MPLAD-02553,Pune,Maharashtra,Drinking Water Supply,2.02,unit,CTR-0148,2636610.47,2424000.0,2023-12-11,2024-02-22,2024-03-22,2024-08-04,2024-08-25,123,18.7252,72.4707,False,
MPLAD-02554,Madurai,Tamil Nadu,Road Construction,2.78,km,CTR-0084,2262621.87,2363000.0,2023-06-11,2023-09-04,2023-09-26,2024-08-13,2024-08-25,270,11.2483,77.7629,False,
MPLAD-02555,Patna Sahib,Bihar,Drinking Water Supply,0.99,unit,CTR-0026,1311352.77,1188000.0,2022-03-12,2022-05-07,2022-06-20,2022-08-10,2022-08-23,56,25.1963,85.0135,False,
MPLAD-02556,Warangal,Telangana,Drinking Water Supply,2.81,unit,CTR-0181,2966856.43,3372000.0,2024-10-16,2024-12-09,2025-01-04,2025-06-23,2025-07-02,181,17.8773,78.8067,False,
MPLAD-02557,Madurai,Tamil Nadu,School Building Repair,2.34,unit,CTR-0092,1796302.02,2106000.0,2022-03-04,2022-04-20,2022-04-29,2022-12-06,2023-01-01,202,11.02,78.12,True,geo_clustering
MPLAD-02558,Secunderabad,Telangana,Drinking Water Supply,1.72,unit,CTR-0180,2065441.63,2064000.0,2022-03-22,2022-05-01,2022-05-17,2022-09-09,2022-10-08,117,17.012,78.516,False,
MPLAD-02559,Bhubaneswar,Odisha,Health Sub-Centre,2.54,unit,CTR-0135,8503126.28,8128000.0,2023-04-17,2023-06-16,2023-07-10,2025-02-01,2025-01-12,489,20.6773,86.2542,True,payment_timing
MPLAD-02560,Coimbatore,Tamil Nadu,School Building Repair,1.95,unit,CTR-0007,1620304.61,1755000.0,2023-03-22,2023-04-15,2023-04-25,2023-10-13,2023-10-21,168,10.7386,78.588,False,
MPLAD-02561,Gaya,Bihar,Street Lighting,2.93,unit,CTR-0042,1142020.69,1318500.0,2023-11-16,2024-02-13,2024-03-05,2024-06-17,2024-06-13,89,25.1268,85.414,False,
MPLAD-02562,Madurai,Tamil Nadu,Street Lighting,1.11,unit,CTR-0005,487134.64,499500.0,2024-02-02,2024-02-28,2024-03-06,2024-03-11,2024-03-15,35,10.5677,77.7531,True,ghost_project
MPLAD-02563,Jaipur Rural,Rajasthan,Road Construction,0.84,km,CTR-0012,662975.56,714000.0,2024-05-19,2024-08-12,2024-09-16,2024-12-10,2024-12-17,77,26.5837,75.3642,False,
MPLAD-02564,Jaipur Rural,Rajasthan,Street Lighting,0.53,unit,CTR-0219,250287.14,238500.0,2023-07-28,2023-09-05,2023-09-29,2023-10-18,2023-10-29,17,26.613,75.5049,False,
MPLAD-02565,Nalgonda,Telangana,Road Construction,1.4,km,CTR-0106,1322371.53,1190000.0,2023-08-26,2023-10-30,2023-11-04,2024-03-14,2024-03-27,142,17.0105,78.122,False,
MPLAD-02566,Coimbatore,Tamil Nadu,Drinking Water Supply,0.83,unit,CTR-0078,1061960.6,996000.0,2022-10-28,2022-11-28,2022-12-17,2023-02-17,2023-03-06,55,10.9233,78.4606,False,
MPLAD-02567,Pune,Maharashtra,Community Hall,1.72,unit,CTR-0022,4680435.06,4300000.0,2024-12-06,2025-03-02,2025-04-13,2026-01-04,2026-02-03,238,19.5062,73.2232,False,
MPLAD-02568,Coimbatore,Tamil Nadu,School Building Repair,2.66,unit,CTR-0095,2191279.13,2394000.0,2022-06-06,2022-07-07,2022-07-25,2023-03-18,2023-03-18,207,11.033,78.1738,False,
MPLAD-02569,Pune,Maharashtra,Drainage System,0.9,km,CTR-0205,923987.29,990000.0,2022-03-21,2022-05-10,2022-06-07,2022-09-03,2022-09-14,93,18.9191,73.1393,False,
MPLAD-02570,Madurai,Tamil Nadu,Street Lighting,0.71,unit,CTR-0213,342172.79,319500.0,2023-04-03,2023-05-23,2023-06-04,2023-06-27,2023-06-23,21,10.9986,78.5745,False,
MPLAD-02571,Varanasi,Uttar Pradesh,Health Sub-Centre,2.19,unit,CTR-0187,6478142.77,7008000.0,2022-08-08,2022-10-06,2022-11-11,2024-04-18,2024-05-15,429,26.6315,80.5927,False,
MPLAD-02572,Kota,Rajasthan,Health Sub-Centre,1.31,unit,CTR-0164,4395322.33,4192000.0,2022-03-09,2022-05-09,2022-05-31,2023-04-18,2023-04-25,262,27.1672,75.8835,False,
MPLAD-02573,Nagpur,Maharashtra,Drainage System,1.13,km,CTR-0081,1408252.62,1243000.0,2023-10-06,2023-12-13,2024-01-16,2024-02-03,2024-02-06,108,19.3389,73.3635,True,ghost_project
MPLAD-02574,Pune,Maharashtra,Street Lighting,0.96,unit,CTR-0072,1236549.3,432000.0,2023-12-15,2024-02-11,2024-03-01,2024-04-02,2024-04-14,28,18.8824,73.1593,True,cost_inflation
MPLAD-02575,Coimbatore,Tamil Nadu,Street Lighting,1.64,unit,CTR-0106,781957.56,738000.0,2024-12-12,2025-03-05,2025-04-16,2025-06-19,2025-06-24,51,11.02,78.12,True,geo_clustering
MPLAD-02576,Warangal,Telangana,Health Sub-Centre,2.35,unit,CTR-0009,7419679.93,7520000.0,2022-01-19,2022-03-10,2022-03-16,2023-07-09,2023-07-23,398,17.3945,78.9699,False,
MPLAD-02577,Secunderabad,Telangana,Health Sub-Centre,0.76,unit,CTR-0058,2390845.52,2432000.0,2022-02-01,2022-03-23,2022-04-03,2022-10-10,2022-10-06,149,17.8526,78.9856,True,contractor_collusion
MPLAD-02578,Kota,Rajasthan,Road Construction,1.14,km,CTR-0108,903133.61,969000.0,2022-09-16,2022-11-07,2022-12-01,2023-04-28,2023-05-24,121,26.4593,75.5588,False,
MPLAD-02579,Warangal,Telangana,School Building Repair,0.54,unit,CTR-0164,430227.17,486000.0,2022-01-29,2022-03-14,2022-04-03,2022-05-12,2022-06-05,41,17.6766,78.6929,True,contractor_collusion
MPLAD-02580,Nalgonda,Telangana,Health Sub-Centre,1.11,unit,CTR-0119,3347359.77,3552000.0,2024-05-16,2024-08-06,2024-09-16,2025-06-03,2025-06-28,201,17.5573,78.2564,False,
MPLAD-02581,Nalgonda,Telangana,Drainage System,1.03,km,CTR-0194,1226743.99,1133000.0,2023-04-12,2023-07-01,2023-07-12,2023-11-11,2023-12-04,100,17.5243,78.8784,False,
MPLAD-02582,Nagpur,Maharashtra,Street Lighting,1.15,unit,CTR-0037,570514.91,517500.0,2024-08-14,2024-08-31,2024-09-23,2024-11-01,2024-11-03,32,18.7053,73.3349,False,
MPLAD-02583,Kota,Rajasthan,Road Construction,2.42,km,CTR-0110,1926429.25,2057000.0,2022-06-21,2022-08-08,2022-09-04,2023-05-01,2023-05-19,204,26.4969,76.0871,False,
MPLAD-02584,Nagpur,Maharashtra,Drinking Water Supply,2.74,unit,CTR-0021,3262974.58,3288000.0,2023-07-10,2023-08-24,2023-09-27,2024-02-23,2024-02-27,148,18.9541,72.7813,False,
MPLAD-02585,Nalgonda,Telangana,Drinking Water Supply,2.48,unit,CTR-0209,3227809.19,2976000.0,2024-02-18,2024-03-21,2024-04-15,2024-08-30,2024-09-03,147,17.1055,78.073,False,
MPLAD-02586,Pune,Maharashtra,Road Construction,0.78,km,CTR-0018,729823.89,663000.0,2022-10-09,2022-10-27,2022-11-25,2023-02-06,2023-02-07,81,18.8478,72.802,False,
MPLAD-02587,Madurai,Tamil Nadu,Road Construction,1.4,km,CTR-0009,1057408.34,1190000.0,2023-09-26,2023-11-13,2023-11-28,2024-04-09,2024-05-01,115,11.2842,78.0377,False,
MPLAD-02588,Coimbatore,Tamil Nadu,Community Hall,1.0,unit,CTR-0209,2324135.64,2500000.0,2024-05-19,2024-06-18,2024-06-30,2024-12-20,2024-12-21,141,11.4633,77.9127,False,
MPLAD-02589,Coimbatore,Tamil Nadu,Street Lighting,2.34,unit,CTR-0070,1025544.21,1053000.0,2024-12-29,2025-02-17,2025-03-15,2025-06-01,2025-06-24,77,11.2632,78.5968,False,
MPLAD-02590,Gaya,Bihar,Community Hall,0.82,unit,CTR-0136,2136810.72,2050000.0,2024-12-29,2025-01-26,2025-02-17,2025-07-19,2025-08-02,123,26.0675,84.783,False,
MPLAD-02591,Patna Sahib,Bihar,Community Hall,1.43,unit,CTR-0143,10468354.44,3575000.0,2022-04-25,2022-06-05,2022-07-20,2023-02-26,2023-03-03,214,25.608,84.6303,True,cost_inflation
MPLAD-02592,Nalgonda,Telangana,Drinking Water Supply,2.29,unit,CTR-0128,2754991.13,2748000.0,2024-07-12,2024-08-23,2024-09-20,2025-02-14,2025-02-27,147,17.8121,78.3581,False,
MPLAD-02593,Jaipur Rural,Rajasthan,Drainage System,1.72,km,CTR-0127,1751866.37,1892000.0,2023-07-15,2023-10-10,2023-11-08,2024-05-21,2024-05-31,194,26.4339,75.7271,False,
MPLAD-02594,Gaya,Bihar,Road Construction,1.47,km,CTR-0003,1261522.47,1249500.0,2022-10-05,2022-12-08,2023-01-01,2023-06-05,2023-06-08,139,26.0603,85.2716,False,
MPLAD-02595,Madurai,Tamil Nadu,Drinking Water Supply,1.74,unit,CTR-0054,2146689.14,2088000.0,2023-12-22,2024-02-12,2024-03-12,2024-06-27,2024-06-28,118,10.6397,77.6221,False,
MPLAD-02596,Jaipur Rural,Rajasthan,Road Construction,2.65,km,CTR-0041,2085779.75,2252500.0,2023-02-10,2023-04-21,2023-04-28,2024-01-19,2024-02-10,284,26.4604,76.1339,False,
MPLAD-02597,Kanpur,Uttar Pradesh,Health Sub-Centre,2.08,unit,CTR-0071,6162535.44,6656000.0,2022-10-21,2022-12-25,2023-01-07,2023-12-28,2023-11-23,340,27.0067,80.6966,True,payment_timing
MPLAD-02598,Nalgonda,Telangana,Health Sub-Centre,0.83,unit,CTR-0056,2304386.04,2656000.0,2023-09-01,2023-10-17,2023-12-01,2024-06-11,2024-07-09,170,17.42,78.52,True,geo_clustering
MPLAD-02599,Nagpur,Maharashtra,Street Lighting,0.89,unit,CTR-0092,451521.36,400500.0,2024-10-19,2025-01-17,2025-02-07,2025-03-08,2025-03-19,26,18.9361,73.1984,False,
MPLAD-02600,Cuttack,Odisha,Drainage System,2.28,km,CTR-0091,2398179.05,2508000.0,2024-11-04,2024-12-03,2024-12-19,2025-08-29,2025-09-05,235,20.5256,85.793,False,
MPLAD-02601,Coimbatore,Tamil Nadu,Drainage System,0.86,km,CTR-0206,1011088.82,946000.0,2022-09-29,2022-11-01,2022-11-23,2023-03-17,2023-03-22,91,10.7133,78.565,False,
MPLAD-02602,Cuttack,Odisha,Drainage System,1.69,km,CTR-0034,1637237.31,1859000.0,2023-07-09,2023-07-27,2023-08-18,2024-03-27,2024-04-08,172,20.5284,85.6894,False,
MPLAD-02603,Warangal,Telangana,Road Construction,1.44,km,CTR-0164,3531145.62,1224000.0,2022-02-02,2022-04-02,2022-04-07,2022-10-19,2022-10-22,153,17.4319,78.6031,True,cost_inflation
MPLAD-02604,Pune,Maharashtra,Drinking Water Supply,1.35,unit,CTR-0163,1550262.48,1620000.0,2024-12-13,2025-01-14,2025-02-16,2025-06-07,2025-06-28,92,19.0904,73.1946,False,
MPLAD-02605,Kanpur,Uttar Pradesh,Street Lighting,1.16,unit,CTR-0071,586308.36,522000.0,2024-07-24,2024-09-01,2024-09-14,2024-10-21,2024-11-18,32,27.2634,81.0079,False,
MPLAD-02606,Bhubaneswar,Odisha,Road Construction,0.8,km,CTR-0089,580431.58,680000.0,2024-09-29,2024-12-09,2024-12-24,2025-02-28,2025-03-07,72,20.694,85.9266,False,
MPLAD-02607,Kota,Rajasthan,Drainage System,2.89,km,CTR-0099,6530051.36,3179000.0,2023-12-05,2024-01-16,2024-02-21,2024-12-21,2025-01-07,328,26.8764,75.4114,True,cost_inflation
MPLAD-02608,Nagpur,Maharashtra,Street Lighting,0.99,unit,CTR-0144,452999.61,445500.0,2024-01-11,2024-02-01,2024-03-07,2024-04-08,2024-04-17,28,19.0671,73.25,False,
MPLAD-02609,Secunderabad,Telangana,Road Construction,2.72,km,CTR-0050,2156048.97,2312000.0,2023-09-30,2023-12-20,2024-01-15,2024-08-09,2024-08-14,225,17.5844,78.4539,False,
MPLAD-02610,Nagpur,Maharashtra,Drinking Water Supply,2.57,unit,CTR-0164,3266007.06,3084000.0,2024-04-23,2024-07-16,2024-07-22,2024-12-14,2024-12-12,162,19.0721,72.5728,False,
MPLAD-02611,Jaipur Rural,Rajasthan,Drainage System,2.68,km,CTR-0022,3340467.85,2948000.0,2023-07-26,2023-09-23,2023-10-09,2024-06-14,2024-06-29,250,26.92,75.82,True,geo_clustering
MPLAD-02612,Warangal,Telangana,Community Hall,2.05,unit,CTR-0208,5555138.91,5125000.0,2024-08-09,2024-10-07,2024-10-19,2025-10-15,2025-11-07,333,17.6896,78.0296,False,
MPLAD-02613,Bhubaneswar,Odisha,Road Construction,1.81,km,CTR-0142,1333888.94,1538500.0,2022-01-07,2022-02-27,2022-03-08,2022-09-04,2022-08-30,166,19.9693,86.0953,False,
MPLAD-02614,Cuttack,Odisha,Community Hall,0.62,unit,CTR-0007,1556155.15,1550000.0,2024-10-07,2024-12-05,2025-01-12,2025-05-07,2025-06-02,98,20.1245,85.9828,False,
MPLAD-02615,Nagpur,Maharashtra,Road Construction,1.94,km,CTR-0087,1449619.08,1649000.0,2023-08-31,2023-11-10,2023-11-26,2024-07-02,2024-07-22,174,19.0123,72.6913,False,
MPLAD-02616,Secunderabad,Telangana,School Building Repair,0.76,unit,CTR-0087,768393.02,684000.0,2022-10-03,2022-10-23,2022-11-16,2023-01-23,2023-02-01,56,17.5513,78.2704,False,
MPLAD-02617,Pune,Maharashtra,Road Construction,1.15,km,CTR-0177,948575.6,977500.0,2024-03-01,2024-04-18,2024-05-05,2024-09-02,2024-07-04,95,19.4583,73.3043,True,payment_timing
MPLAD-02618,Madurai,Tamil Nadu,Drainage System,1.62,km,CTR-0097,2032541.4,1782000.0,2024-05-09,2024-08-04,2024-09-10,2025-03-28,2025-04-15,167,11.0329,78.0465,False,
MPLAD-02619,Warangal,Telangana,Health Sub-Centre,2.11,unit,CTR-0164,7637673.78,6752000.0,2022-11-06,2023-01-14,2023-02-06,2024-06-22,2024-07-19,393,17.3476,78.2362,False,
MPLAD-02620,Kanpur,Uttar Pradesh,Drinking Water Supply,0.68,unit,CTR-0014,732794.35,816000.0,2022-08-13,2022-10-22,2022-11-13,2022-12-26,2023-01-23,42,27.2983,81.3263,False,
MPLAD-02621,Cuttack,Odisha,Community Hall,1.87,unit,CTR-0113,4352996.11,4675000.0,2022-03-22,2022-06-06,2022-07-21,2023-05-03,2023-05-22,252,20.1446,86.1018,False,
MPLAD-02622,Gaya,Bihar,Drinking Water Supply,1.95,unit,CTR-0202,2680996.7,2340000.0,2022-10-13,2022-11-03,2022-11-22,2023-04-29,2023-05-04,136,25.5696,84.8083,False,
MPLAD-02623,Warangal,Telangana,School Building Repair,1.47,unit,CTR-0164,1316557.23,1323000.0,2022-05-29,2022-07-02,2022-07-22,2022-10-24,2022-11-23,105,17.6804,78.4578,False,
MPLAD-02624,Nagpur,Maharashtra,Health Sub-Centre,1.42,unit,CTR-0030,4055785.6,4544000.0,2023-11-29,2024-02-01,2024-03-01,2024-10-15,2024-11-13,252,19.3845,73.2541,False,
MPLAD-02625,Cuttack,Odisha,Drinking Water Supply,2.53,unit,CTR-0126,2774470.52,3036000.0,2022-04-05,2022-05-16,2022-05-22,2022-10-30,2022-11-11,165,19.8732,86.2102,False,
MPLAD-02626,Gaya,Bihar,Drainage System,2.14,km,CTR-0087,2089181.97,2354000.0,2024-06-07,2024-08-29,2024-09-20,2025-06-04,2025-06-27,225,25.9657,85.4027,False,
MPLAD-02627,Coimbatore,Tamil Nadu,Road Construction,1.57,km,CTR-0012,2921073.72,1334500.0,2024-02-12,2024-03-10,2024-04-01,2024-09-15,2024-09-25,138,11.3719,77.6314,True,cost_inflation
MPLAD-02628,Warangal,Telangana,Street Lighting,1.72,unit,CTR-0170,729620.11,774000.0,2023-02-08,2023-04-13,2023-05-23,2023-07-26,2023-08-14,60,17.1384,78.9104,False,
MPLAD-02629,Bhubaneswar,Odisha,Community Hall,2.77,unit,CTR-0021,7739452.95,6925000.0,2023-09-09,2023-09-24,2023-10-19,2025-01-22,2025-01-03,461,20.6333,85.7371,True,payment_timing
MPLAD-02630,Madurai,Tamil Nadu,Drinking Water Supply,2.31,unit,CTR-0139,2612005.3,2772000.0,2024-09-28,2024-12-16,2025-01-13,2025-07-01,2025-06-30,135,10.7507,78.3258,False,
MPLAD-02631,Jaipur Rural,Rajasthan,Street Lighting,1.55,unit,CTR-0045,741191.83,697500.0,2022-12-19,2023-01-13,2023-02-27,2023-04-16,2023-04-24,50,27.1138,75.8762,False,
MPLAD-02632,Kota,Rajasthan,Health Sub-Centre,2.54,unit,CTR-0216,7297030.01,8128000.0,2022-02-18,2022-03-06,2022-04-09,2023-09-26,2023-09-28,454,26.6116,76.2698,False,
MPLAD-02633,Varanasi,Uttar Pradesh,Road Construction,1.18,km,CTR-0184,1006447.21,1003000.0,2023-12-21,2024-02-27,2024-04-01,2024-09-05,2024-09-30,124,26.3711,81.23,False,
MPLAD-02634,Coimbatore,Tamil Nadu,Road Construction,2.24,km,CTR-0167,1841503.74,1904000.0,2024-05-05,2024-07-29,2024-09-09,2025-05-11,2025-05-11,198,11.3919,78.0019,False,
MPLAD-02635,Patna Sahib,Bihar,Drinking Water Supply,2.13,unit,CTR-0113,2549520.67,2556000.0,2024-07-10,2024-09-14,2024-10-12,2025-04-06,2025-04-28,144,25.4849,85.4613,False,
MPLAD-02636,Nalgonda,Telangana,School Building Repair,1.38,unit,CTR-0144,1058837.53,1242000.0,2023-12-02,2024-01-03,2024-02-14,2024-03-04,2024-03-06,113,17.7805,78.9266,True,ghost_project
MPLAD-02637,Nagpur,Maharashtra,Street Lighting,1.8,unit,CTR-0138,1545323.66,810000.0,2024-10-23,2025-01-08,2025-01-22,2025-03-26,2025-04-09,58,19.3404,72.5417,True,cost_inflation
MPLAD-02638,Kota,Rajasthan,Drainage System,2.23,km,CTR-0093,2389825.99,2453000.0,2024-08-15,2024-09-28,2024-11-05,2025-07-21,2025-08-02,241,26.4347,75.6799,False,
MPLAD-02639,Gaya,Bihar,Drinking Water Supply,1.01,unit,CTR-0111,1043807.01,1212000.0,2022-06-29,2022-08-15,2022-09-04,2022-10-25,2022-10-25,56,25.644,84.7899,False,
MPLAD-02640,Kanpur,Uttar Pradesh,Community Hall,0.77,unit,CTR-0021,1700952.12,1925000.0,2023-06-23,2023-07-10,2023-08-09,2023-12-25,2024-01-21,133,26.8318,80.7431,False,
MPLAD-02641,Secunderabad,Telangana,Drinking Water Supply,0.88,unit,CTR-0092,1022005.9,1056000.0,2023-07-21,2023-08-29,2023-09-29,2023-11-27,2023-12-08,52,17.2464,78.7075,False,
MPLAD-02642,Warangal,Telangana,Drinking Water Supply,2.7,unit,CTR-0147,2948126.74,3240000.0,2022-07-02,2022-08-16,2022-09-11,2023-03-06,2023-03-26,170,17.8552,78.9139,False,
MPLAD-02643,Pune,Maharashtra,Community Hall,2.52,unit,CTR-0053,6380531.26,6300000.0,2023-12-29,2024-03-21,2024-04-22,2025-09-06,2025-09-05,431,19.12,72.92,True,geo_clustering
MPLAD-02644,Gaya,Bihar,Drainage System,2.23,km,CTR-0012,2526594.29,2453000.0,2022-08-16,2022-10-25,2022-11-07,2023-07-16,2023-08-07,250,26.0343,84.9065,False,
MPLAD-02645,Secunderabad,Telangana,Drainage System,2.5,km,CTR-0101,2901803.25,2750000.0,2022-10-09,2022-12-18,2023-01-25,2023-12-20,2023-12-22,265,17.3852,78.5899,False,
MPLAD-02646,Nagpur,Maharashtra,School Building Repair,2.6,unit,CTR-0187,2611284.68,2340000.0,2022-01-09,2022-02-09,2022-03-17,2022-10-21,2022-10-19,178,19.2797,73.3968,False,
MPLAD-02647,Coimbatore,Tamil Nadu,Drainage System,2.59,km,CTR-0033,2582224.81,2849000.0,2024-07-19,2024-08-23,2024-09-03,2025-09-26,2025-09-28,307,11.2758,78.4017,False,
MPLAD-02648,Nalgonda,Telangana,Street Lighting,1.19,unit,CTR-0163,511698.56,535500.0,2022-12-18,2023-02-10,2023-03-04,2023-04-14,2023-04-20,39,17.0505,78.0939,False,
MPLAD-02649,Kanpur,Uttar Pradesh,School Building Repair,2.0,unit,CTR-0061,2062122.0,1800000.0,2024-12-04,2025-01-07,2025-01-30,2025-06-25,2025-06-28,150,26.6833,80.723,False,
MPLAD-02650,Varanasi,Uttar Pradesh,Road Construction,1.09,km,CTR-0004,966303.83,926500.0,2024-12-15,2025-02-04,2025-02-13,2025-06-06,2025-06-11,97,26.3613,81.2841,False,
MPLAD-02651,Madurai,Tamil Nadu,Community Hall,0.62,unit,CTR-0089,4803483.83,1550000.0,2023-03-11,2023-04-26,2023-05-12,2023-08-12,2023-09-05,84,10.5244,77.865,True,cost_inflation
MPLAD-02652,Warangal,Telangana,Community Hall,2.05,unit,CTR-0164,5075888.08,5125000.0,2022-12-23,2023-02-06,2023-03-04,2024-02-03,2024-02-13,285,17.8387,78.1292,True,contractor_collusion
MPLAD-02653,Kanpur,Uttar Pradesh,Drainage System,1.36,km,CTR-0091,1469447.21,1496000.0,2022-09-18,2022-11-28,2022-12-25,2023-05-10,2023-05-19,125,26.6376,80.71,False,
MPLAD-02654,Jaipur Rural,Rajasthan,Drinking Water Supply,0.95,unit,CTR-0025,1102254.79,1140000.0,2023-11-27,2024-01-12,2024-02-23,2024-04-20,2024-04-23,58,27.0072,75.4792,False,
MPLAD-02655,Secunderabad,Telangana,Health Sub-Centre,0.65,unit,CTR-0089,2168401.04,2080000.0,2023-06-06,2023-07-19,2023-09-02,2023-12-22,2023-12-20,112,17.3367,78.4725,False,
MPLAD-02656,Nagpur,Maharashtra,Street Lighting,2.71,unit,CTR-0165,1221053.59,1219500.0,2024-07-03,2024-09-16,2024-10-03,2025-01-03,2025-01-02,94,19.4313,73.003,False,
MPLAD-02657,Kanpur,Uttar Pradesh,Road Construction,2.22,km,CTR-0029,1666018.48,1887000.0,2023-12-11,2024-01-26,2024-03-07,2024-04-13,2024-04-14,237,26.6151,81.068,True,ghost_project
MPLAD-02658,Madurai,Tamil Nadu,Road Construction,0.72,km,CTR-0190,692859.73,612000.0,2022-12-30,2023-01-18,2023-02-17,2023-05-03,2023-05-18,61,11.098,77.6459,False,
MPLAD-02659,Varanasi,Uttar Pradesh,Health Sub-Centre,1.48,unit,CTR-0049,5271005.56,4736000.0,2023-08-18,2023-10-04,2023-10-22,2024-09-17,2024-10-08,270,26.82,80.92,True,geo_clustering
MPLAD-02660,Cuttack,Odisha,Health Sub-Centre,0.52,unit,CTR-0182,4456324.83,1664000.0,2022-12-05,2023-02-14,2023-03-16,2023-07-13,2023-07-23,101,20.1191,85.7618,True,cost_inflation
MPLAD-02661,Cuttack,Odisha,School Building Repair,1.3,unit,CTR-0140,2204275.22,1170000.0,2023-03-24,2023-05-02,2023-06-10,2023-09-23,2023-10-01,88,19.8395,85.3436,True,cost_inflation
MPLAD-02662,Kanpur,Uttar Pradesh,School Building Repair,1.36,unit,CTR-0036,1308780.71,1224000.0,2024-09-01,2024-11-12,2024-12-08,2025-03-23,2025-04-10,104,26.8515,80.5206,False,
MPLAD-02663,Varanasi,Uttar Pradesh,Drainage System,2.14,km,CTR-0119,2171326.7,2354000.0,2024-05-12,2024-06-23,2024-07-12,2025-02-01,2025-02-14,210,27.12,80.7537,False,
MPLAD-02664,Pune,Maharashtra,Health Sub-Centre,2.64,unit,CTR-0106,8519880.48,8448000.0,2022-05-14,2022-07-10,2022-08-02,2024-06-04,2024-06-11,561,18.9329,72.8655,False,
MPLAD-02665,Madurai,Tamil Nadu,Drinking Water Supply,2.54,unit,CTR-0018,3061417.47,3048000.0,2024-10-20,2024-12-24,2025-02-03,2025-07-17,2025-08-03,141,11.2036,78.1663,False,
MPLAD-02666,Patna Sahib,Bihar,School Building Repair,1.53,unit,CTR-0203,1187707.26,1377000.0,2023-04-14,2023-05-27,2023-06-29,2023-12-06,2023-12-10,134,25.2823,85.443,False,
MPLAD-02667,Varanasi,Uttar Pradesh,Street Lighting,0.85,unit,CTR-0164,326123.87,382500.0,2022-09-19,2022-11-14,2022-11-24,2022-12-21,2023-01-06,23,26.6531,81.3178,False,
MPLAD-02668,Coimbatore,Tamil Nadu,Health Sub-Centre,2.1,unit,CTR-0007,6175382.03,6720000.0,2022-04-03,2022-05-22,2022-05-31,2023-06-25,2023-07-17,385,10.8069,77.6574,True,contractor_collusion
MPLAD-02669,Warangal,Telangana,Street Lighting,1.72,unit,CTR-0164,699449.37,774000.0,2022-09-07,2022-09-24,2022-11-07,2023-01-11,2023-01-29,54,17.5384,78.1486,False,
MPLAD-02670,Secunderabad,Telangana,Street Lighting,2.09,unit,CTR-0058,808718.27,940500.0,2023-09-18,2023-12-14,2024-01-13,2024-04-08,2024-05-08,69,17.1603,78.4609,False,
MPLAD-02671,Madurai,Tamil Nadu,Street Lighting,1.0,unit,CTR-0085,389848.75,450000.0,2023-03-12,2023-05-03,2023-06-08,2023-07-10,2023-07-06,31,10.5503,78.577,False,
MPLAD-02672,Varanasi,Uttar Pradesh,Drinking Water Supply,1.58,unit,CTR-0103,1834644.66,1896000.0,2023-03-31,2023-06-09,2023-06-14,2023-10-10,2023-10-24,101,26.82,80.92,True,geo_clustering
MPLAD-02673,Coimbatore,Tamil Nadu,Drainage System,0.54,km,CTR-0187,563167.7,594000.0,2023-11-16,2024-01-24,2024-02-08,2024-04-12,2024-04-18,57,10.877,78.1656,False,
MPLAD-02674,Madurai,Tamil Nadu,Community Hall,0.86,unit,CTR-0200,2116412.21,2150000.0,2024-09-26,2024-11-11,2024-12-26,2025-07-01,2025-07-22,147,11.4218,78.42,False,
MPLAD-02675,Jaipur Rural,Rajasthan,Community Hall,2.32,unit,CTR-0015,5400638.55,5800000.0,2023-05-09,2023-06-25,2023-08-09,2024-07-05,2024-07-27,331,26.8162,75.4054,False,
MPLAD-02676,Nagpur,Maharashtra,Drinking Water Supply,2.36,unit,CTR-0187,2481059.24,2832000.0,2024-02-15,2024-05-05,2024-06-04,2024-10-05,2024-11-04,128,18.9861,73.1388,False,
MPLAD-02677,Jaipur Rural,Rajasthan,Street Lighting,2.92,unit,CTR-0158,1224058.99,1314000.0,2023-06-06,2023-06-23,2023-07-13,2023-10-19,2023-11-06,84,26.4834,76.2571,False,
MPLAD-02678,Gaya,Bihar,Drinking Water Supply,0.72,unit,CTR-0205,907343.68,864000.0,2023-04-12,2023-05-27,2023-06-07,2023-07-23,2023-08-21,42,25.1277,84.995,False,
MPLAD-02679,Jaipur Rural,Rajasthan,Drinking Water Supply,1.96,unit,CTR-0108,2566855.88,2352000.0,2023-02-21,2023-05-10,2023-06-15,2023-11-06,2023-11-16,127,27.0316,75.9099,False,
MPLAD-02680,Madurai,Tamil Nadu,Road Construction,2.69,km,CTR-0173,2053237.88,2286500.0,2022-06-07,2022-08-10,2022-08-28,2023-05-13,2023-05-31,275,11.02,78.12,True,geo_clustering
MPLAD-02681,Warangal,Telangana,Street Lighting,0.68,unit,CTR-0056,277986.99,306000.0,2024-03-19,2024-04-30,2024-05-09,2024-05-31,2024-05-26,22,17.4936,78.1774,False,
MPLAD-02682,Secunderabad,Telangana,Road Construction,1.87,km,CTR-0058,1787459.16,1589500.0,2022-03-13,2022-04-11,2022-04-27,2022-06-10,2022-06-13,175,17.7976,78.9486,True,ghost_project
MPLAD-02683,Patna Sahib,Bihar,Drainage System,2.76,km,CTR-0103,3215871.97,3036000.0,2022-01-12,2022-02-09,2022-03-23,2023-01-04,2023-01-04,249,26.0512,84.9762,False,
MPLAD-02684,Bhubaneswar,Odisha,Community Hall,0.94,unit,CTR-0194,2204788.26,2350000.0,2023-05-04,2023-06-20,2023-07-08,2023-12-23,2024-01-19,139,20.7097,85.781,False,
MPLAD-02685,Patna Sahib,Bihar,Road Construction,2.3,km,CTR-0073,1840306.97,1955000.0,2022-08-21,2022-11-03,2022-12-18,2023-07-11,2023-08-10,223,25.62,85.12,True,geo_clustering
MPLAD-02686,Cuttack,Odisha,Community Hall,2.61,unit,CTR-0009,5650445.32,6525000.0,2024-11-30,2024-12-16,2025-01-24,2026-07-19,2026-07-26,425,20.083,86.0134,False,
MPLAD-02687,Bhubaneswar,Odisha,Community Hall,0.92,unit,CTR-0053,2217503.28,2300000.0,2022-02-21,2022-04-24,2022-06-06,2022-12-12,2022-12-20,152,19.9779,85.9979,False,
MPLAD-02688,Pune,Maharashtra,Community Hall,2.39,unit,CTR-0189,5413772.27,5975000.0,2022-11-25,2023-01-25,2023-02-08,2024-04-13,2024-03-07,370,19.4841,72.4883,True,payment_timing
MPLAD-02689,Nagpur,Maharashtra,School Building Repair,2.31,unit,CTR-0089,1870449.88,2079000.0,2023-03-17,2023-04-22,2023-05-21,2024-01-01,2023-12-28,205,18.7015,73.1575,False,
MPLAD-02690,Warangal,Telangana,Street Lighting,1.58,unit,CTR-0164,801227.44,711000.0,2024-04-22,2024-05-24,2024-07-06,2024-08-22,2024-09-06,53,16.9959,78.1888,True,contractor_collusion
MPLAD-02691,Gaya,Bihar,Community Hall,1.08,unit,CTR-0114,2307749.77,2700000.0,2023-09-05,2023-09-30,2023-11-04,2024-05-02,2024-05-18,154,25.3087,85.4571,False,
MPLAD-02692,Nalgonda,Telangana,Drainage System,2.48,km,CTR-0093,2382310.85,2728000.0,2022-06-02,2022-06-24,2022-07-20,2023-03-15,2023-03-30,262,17.6954,78.0026,False,
MPLAD-02693,Secunderabad,Telangana,Drinking Water Supply,2.82,unit,CTR-0106,3329769.01,3384000.0,2024-10-13,2024-12-31,2025-01-21,2025-07-15,2025-08-10,163,16.9495,78.0069,False,
MPLAD-02694,Nalgonda,Telangana,Community Hall,1.62,unit,CTR-0167,3773711.05,4050000.0,2022-03-24,2022-05-21,2022-06-27,2023-02-20,2023-03-07,240,17.6179,78.0078,False,
MPLAD-02695,Jaipur Rural,Rajasthan,Community Hall,1.64,unit,CTR-0043,4216779.87,4100000.0,2022-10-09,2023-01-02,2023-01-18,2023-10-29,2023-10-31,253,27.2468,75.8471,False,
MPLAD-02696,Patna Sahib,Bihar,Road Construction,0.72,km,CTR-0028,549144.56,612000.0,2023-06-08,2023-06-26,2023-07-28,2023-10-27,2023-11-15,73,25.6342,84.673,False,
MPLAD-02697,Patna Sahib,Bihar,Road Construction,0.95,km,CTR-0008,696418.06,807500.0,2022-05-16,2022-07-30,2022-09-13,2022-09-22,2022-09-22,84,25.9559,85.0746,True,ghost_project
MPLAD-02698,Gaya,Bihar,Drainage System,1.85,km,CTR-0070,2303107.4,2035000.0,2024-06-11,2024-08-30,2024-10-09,2025-05-24,2025-05-31,214,25.7308,84.6896,False,
MPLAD-02699,Madurai,Tamil Nadu,Health Sub-Centre,2.57,unit,CTR-0066,8095288.63,8224000.0,2022-02-21,2022-04-16,2022-05-31,2023-10-29,2023-10-29,507,11.44,78.1424,False,
MPLAD-02700,Nagpur,Maharashtra,Road Construction,2.78,km,CTR-0016,2079297.11,2363000.0,2023-07-16,2023-09-11,2023-10-12,2023-12-27,2023-12-28,281,19.0647,72.8161,True,ghost_project
MPLAD-02701,Nagpur,Maharashtra,Drinking Water Supply,2.34,unit,CTR-0103,2468035.4,2808000.0,2022-11-10,2022-12-07,2023-01-09,2023-05-24,2023-06-09,127,18.6751,73.2995,False,
MPLAD-02702,Madurai,Tamil Nadu,School Building Repair,0.6,unit,CTR-0205,602258.23,540000.0,2022-01-09,2022-02-25,2022-03-24,2022-05-25,2022-06-08,49,10.9521,78.474,False,
MPLAD-02703,Secunderabad,Telangana,Drainage System,0.97,km,CTR-0058,954570.78,1067000.0,2023-12-25,2024-03-24,2024-04-09,2024-08-03,2024-08-31,105,17.464,78.4743,False,
MPLAD-02704,Secunderabad,Telangana,School Building Repair,2.05,unit,CTR-0044,2053341.56,1845000.0,2023-11-27,2024-02-10,2024-03-26,2024-08-05,2024-08-16,146,16.93,78.8156,False,
MPLAD-02705,Gaya,Bihar,Street Lighting,1.56,unit,CTR-0171,747040.47,702000.0,2023-09-24,2023-11-27,2023-12-20,2024-02-15,2024-02-27,52,25.2353,85.0549,False,
MPLAD-02706,Patna Sahib,Bihar,Community Hall,2.4,unit,CTR-0186,6532915.87,6000000.0,2023-05-07,2023-05-31,2023-07-10,2024-09-12,2024-10-03,361,25.7615,85.0053,False,
MPLAD-02707,Jaipur Rural,Rajasthan,Community Hall,1.33,unit,CTR-0064,3804423.02,3325000.0,2023-04-26,2023-06-19,2023-06-24,2024-02-23,2024-02-28,192,26.4565,75.4044,False,
MPLAD-02708,Varanasi,Uttar Pradesh,Community Hall,0.65,unit,CTR-0200,1508879.07,1625000.0,2022-07-08,2022-09-08,2022-10-08,2023-02-16,2023-02-27,112,27.1822,81.3849,False,
MPLAD-02709,Gaya,Bihar,Health Sub-Centre,1.5,unit,CTR-0055,5231583.82,4800000.0,2024-05-09,2024-06-16,2024-07-04,2025-04-08,2025-05-02,285,25.1322,84.8759,False,
MPLAD-02710,Coimbatore,Tamil Nadu,Health Sub-Centre,2.77,unit,CTR-0007,9269276.07,8864000.0,2023-07-09,2023-08-30,2023-09-13,2024-12-16,2024-12-17,493,10.9672,77.8651,True,contractor_collusion
MPLAD-02711,Patna Sahib,Bihar,Street Lighting,2.1,unit,CTR-0123,850509.61,945000.0,2024-12-24,2025-02-15,2025-03-03,2025-05-31,2025-06-14,72,25.4786,85.1057,False,
MPLAD-02712,Secunderabad,Telangana,Road Construction,2.95,km,CTR-0032,2438195.52,2507500.0,2022-12-22,2023-02-07,2023-03-08,2024-01-04,2024-01-31,298,17.8907,78.1735,False,
MPLAD-02713,Patna Sahib,Bihar,Community Hall,2.13,unit,CTR-0055,5519529.09,5325000.0,2024-10-12,2024-12-13,2025-01-23,2026-03-11,2026-03-29,337,25.3399,84.6021,False,
MPLAD-02714,Warangal,Telangana,Health Sub-Centre,2.95,unit,CTR-0164,29651086.18,9440000.0,2023-03-28,2023-05-17,2023-06-21,2025-07-17,2025-07-23,604,17.8174,78.8977,True,cost_inflation
MPLAD-02715,Cuttack,Odisha,Health Sub-Centre,0.93,unit,CTR-0143,2819118.84,2976000.0,2022-06-06,2022-06-24,2022-07-31,2022-12-27,2023-01-07,160,20.2045,85.5999,False,
MPLAD-02716,Jaipur Rural,Rajasthan,Drainage System,2.1,km,CTR-0137,5518603.18,2310000.0,2022-12-11,2023-02-03,2023-02-21,2023-11-03,2023-11-02,213,27.3209,75.9319,True,cost_inflation
MPLAD-02717,Nagpur,Maharashtra,Drainage System,0.79,km,CTR-0100,745554.63,869000.0,2024-04-26,2024-06-11,2024-07-14,2024-11-04,2024-11-05,90,19.481,72.547,False,
MPLAD-02718,Kota,Rajasthan,Road Construction,1.99,km,CTR-0126,3299225.99,1691500.0,2023-11-24,2023-12-10,2024-01-11,2024-06-10,2024-06-22,163,26.8378,75.65,True,cost_inflation
MPLAD-02719,Patna Sahib,Bihar,Community Hall,0.85,unit,CTR-0001,2437972.7,2125000.0,2022-04-01,2022-04-16,2022-05-07,2022-09-24,2022-09-30,117,26.0104,85.0806,False,
MPLAD-02720,Nagpur,Maharashtra,Health Sub-Centre,1.54,unit,CTR-0139,5659852.87,4928000.0,2023-04-10,2023-05-12,2023-05-24,2024-07-03,2024-07-01,320,19.1542,73.2886,False,
MPLAD-02721,Nagpur,Maharashtra,Drainage System,1.24,km,CTR-0141,2572934.9,1364000.0,2024-03-20,2024-05-22,2024-07-05,2024-12-15,2025-01-07,143,19.1053,72.6613,True,cost_inflation
MPLAD-02722,Varanasi,Uttar Pradesh,Road Construction,1.2,km,CTR-0022,949524.05,1020000.0,2022-01-29,2022-04-14,2022-05-03,2022-09-09,2022-09-14,105,26.5467,81.2439,False,
MPLAD-02723,Coimbatore,Tamil Nadu,Road Construction,1.42,km,CTR-0149,1213814.37,1207000.0,2023-10-22,2023-12-10,2024-01-13,2024-07-23,2024-08-17,149,11.1975,77.8133,False,
MPLAD-02724,Coimbatore,Tamil Nadu,School Building Repair,0.93,unit,CTR-0129,769108.1,837000.0,2024-10-18,2025-01-02,2025-02-12,2025-04-28,2025-05-27,69,11.3486,77.809,False,
MPLAD-02725,Jaipur Rural,Rajasthan,Road Construction,2.3,km,CTR-0080,1720226.98,1955000.0,2023-03-24,2023-05-12,2023-06-20,2024-01-01,2023-12-27,208,27.1719,76.1173,False,
MPLAD-02726,Kanpur,Uttar Pradesh,Road Construction,2.52,km,CTR-0071,2297557.14,2142000.0,2024-12-22,2025-02-20,2025-04-01,2026-01-28,2026-02-16,262,26.7255,80.4151,True,contractor_collusion
MPLAD-02727,Pune,Maharashtra,Drinking Water Supply,2.77,unit,CTR-0120,3217095.97,3324000.0,2023-10-31,2023-11-25,2023-12-10,2024-06-08,2024-06-08,194,19.1004,72.5295,False,
MPLAD-02728,Gaya,Bihar,Community Hall,2.6,unit,CTR-0080,6082138.89,6500000.0,2022-02-17,2022-03-20,2022-04-11,2023-04-22,2023-05-05,363,25.1609,84.949,False,
MPLAD-02729,Kanpur,Uttar Pradesh,Drainage System,1.43,km,CTR-0071,1495781.18,1573000.0,2023-05-16,2023-07-30,2023-09-02,2024-03-16,2024-04-01,163,26.3381,80.8473,False,
MPLAD-02730,Madurai,Tamil Nadu,Drinking Water Supply,1.31,unit,CTR-0199,1758777.85,1572000.0,2023-06-01,2023-08-26,2023-09-22,2023-12-27,2023-12-31,81,10.8303,77.7705,False,
MPLAD-02731,Coimbatore,Tamil Nadu,Health Sub-Centre,1.55,unit,CTR-0075,5396146.77,4960000.0,2022-04-16,2022-05-11,2022-06-16,2023-07-13,2023-07-18,321,11.3521,78.4519,False,
MPLAD-02732,Cuttack,Odisha,Drainage System,2.05,km,CTR-0045,2297354.23,2255000.0,2024-05-26,2024-07-21,2024-08-05,2025-03-19,2025-04-08,230,20.2964,85.9786,False,
MPLAD-02733,Nagpur,Maharashtra,Street Lighting,0.86,unit,CTR-0014,424144.18,387000.0,2023-11-27,2024-01-15,2024-01-22,2024-02-20,2024-02-18,27,19.1603,73.1596,False,
MPLAD-02734,Warangal,Telangana,Drainage System,0.86,km,CTR-0073,964229.01,946000.0,2023-10-18,2023-11-30,2024-01-08,2024-04-05,2024-04-12,85,17.5757,78.6083,False,
MPLAD-02735,Kanpur,Uttar Pradesh,Drainage System,2.04,km,CTR-0071,2188279.64,2244000.0,2024-06-08,2024-07-14,2024-07-20,2025-02-08,2025-03-07,202,26.6542,80.4224,True,contractor_collusion
MPLAD-02736,Warangal,Telangana,School Building Repair,2.0,unit,CTR-0164,1813811.6,1800000.0,2022-10-22,2023-01-11,2023-01-27,2023-07-11,2023-07-28,143,17.8966,78.8931,True,contractor_collusion
MPLAD-02737,Nalgonda,Telangana,Street Lighting,0.76,unit,CTR-0074,388626.41,342000.0,2022-06-24,2022-08-27,2022-09-04,2022-09-29,2022-10-06,20,17.8854,78.738,False,
MPLAD-02738,Kota,Rajasthan,Road Construction,1.43,km,CTR-0209,3217244.03,1215500.0,2023-09-10,2023-10-26,2023-11-26,2024-04-30,2024-05-22,135,26.4542,75.4807,True,cost_inflation
MPLAD-02739,Warangal,Telangana,Community Hall,2.78,unit,CTR-0164,7033999.04,6950000.0,2022-05-17,2022-06-05,2022-07-17,2023-10-23,2023-11-13,465,17.3855,78.9764,True,contractor_collusion
MPLAD-02740,Madurai,Tamil Nadu,School Building Repair,1.64,unit,CTR-0119,1632446.4,1476000.0,2024-07-23,2024-09-24,2024-10-18,2025-02-22,2025-03-08,122,10.8308,78.4856,False,
MPLAD-02741,Warangal,Telangana,Street Lighting,2.65,unit,CTR-0207,1103104.81,1192500.0,2022-08-16,2022-09-13,2022-09-21,2022-12-05,2022-12-13,79,17.4742,78.3715,False,
MPLAD-02742,Kota,Rajasthan,Road Construction,2.33,km,CTR-0159,1763810.01,1980500.0,2023-01-22,2023-02-16,2023-03-06,2023-11-02,2023-11-01,231,26.7113,75.9548,False,
MPLAD-02743,Madurai,Tamil Nadu,Drainage System,1.66,km,CTR-0008,1630575.73,1826000.0,2024-06-04,2024-07-06,2024-08-07,2024-12-30,2025-01-22,161,10.7814,77.7061,False,
MPLAD-02744,Coimbatore,Tamil Nadu,Road Construction,2.54,km,CTR-0079,2144434.51,2159000.0,2024-05-10,2024-06-30,2024-08-09,2025-05-14,2025-05-25,215,11.1609,78.0532,False,
MPLAD-02745,Jaipur Rural,Rajasthan,Street Lighting,0.64,unit,CTR-0064,295182.63,288000.0,2023-11-02,2024-01-17,2024-02-01,2024-02-18,2024-02-15,17,26.5577,76.0405,False,
MPLAD-02746,Kota,Rajasthan,Drinking Water Supply,1.02,unit,CTR-0159,1210082.01,1224000.0,2024-02-06,2024-04-30,2024-05-16,2024-07-17,2024-08-14,56,27.3864,75.8593,False,
MPLAD-02747,Pune,Maharashtra,Street Lighting,2.3,unit,CTR-0212,1175879.14,1035000.0,2024-01-04,2024-01-29,2024-02-27,2024-05-16,2024-06-01,68,19.2249,72.4672,False,
MPLAD-02748,Varanasi,Uttar Pradesh,Street Lighting,2.59,unit,CTR-0081,2216280.33,1165500.0,2023-09-04,2023-11-13,2023-12-04,2024-03-24,2024-03-28,92,26.5383,80.9842,True,cost_inflation
MPLAD-02749,Secunderabad,Telangana,Drinking Water Supply,0.89,unit,CTR-0058,1188485.22,1068000.0,2024-12-13,2025-02-14,2025-03-22,2025-05-29,2025-06-14,61,17.1556,78.8906,False,
MPLAD-02750,Madurai,Tamil Nadu,School Building Repair,2.0,unit,CTR-0125,1717190.94,1800000.0,2023-09-09,2023-11-11,2023-12-14,2024-06-05,2024-06-14,137,10.9235,77.7433,False,
MPLAD-02751,Cuttack,Odisha,Drinking Water Supply,2.36,unit,CTR-0012,3178285.63,2832000.0,2022-04-28,2022-06-21,2022-06-30,2022-12-16,2022-12-13,156,20.6287,85.7953,False,
MPLAD-02752,Gaya,Bihar,Health Sub-Centre,2.18,unit,CTR-0011,6151114.26,6976000.0,2023-09-03,2023-09-19,2023-10-25,2024-12-11,2024-12-14,364,25.9019,85.3458,False,
MPLAD-02753,Patna Sahib,Bihar,Drinking Water Supply,1.31,unit,CTR-0124,1419902.84,1572000.0,2023-01-02,2023-03-22,2023-04-08,2023-07-14,2023-08-13,78,25.8544,85.0899,False,
MPLAD-02754,Cuttack,Odisha,Drinking Water Supply,2.9,unit,CTR-0024,3667977.58,3480000.0,2024-03-12,2024-06-01,2024-07-08,2024-12-20,2025-01-06,178,20.5427,85.4098,False,
MPLAD-02755,Gaya,Bihar,Health Sub-Centre,1.54,unit,CTR-0174,12793797.49,4928000.0,2023-09-10,2023-09-30,2023-11-10,2024-08-17,2024-08-27,283,25.488,85.0073,True,cost_inflation
MPLAD-02756,Patna Sahib,Bihar,Drinking Water Supply,2.24,unit,CTR-0031,2378799.71,2688000.0,2023-03-25,2023-05-05,2023-06-16,2023-11-25,2023-12-02,157,25.2874,84.8608,False,
MPLAD-02757,Kota,Rajasthan,Road Construction,1.43,km,CTR-0039,1254514.45,1215500.0,2022-09-21,2022-10-16,2022-10-30,2023-03-14,2023-04-05,117,27.3035,75.751,False,
MPLAD-02758,Kota,Rajasthan,Drinking Water Supply,2.4,unit,CTR-0215,3206035.11,2880000.0,2023-09-15,2023-12-06,2024-01-10,2024-07-01,2024-07-28,154,27.0275,76.2904,False,
MPLAD-02759,Nagpur,Maharashtra,Road Construction,2.82,km,CTR-0109,2079485.09,2397000.0,2022-04-15,2022-06-02,2022-06-20,2023-02-27,2023-03-05,239,18.7804,72.7475,False,
MPLAD-02760,Gaya,Bihar,Road Construction,0.83,km,CTR-0065,600590.26,705500.0,2024-09-15,2024-11-05,2024-12-05,2025-02-21,2025-02-16,69,25.2106,84.9905,False,
MPLAD-02761,Nagpur,Maharashtra,Health Sub-Centre,1.93,unit,CTR-0024,6180464.38,6176000.0,2024-08-13,2024-08-30,2024-10-07,2025-10-14,2025-10-31,356,18.8262,72.7883,False,
MPLAD-02762,Secunderabad,Telangana,Community Hall,1.53,unit,CTR-0058,3650921.97,3825000.0,2023-12-24,2024-03-10,2024-04-13,2024-12-18,2024-12-31,238,17.0662,78.608,True,contractor_collusion
MPLAD-02763,Varanasi,Uttar Pradesh,Health Sub-Centre,2.6,unit,CTR-0003,8843998.47,8320000.0,2022-11-23,2023-02-06,2023-02-24,2024-04-08,2024-04-11,451,26.6085,80.9238,False,
MPLAD-02764,Bhubaneswar,Odisha,Drinking Water Supply,2.97,unit,CTR-0178,3250744.4,3564000.0,2022-09-18,2022-11-01,2022-11-27,2023-08-03,2023-08-03,202,19.9159,85.8149,False,
MPLAD-02765,Kanpur,Uttar Pradesh,Road Construction,0.51,km,CTR-0139,478116.06,433500.0,2023-11-06,2024-01-24,2024-02-24,2024-04-30,2024-04-29,52,26.8622,80.5999,False,
MPLAD-02766,Bhubaneswar,Odisha,Drainage System,2.28,km,CTR-0017,2202440.78,2508000.0,2024-10-26,2024-11-20,2024-12-24,2025-10-12,2025-10-08,267,20.6095,85.5091,False,
MPLAD-02767,Gaya,Bihar,School Building Repair,1.48,unit,CTR-0059,1419928.79,1332000.0,2024-09-10,2024-10-17,2024-11-23,2025-03-14,2025-03-24,120,25.2584,85.5517,False,
MPLAD-02768,Varanasi,Uttar Pradesh,Street Lighting,0.53,unit,CTR-0087,217110.24,238500.0,2022-04-11,2022-05-18,2022-06-30,2022-07-16,2022-07-12,16,27.1326,80.8906,False,
MPLAD-02769,Coimbatore,Tamil Nadu,Drainage System,2.36,km,CTR-0007,2720725.09,2596000.0,2023-05-29,2023-07-26,2023-08-08,2024-05-10,2024-06-02,223,11.4529,77.93,True,contractor_collusion
MPLAD-02770,Patna Sahib,Bihar,Drainage System,2.53,km,CTR-0013,3057125.35,2783000.0,2022-04-22,2022-06-23,2022-07-23,2023-05-29,2023-03-31,282,25.1616,85.3897,True,payment_timing
MPLAD-02771,Patna Sahib,Bihar,School Building Repair,1.21,unit,CTR-0039,1204755.15,1089000.0,2022-05-28,2022-08-15,2022-09-11,2022-12-04,2022-12-31,88,25.338,85.1028,False,
MPLAD-02772,Cuttack,Odisha,Road Construction,0.68,km,CTR-0183,512247.4,578000.0,2024-06-23,2024-09-09,2024-10-10,2024-12-14,2024-12-14,65,20.0461,86.0259,False,
MPLAD-02773,Jaipur Rural,Rajasthan,Drinking Water Supply,2.6,unit,CTR-0106,2780855.45,3120000.0,2022-12-08,2023-01-09,2023-02-07,2023-07-28,2023-08-12,182,27.0565,76.0084,False,
MPLAD-02774,Nalgonda,Telangana,Health Sub-Centre,2.89,unit,CTR-0220,9422019.14,9248000.0,2023-06-24,2023-09-21,2023-10-14,2025-04-07,2025-04-18,555,17.6404,78.3198,False,
MPLAD-02775,Gaya,Bihar,Health Sub-Centre,0.69,unit,CTR-0102,2460646.39,2208000.0,2024-06-13,2024-08-10,2024-09-24,2024-10-19,2024-10-21,145,25.807,85.1826,True,ghost_project
MPLAD-02776,Gaya,Bihar,Drainage System,1.61,km,CTR-0191,1604973.05,1771000.0,2024-01-17,2024-04-16,2024-05-03,2024-11-19,2024-11-14,190,26.0237,85.1792,False,
MPLAD-02777,Pune,Maharashtra,Community Hall,0.58,unit,CTR-0118,1399044.8,1450000.0,2023-11-02,2023-12-16,2024-01-16,2024-04-09,2024-05-07,92,19.0927,72.4416,False,
MPLAD-02778,Nalgonda,Telangana,Community Hall,0.85,unit,CTR-0172,2381518.07,2125000.0,2023-03-16,2023-06-09,2023-07-19,2023-12-05,2023-12-04,148,17.0579,78.7584,False,
MPLAD-02779,Gaya,Bihar,School Building Repair,1.69,unit,CTR-0219,1739340.28,1521000.0,2022-02-05,2022-03-17,2022-04-19,2022-08-25,2022-09-05,130,25.6033,85.5869,False,
MPLAD-02780,Jaipur Rural,Rajasthan,School Building Repair,1.65,unit,CTR-0001,1307085.32,1485000.0,2022-01-06,2022-03-06,2022-04-05,2022-09-06,2022-09-21,133,26.8904,75.587,False,
MPLAD-02781,Nagpur,Maharashtra,Community Hall,1.72,unit,CTR-0105,3698817.79,4300000.0,2024-07-11,2024-08-20,2024-10-02,2025-06-10,2025-06-30,252,18.8513,72.997,False,
MPLAD-02782,Patna Sahib,Bihar,Drainage System,2.97,km,CTR-0070,3653419.67,3267000.0,2024-10-11,2024-11-25,2024-12-03,2025-12-28,2025-12-08,325,26.0681,85.0288,True,payment_timing
MPLAD-02783,Kanpur,Uttar Pradesh,Drinking Water Supply,2.92,unit,CTR-0035,3820205.3,3504000.0,2024-05-09,2024-06-09,2024-07-04,2024-12-31,2025-01-26,179,27.0774,81.2946,False,
MPLAD-02784,Patna Sahib,Bihar,Street Lighting,0.63,unit,CTR-0133,874005.23,283500.0,2023-08-25,2023-10-28,2023-11-09,2023-11-28,2023-12-22,16,25.8686,84.613,True,cost_inflation
MPLAD-02785,Nalgonda,Telangana,Drainage System,1.63,km,CTR-0009,1803248.39,1793000.0,2023-06-12,2023-08-16,2023-09-18,2024-05-18,2024-05-27,192,17.5308,78.7285,False,
MPLAD-02786,Gaya,Bihar,Health Sub-Centre,1.93,unit,CTR-0193,6769417.1,6176000.0,2022-03-08,2022-06-01,2022-07-14,2023-07-30,2023-08-07,378,25.2073,85.1311,False,
MPLAD-02787,Jaipur Rural,Rajasthan,School Building Repair,1.81,unit,CTR-0018,1454754.78,1629000.0,2022-01-28,2022-03-28,2022-04-20,2022-08-20,2022-09-18,129,27.0374,75.9547,False,
MPLAD-02788,Pune,Maharashtra,Drinking Water Supply,0.76,unit,CTR-0018,1039627.57,912000.0,2022-03-27,2022-05-06,2022-06-02,2022-07-26,2022-07-21,48,19.1778,72.5661,False,
MPLAD-02789,Bhubaneswar,Odisha,Road Construction,1.28,km,CTR-0047,1071184.11,1088000.0,2022-03-16,2022-04-29,2022-05-12,2022-09-13,2022-10-12,125,20.5097,85.9794,False,
MPLAD-02790,Bhubaneswar,Odisha,School Building Repair,0.59,unit,CTR-0111,552148.1,531000.0,2024-12-08,2025-03-06,2025-03-31,2025-06-01,2025-05-31,50,20.6942,86.0811,False,
MPLAD-02791,Pune,Maharashtra,Road Construction,1.91,km,CTR-0055,1778433.62,1623500.0,2023-03-23,2023-06-14,2023-07-18,2024-01-14,2024-01-21,178,18.6213,72.4999,False,
MPLAD-02792,Secunderabad,Telangana,Community Hall,2.16,unit,CTR-0146,10645407.22,5400000.0,2024-07-05,2024-07-21,2024-08-06,2025-09-06,2025-09-25,376,17.1424,78.1668,True,cost_inflation
MPLAD-02793,Kota,Rajasthan,Drinking Water Supply,1.88,unit,CTR-0021,1996934.33,2256000.0,2022-08-04,2022-08-28,2022-10-02,2023-01-29,2023-01-27,108,26.7411,76.1292,False,
MPLAD-02794,Jaipur Rural,Rajasthan,School Building Repair,1.98,unit,CTR-0019,2042637.98,1782000.0,2022-10-04,2022-10-23,2022-11-11,2023-04-14,2023-04-18,167,26.9307,76.2826,False,
MPLAD-02795,Jaipur Rural,Rajasthan,Health Sub-Centre,0.58,unit,CTR-0070,1857938.47,1856000.0,2023-01-16,2023-03-02,2023-03-07,2023-06-30,2023-06-25,117,26.7781,75.7888,False,
MPLAD-02796,Bhubaneswar,Odisha,Street Lighting,0.92,unit,CTR-0165,446245.15,414000.0,2022-12-25,2023-02-26,2023-03-23,2023-04-21,2023-05-15,28,19.8641,86.2234,False,
MPLAD-02797,Gaya,Bihar,Health Sub-Centre,2.87,unit,CTR-0123,9729566.86,9184000.0,2023-09-26,2023-11-20,2023-12-09,2025-05-09,2025-05-15,479,25.4554,85.3192,False,
MPLAD-02798,Pune,Maharashtra,Drinking Water Supply,2.87,unit,CTR-0208,3462812.51,3444000.0,2023-10-24,2023-11-25,2023-12-26,2024-07-01,2024-06-29,162,19.3072,73.2164,False,
MPLAD-02799,Madurai,Tamil Nadu,Road Construction,2.55,km,CTR-0027,2046991.98,2167500.0,2023-05-27,2023-07-10,2023-08-18,2024-06-05,2024-06-04,235,10.8198,78.0278,False,
MPLAD-02800,Nalgonda,Telangana,School Building Repair,1.42,unit,CTR-0167,1339734.59,1278000.0,2024-12-25,2025-01-10,2025-02-22,2025-07-05,2025-08-01,119,17.6352,78.9925,False,
MPLAD-02801,Varanasi,Uttar Pradesh,Community Hall,1.31,unit,CTR-0112,2843223.1,3275000.0,2023-10-18,2024-01-06,2024-02-07,2024-08-28,2024-09-11,221,27.0466,81.2999,False,
MPLAD-02802,Kanpur,Uttar Pradesh,Drainage System,1.85,km,CTR-0200,1821770.59,2035000.0,2024-01-07,2024-02-08,2024-03-01,2024-10-08,2024-10-31,183,26.3536,80.4771,False,
MPLAD-02803,Patna Sahib,Bihar,Health Sub-Centre,1.68,unit,CTR-0185,5425135.61,5376000.0,2022-10-01,2022-12-06,2022-12-23,2024-01-25,2024-01-20,358,25.9239,84.8025,False,
MPLAD-02804,Pune,Maharashtra,Drinking Water Supply,2.68,unit,CTR-0190,2873827.75,3216000.0,2022-08-14,2022-11-04,2022-12-03,2023-05-30,2023-06-26,148,19.5093,72.7778,False,
MPLAD-02805,Varanasi,Uttar Pradesh,Drainage System,1.54,km,CTR-0124,1849220.93,1694000.0,2023-03-18,2023-06-01,2023-06-07,2023-12-03,2024-01-02,182,26.6445,81.3936,False,
MPLAD-02806,Jaipur Rural,Rajasthan,Health Sub-Centre,2.68,unit,CTR-0193,7766650.73,8576000.0,2023-01-23,2023-02-22,2023-04-07,2024-08-08,2024-08-20,509,26.4903,76.0942,False,
MPLAD-02807,Kanpur,Uttar Pradesh,Drainage System,2.38,km,CTR-0071,2226066.85,2618000.0,2024-03-13,2024-04-20,2024-05-17,2025-02-20,2025-03-03,281,27.1675,80.4948,True,contractor_collusion
MPLAD-02808,Varanasi,Uttar Pradesh,Drinking Water Supply,2.61,unit,CTR-0017,3238096.01,3132000.0,2024-12-21,2025-02-04,2025-02-14,2025-07-19,2025-07-14,155,26.3512,80.6322,False,
MPLAD-02809,Kanpur,Uttar Pradesh,Road Construction,1.76,km,CTR-0041,1465074.31,1496000.0,2023-09-13,2023-09-29,2023-10-23,2024-05-05,2024-03-06,151,27.2512,80.7603,True,payment_timing
MPLAD-02810,Nagpur,Maharashtra,Street Lighting,1.59,unit,CTR-0183,638071.82,715500.0,2024-01-21,2024-02-12,2024-03-21,2024-05-08,2024-06-06,45,19.0078,72.9362,False,
MPLAD-02811,Kanpur,Uttar Pradesh,Drainage System,1.47,km,CTR-0071,1706851.44,1617000.0,2022-12-25,2023-02-04,2023-02-10,2023-08-04,2023-08-22,155,26.8444,80.5771,False,
MPLAD-02812,Gaya,Bihar,Drinking Water Supply,2.83,unit,CTR-0120,3563470.0,3396000.0,2022-06-09,2022-08-13,2022-08-30,2023-02-17,2023-03-19,172,25.3935,84.6419,False,
MPLAD-02813,Gaya,Bihar,Drainage System,1.79,km,CTR-0039,1682086.08,1969000.0,2024-04-09,2024-06-02,2024-07-15,2025-01-25,2025-02-07,211,25.8829,85.2675,False,
MPLAD-02814,Pune,Maharashtra,Road Construction,1.58,km,CTR-0024,1543942.27,1343000.0,2023-04-01,2023-04-20,2023-05-09,2023-11-01,2023-10-30,138,19.3133,73.0897,False,
MPLAD-02815,Madurai,Tamil Nadu,Community Hall,1.58,unit,CTR-0097,4524408.09,3950000.0,2024-12-09,2025-01-28,2025-02-25,2026-02-08,2026-02-22,282,10.5724,78.3501,False,
MPLAD-02816,Jaipur Rural,Rajasthan,Drinking Water Supply,2.78,unit,CTR-0158,3689819.38,3336000.0,2022-11-30,2023-02-26,2023-03-25,2023-08-28,2023-08-29,168,27.0339,75.8115,False,
MPLAD-02817,Nalgonda,Telangana,Road Construction,2.33,km,CTR-0098,2143378.73,1980500.0,2022-05-04,2022-06-11,2022-07-10,2023-04-29,2023-04-03,234,17.3188,78.0176,True,payment_timing
MPLAD-02818,Pune,Maharashtra,Street Lighting,1.0,unit,CTR-0086,494457.03,450000.0,2024-02-17,2024-03-20,2024-04-13,2024-05-15,2024-05-11,32,19.0164,73.0265,False,
MPLAD-02819,Patna Sahib,Bihar,Drinking Water Supply,2.68,unit,CTR-0121,2946674.99,3216000.0,2022-06-05,2022-08-14,2022-09-10,2023-02-25,2023-03-03,183,26.0112,84.8738,False,
MPLAD-02820,Kota,Rajasthan,Health Sub-Centre,0.99,unit,CTR-0147,2945679.35,3168000.0,2022-01-29,2022-04-12,2022-04-21,2022-11-18,2022-11-13,173,27.087,76.0559,False,
MPLAD-02821,Nalgonda,Telangana,Drinking Water Supply,1.11,unit,CTR-0044,1395448.35,1332000.0,2022-03-04,2022-05-12,2022-06-13,2022-09-06,2022-09-17,79,17.4409,78.234,False,
MPLAD-02822,Madurai,Tamil Nadu,Community Hall,1.75,unit,CTR-0032,3824509.85,4375000.0,2023-10-11,2023-12-10,2023-12-31,2024-11-18,2024-11-17,271,10.6707,78.5191,False,
MPLAD-02823,Secunderabad,Telangana,Drainage System,2.4,km,CTR-0058,2384796.32,2640000.0,2023-01-04,2023-03-24,2023-05-03,2023-11-19,2023-11-25,216,16.9476,78.5865,True,contractor_collusion
MPLAD-02824,Bhubaneswar,Odisha,Road Construction,2.68,km,CTR-0113,2310491.06,2278000.0,2022-11-20,2023-01-27,2023-03-11,2023-11-07,2023-11-23,225,20.7649,86.151,False,
MPLAD-02825,Coimbatore,Tamil Nadu,School Building Repair,2.28,unit,CTR-0007,1915679.98,2052000.0,2022-05-10,2022-06-23,2022-08-05,2023-02-23,2023-02-21,199,10.7471,78.5642,True,contractor_collusion
MPLAD-02826,Madurai,Tamil Nadu,Drainage System,1.72,km,CTR-0044,1948960.98,1892000.0,2023-05-06,2023-07-31,2023-08-19,2024-03-22,2024-04-04,196,10.7957,78.3587,False,
MPLAD-02827,Bhubaneswar,Odisha,Drainage System,1.7,km,CTR-0060,4441701.89,1870000.0,2023-06-29,2023-08-02,2023-09-11,2024-03-28,2024-04-25,166,19.8192,85.5248,True,cost_inflation
MPLAD-02828,Bhubaneswar,Odisha,Drinking Water Supply,1.22,unit,CTR-0025,1425115.29,1464000.0,2022-09-20,2022-12-19,2022-12-26,2023-03-14,2023-03-10,71,20.1327,85.3572,False,
MPLAD-02829,Kota,Rajasthan,Drainage System,1.74,km,CTR-0219,3584501.1,1914000.0,2023-10-08,2023-11-07,2023-12-17,2024-06-11,2024-06-19,187,26.8666,75.4704,True,cost_inflation
MPLAD-02830,Varanasi,Uttar Pradesh,Drinking Water Supply,1.68,unit,CTR-0066,2131439.67,2016000.0,2022-05-27,2022-08-10,2022-08-22,2022-12-17,2022-12-28,107,27.1541,80.4099,False,
MPLAD-02831,Patna Sahib,Bihar,Drinking Water Supply,1.82,unit,CTR-0101,2439308.17,2184000.0,2024-12-21,2025-02-24,2025-03-22,2025-08-09,2025-09-04,120,25.8543,85.0789,False,
MPLAD-02832,Gaya,Bihar,Street Lighting,1.44,unit,CTR-0104,551754.91,648000.0,2024-03-17,2024-05-19,2024-05-27,2024-07-14,2024-08-08,40,25.3633,84.748,False,
MPLAD-02833,Nalgonda,Telangana,Street Lighting,1.59,unit,CTR-0050,735722.62,715500.0,2022-11-12,2023-01-11,2023-01-24,2023-03-24,2023-04-06,49,16.9047,78.2159,False,
MPLAD-02834,Warangal,Telangana,Drinking Water Supply,1.49,unit,CTR-0036,1935056.78,1788000.0,2024-06-22,2024-08-23,2024-09-05,2024-12-17,2025-01-08,88,17.3187,78.2897,False,
MPLAD-02835,Kanpur,Uttar Pradesh,Road Construction,1.57,km,CTR-0026,1294618.27,1334500.0,2024-07-30,2024-09-23,2024-10-07,2025-03-05,2025-04-04,149,26.3671,80.7383,False,
MPLAD-02836,Secunderabad,Telangana,Drinking Water Supply,1.08,unit,CTR-0132,1340041.89,1296000.0,2024-01-03,2024-02-17,2024-03-31,2024-05-29,2024-06-18,57,16.9418,78.6535,False,
MPLAD-02837,Secunderabad,Telangana,Community Hall,2.59,unit,CTR-0144,7212497.33,6475000.0,2022-03-03,2022-03-29,2022-04-08,2023-04-25,2023-05-21,382,17.7358,78.3046,False,
MPLAD-02838,Coimbatore,Tamil Nadu,Drinking Water Supply,2.67,unit,CTR-0173,3155486.24,3204000.0,2023-07-19,2023-10-17,2023-11-30,2024-04-30,2024-05-21,166,10.9588,77.6679,False,
MPLAD-02839,Madurai,Tamil Nadu,Health Sub-Centre,2.94,unit,CTR-0100,8946232.79,9408000.0,2024-07-12,2024-08-25,2024-10-08,2026-05-12,2026-05-09,552,11.1633,78.3733,False,
MPLAD-02840,Jaipur Rural,Rajasthan,Drinking Water Supply,2.77,unit,CTR-0053,3225741.73,3324000.0,2022-07-17,2022-08-07,2022-09-14,2023-05-13,2023-05-09,194,26.6933,75.4095,False,
MPLAD-02841,Gaya,Bihar,Drinking Water Supply,2.1,unit,CTR-0160,2815147.79,2520000.0,2022-11-27,2022-12-25,2023-01-31,2023-02-27,2023-03-03,114,25.5563,85.0539,True,ghost_project
MPLAD-02842,Warangal,Telangana,Street Lighting,1.66,unit,CTR-0130,686851.39,747000.0,2022-05-24,2022-06-23,2022-06-30,2022-08-16,2022-09-01,47,17.3397,78.5559,False,
MPLAD-02843,Cuttack,Odisha,School Building Repair,2.85,unit,CTR-0029,2476534.53,2565000.0,2022-11-24,2023-02-17,2023-02-26,2023-11-25,2023-10-15,243,20.641,85.8868,True,payment_timing
MPLAD-02844,Kota,Rajasthan,Health Sub-Centre,2.1,unit,CTR-0160,6788600.46,6720000.0,2022-12-04,2023-01-21,2023-03-03,2024-07-03,2024-07-02,381,27.0245,75.7043,False,
MPLAD-02845,Warangal,Telangana,Drinking Water Supply,2.19,unit,CTR-0090,2675508.46,2628000.0,2024-01-24,2024-03-03,2024-04-06,2024-09-08,2024-09-06,131,17.6062,78.2781,False,
MPLAD-02846,Kanpur,Uttar Pradesh,School Building Repair,1.3,unit,CTR-0071,1192985.39,1170000.0,2022-02-14,2022-05-03,2022-05-15,2022-09-15,2022-09-26,115,26.5553,81.11,True,contractor_collusion
MPLAD-02847,Nalgonda,Telangana,Drinking Water Supply,0.65,unit,CTR-0002,1865707.14,780000.0,2024-06-29,2024-08-30,2024-09-30,2024-11-01,2024-11-11,35,17.6742,78.9949,True,cost_inflation
MPLAD-02848,Nalgonda,Telangana,Health Sub-Centre,2.42,unit,CTR-0114,7993203.07,7744000.0,2024-04-21,2024-07-12,2024-07-27,2025-08-30,2025-09-29,412,17.4033,78.8984,False,
MPLAD-02849,Secunderabad,Telangana,Drinking Water Supply,2.36,unit,CTR-0053,2626926.21,2832000.0,2024-09-21,2024-12-18,2025-01-30,2025-06-23,2025-07-11,151,17.0149,78.8527,False,
MPLAD-02850,Coimbatore,Tamil Nadu,School Building Repair,1.53,unit,CTR-0007,1431144.88,1377000.0,2023-07-19,2023-09-29,2023-10-27,2024-03-20,2024-04-13,132,11.3363,78.3022,False,
MPLAD-02851,Pune,Maharashtra,Community Hall,2.77,unit,CTR-0124,16635442.72,6925000.0,2023-10-23,2023-12-01,2024-01-12,2025-08-06,2025-08-10,478,18.9546,73.1139,True,cost_inflation
MPLAD-02852,Jaipur Rural,Rajasthan,Health Sub-Centre,0.8,unit,CTR-0118,2424688.05,2560000.0,2022-01-05,2022-02-02,2022-03-09,2022-08-18,2022-08-27,160,27.1006,75.5572,False,
MPLAD-02853,Patna Sahib,Bihar,Community Hall,2.89,unit,CTR-0097,6268855.93,7225000.0,2023-02-16,2023-03-15,2023-04-15,2024-08-27,2024-09-22,427,25.5648,84.7477,False,
MPLAD-02854,Jaipur Rural,Rajasthan,Road Construction,2.98,km,CTR-0029,2822785.19,2533000.0,2024-08-17,2024-09-14,2024-10-17,2025-08-20,2025-09-04,287,26.4093,76.1733,False,
MPLAD-02855,Coimbatore,Tamil Nadu,Community Hall,2.3,unit,CTR-0146,6468935.39,5750000.0,2023-03-08,2023-05-27,2023-07-06,2024-09-16,2024-10-12,381,11.4084,78.0072,False,
MPLAD-02856,Secunderabad,Telangana,Health Sub-Centre,0.59,unit,CTR-0113,2022940.59,1888000.0,2022-05-28,2022-08-01,2022-09-15,2023-01-28,2023-02-06,105,17.4746,78.3186,False,
MPLAD-02857,Varanasi,Uttar Pradesh,School Building Repair,0.82,unit,CTR-0124,2045135.7,738000.0,2024-02-26,2024-05-10,2024-06-16,2024-08-22,2024-08-19,70,26.9821,80.8358,True,cost_inflation
MPLAD-02858,Patna Sahib,Bihar,Road Construction,2.49,km,CTR-0182,2021842.37,2116500.0,2023-01-14,2023-03-20,2023-03-29,2023-11-28,2023-11-24,246,25.8016,85.4708,False,
MPLAD-02859,Bhubaneswar,Odisha,Road Construction,0.89,km,CTR-0035,817958.45,756500.0,2024-06-03,2024-08-06,2024-09-08,2024-11-25,2024-12-10,73,20.0865,85.3043,False,
MPLAD-02860,Secunderabad,Telangana,Drainage System,2.07,km,CTR-0058,2380782.84,2277000.0,2024-04-23,2024-07-19,2024-08-10,2025-03-23,2025-04-01,228,17.6013,78.945,True,contractor_collusion
MPLAD-02861,Jaipur Rural,Rajasthan,Road Construction,2.16,km,CTR-0141,1762023.72,1836000.0,2023-05-07,2023-07-27,2023-08-03,2024-05-18,2024-06-10,226,26.6244,75.4157,False,
MPLAD-02862,Jaipur Rural,Rajasthan,Health Sub-Centre,1.89,unit,CTR-0220,6837940.74,6048000.0,2024-02-28,2024-04-20,2024-05-17,2025-06-05,2025-04-28,372,26.5334,75.4102,True,payment_timing
MPLAD-02863,Coimbatore,Tamil Nadu,Road Construction,1.41,km,CTR-0007,1197682.37,1198500.0,2022-11-17,2023-01-18,2023-01-25,2023-06-16,2023-07-15,127,10.9927,78.3978,True,contractor_collusion
MPLAD-02864,Patna Sahib,Bihar,Community Hall,1.97,unit,CTR-0173,5423465.76,4925000.0,2024-06-07,2024-07-14,2024-08-08,2025-09-06,2025-09-10,351,25.9743,84.8465,False,
MPLAD-02865,Gaya,Bihar,Road Construction,0.97,km,CTR-0166,865439.41,824500.0,2022-06-28,2022-09-12,2022-10-24,2023-01-30,2023-02-22,79,25.7948,84.9632,False,
MPLAD-02866,Jaipur Rural,Rajasthan,Community Hall,1.13,unit,CTR-0134,2684802.72,2825000.0,2022-12-20,2023-03-03,2023-03-20,2023-08-23,2023-09-03,155,27.2072,75.6342,False,
MPLAD-02867,Warangal,Telangana,Drainage System,1.56,km,CTR-0127,1540712.45,1716000.0,2023-07-05,2023-09-11,2023-09-21,2024-02-25,2024-03-15,149,16.9769,78.1487,False,
MPLAD-02868,Madurai,Tamil Nadu,School Building Repair,1.12,unit,CTR-0086,1102472.13,1008000.0,2023-06-20,2023-08-31,2023-09-07,2023-12-09,2023-10-27,78,10.5948,78.5896,True,payment_timing
MPLAD-02869,Warangal,Telangana,Drainage System,2.3,km,CTR-0164,2205377.0,2530000.0,2023-07-13,2023-08-02,2023-09-11,2024-06-15,2024-06-26,244,17.1463,78.7681,False,
MPLAD-02870,Cuttack,Odisha,Health Sub-Centre,2.32,unit,CTR-0166,7943543.52,7424000.0,2022-10-06,2022-12-11,2023-01-17,2024-01-20,2024-01-30,390,19.8083,85.3142,False,
MPLAD-02871,Kota,Rajasthan,Drinking Water Supply,2.52,unit,CTR-0139,3122000.6,3024000.0,2024-11-06,2024-11-26,2025-01-04,2025-05-12,2025-05-08,136,26.5926,75.5826,False,
MPLAD-02872,Nalgonda,Telangana,Drinking Water Supply,2.6,unit,CTR-0142,2757118.36,3120000.0,2022-04-09,2022-06-06,2022-07-05,2023-02-14,2023-02-23,174,17.2413,78.6416,False,
MPLAD-02873,Gaya,Bihar,Drainage System,2.51,km,CTR-0208,2835794.62,2761000.0,2022-08-05,2022-09-19,2022-09-28,2023-06-10,2023-07-01,272,25.6684,85.018,False,
MPLAD-02874,Warangal,Telangana,Drainage System,2.89,km,CTR-0164,2979306.81,3179000.0,2024-07-06,2024-09-13,2024-10-04,2025-07-15,2025-07-17,297,17.049,78.6854,False,
MPLAD-02875,Kanpur,Uttar Pradesh,Health Sub-Centre,0.63,unit,CTR-0041,2208475.42,2016000.0,2024-11-08,2025-02-02,2025-02-23,2025-06-27,2025-07-12,110,26.8988,81.2472,False,
MPLAD-02876,Nagpur,Maharashtra,Health Sub-Centre,0.5,unit,CTR-0039,1467564.13,1600000.0,2023-06-16,2023-08-25,2023-09-22,2024-01-06,2023-12-01,100,19.0954,73.3015,True,payment_timing
MPLAD-02877,Patna Sahib,Bihar,School Building Repair,2.63,unit,CTR-0126,2664544.1,2367000.0,2023-03-09,2023-03-26,2023-04-18,2024-01-19,2024-02-05,214,25.9494,84.9032,False,
MPLAD-02878,Pune,Maharashtra,Street Lighting,1.49,unit,CTR-0193,700520.69,670500.0,2023-12-22,2024-01-11,2024-02-18,2024-04-04,2024-04-19,44,18.79,73.2877,False,
MPLAD-02879,Kanpur,Uttar Pradesh,Health Sub-Centre,2.99,unit,CTR-0071,10983731.75,9568000.0,2024-09-28,2024-12-01,2024-12-22,2026-08-02,2026-08-08,628,26.7132,81.2926,False,
MPLAD-02880,Bhubaneswar,Odisha,Health Sub-Centre,1.41,unit,CTR-0200,4175353.49,4512000.0,2022-08-31,2022-11-18,2022-11-23,2023-10-03,2023-10-30,268,20.0001,85.5454,False,
MPLAD-02881,Kota,Rajasthan,Road Construction,1.42,km,CTR-0057,1255336.46,1207000.0,2022-10-16,2022-12-30,2023-02-05,2023-07-20,2023-08-18,149,27.3279,75.425,False,
MPLAD-02882,Nagpur,Maharashtra,School Building Repair,1.43,unit,CTR-0099,1330716.06,1287000.0,2024-04-29,2024-06-01,2024-07-05,2024-10-22,2024-10-27,102,18.7389,72.8143,False,
MPLAD-02883,Secunderabad,Telangana,Health Sub-Centre,2.76,unit,CTR-0060,27088796.91,8832000.0,2023-12-07,2024-02-03,2024-03-19,2025-11-27,2025-12-27,477,17.7212,78.7791,True,cost_inflation
MPLAD-02884,Cuttack,Odisha,Health Sub-Centre,2.63,unit,CTR-0211,7492431.62,8416000.0,2022-06-30,2022-09-11,2022-10-17,2024-01-24,2024-01-20,498,20.2205,85.864,False,
MPLAD-02885,Secunderabad,Telangana,Road Construction,2.4,km,CTR-0170,4291644.48,2040000.0,2024-01-18,2024-02-29,2024-03-22,2024-10-17,2024-10-30,223,17.5965,78.6213,True,cost_inflation
MPLAD-02886,Coimbatore,Tamil Nadu,Community Hall,1.82,unit,CTR-0212,5011341.56,4550000.0,2024-08-17,2024-11-13,2024-12-28,2025-10-05,2025-10-27,306,10.922,78.0864,False,
MPLAD-02887,Jaipur Rural,Rajasthan,School Building Repair,2.09,unit,CTR-0166,2022727.24,1881000.0,2022-07-19,2022-08-13,2022-08-21,2023-02-13,2023-03-15,173,26.6305,75.5503,False,
MPLAD-02888,Kota,Rajasthan,Health Sub-Centre,1.49,unit,CTR-0045,5186185.12,4768000.0,2024-07-04,2024-09-17,2024-10-22,2025-10-11,2025-10-28,292,27.0444,75.4884,False,
MPLAD-02889,Secunderabad,Telangana,Drinking Water Supply,1.03,unit,CTR-0058,1134392.2,1236000.0,2022-10-02,2022-11-19,2022-12-02,2023-02-08,2023-03-06,66,17.3769,78.77,True,contractor_collusion
MPLAD-02890,Pune,Maharashtra,School Building Repair,0.62,unit,CTR-0087,640883.69,558000.0,2024-12-03,2025-02-23,2025-03-22,2025-05-09,2025-05-10,50,19.5357,72.682,False,
MPLAD-02891,Kanpur,Uttar Pradesh,Road Construction,1.83,km,CTR-0049,1593968.67,1555500.0,2024-12-30,2025-03-17,2025-04-25,2025-11-16,2025-11-30,167,26.4763,81.1838,False,
MPLAD-02892,Pune,Maharashtra,Health Sub-Centre,1.66,unit,CTR-0074,5949783.48,5312000.0,2023-05-21,2023-07-22,2023-08-28,2024-09-25,2024-10-09,324,19.0471,72.8748,False,
MPLAD-02893,Coimbatore,Tamil Nadu,Street Lighting,1.11,unit,CTR-0213,512948.0,499500.0,2023-05-10,2023-06-10,2023-07-25,2023-08-25,2023-09-09,34,10.8105,77.6812,False,
MPLAD-02894,Coimbatore,Tamil Nadu,Drainage System,2.88,km,CTR-0152,3083898.53,3168000.0,2024-07-15,2024-10-05,2024-10-14,2025-10-30,2025-11-27,344,11.2874,77.8152,False,
MPLAD-02895,Bhubaneswar,Odisha,Road Construction,2.67,km,CTR-0058,2150738.08,2269500.0,2023-11-03,2024-01-31,2024-02-13,2024-12-24,2024-12-23,267,19.9148,85.8603,False,
MPLAD-02896,Kanpur,Uttar Pradesh,Community Hall,2.9,unit,CTR-0086,6274858.46,7250000.0,2024-08-01,2024-09-12,2024-10-18,2026-03-18,2026-04-09,472,26.4376,81.0747,False,
MPLAD-02897,Nagpur,Maharashtra,Health Sub-Centre,2.71,unit,CTR-0098,8289770.99,8672000.0,2024-10-07,2024-12-20,2025-01-30,2026-06-27,2026-07-22,550,19.154,73.0317,False,
MPLAD-02898,Secunderabad,Telangana,Health Sub-Centre,1.88,unit,CTR-0058,6277343.06,6016000.0,2022-03-03,2022-03-30,2022-04-20,2023-02-11,2023-03-04,306,17.5678,78.5962,True,contractor_collusion
MPLAD-02899,Jaipur Rural,Rajasthan,Drinking Water Supply,1.97,unit,CTR-0083,2085766.75,2364000.0,2022-03-29,2022-06-24,2022-07-24,2022-12-17,2022-12-12,136,27.0638,75.3079,False,
MPLAD-02900,Patna Sahib,Bihar,Drainage System,2.24,km,CTR-0132,2759835.88,2464000.0,2022-12-24,2023-03-10,2023-04-02,2023-12-31,2023-12-02,219,25.5235,85.3038,True,payment_timing
MPLAD-02901,Kota,Rajasthan,Health Sub-Centre,2.63,unit,CTR-0051,9551783.14,8416000.0,2024-07-24,2024-08-23,2024-10-04,2026-03-02,2026-03-18,474,26.4639,75.9525,False,
MPLAD-02902,Kanpur,Uttar Pradesh,Drinking Water Supply,1.32,unit,CTR-0061,1795248.66,1584000.0,2024-07-05,2024-09-19,2024-10-25,2025-01-21,2025-02-01,82,26.82,80.92,True,geo_clustering
MPLAD-02903,Bhubaneswar,Odisha,Health Sub-Centre,1.34,unit,CTR-0197,4743652.05,4288000.0,2023-02-28,2023-03-23,2023-03-28,2023-11-27,2023-12-20,240,20.3993,85.5568,False,
MPLAD-02904,Warangal,Telangana,School Building Repair,2.07,unit,CTR-0176,2068368.58,1863000.0,2024-04-25,2024-05-20,2024-06-30,2024-12-06,2024-12-31,140,17.7424,78.9964,False,
MPLAD-02905,Gaya,Bihar,Drainage System,2.41,km,CTR-0155,2915457.14,2651000.0,2022-11-07,2022-12-03,2023-01-06,2023-08-17,2023-08-22,236,25.3898,84.8303,False,
MPLAD-02906,Pune,Maharashtra,Street Lighting,1.11,unit,CTR-0208,572861.97,499500.0,2022-11-11,2023-01-09,2023-01-26,2023-02-26,2023-03-16,30,19.3151,73.2836,False,
MPLAD-02907,Coimbatore,Tamil Nadu,School Building Repair,1.72,unit,CTR-0098,1464489.7,1548000.0,2022-07-11,2022-08-02,2022-09-07,2022-12-28,2023-01-06,116,11.1525,77.8975,False,
MPLAD-02908,Varanasi,Uttar Pradesh,School Building Repair,1.54,unit,CTR-0186,1460190.76,1386000.0,2023-01-11,2023-03-15,2023-03-25,2023-08-07,2023-08-15,135,26.9563,81.0702,False,
MPLAD-02909,Nagpur,Maharashtra,Health Sub-Centre,0.94,unit,CTR-0102,3424972.95,3008000.0,2024-03-18,2024-05-10,2024-05-31,2024-11-19,2024-11-16,174,19.1831,72.4636,False,
MPLAD-02910,Gaya,Bihar,Drinking Water Supply,1.04,unit,CTR-0103,1066981.3,1248000.0,2023-02-16,2023-04-21,2023-05-05,2023-07-23,2023-07-25,67,25.8925,84.6538,False,
MPLAD-02911,Varanasi,Uttar Pradesh,School Building Repair,1.61,unit,CTR-0015,1432620.75,1449000.0,2022-04-24,2022-06-16,2022-07-23,2022-11-26,2022-12-04,134,27.0409,80.7639,False,
MPLAD-02912,Kanpur,Uttar Pradesh,Health Sub-Centre,2.32,unit,CTR-0177,7977736.94,7424000.0,2023-05-20,2023-07-27,2023-08-24,2025-05-19,2025-06-13,499,27.2219,81.2868,False,
MPLAD-02913,Patna Sahib,Bihar,Street Lighting,2.37,unit,CTR-0149,1032126.82,1066500.0,2022-05-06,2022-07-02,2022-07-30,2022-10-12,2022-10-09,73,25.5742,85.5857,False,
MPLAD-02914,Gaya,Bihar,Street Lighting,2.41,unit,CTR-0156,1224546.28,1084500.0,2023-01-10,2023-03-27,2023-04-01,2023-06-05,2023-06-08,71,25.6739,84.8169,False,
MPLAD-02915,Kanpur,Uttar Pradesh,Road Construction,1.77,km,CTR-0101,1366854.41,1504500.0,2024-05-11,2024-05-28,2024-06-12,2024-11-26,2024-12-18,181,27.0578,81.2443,False,
MPLAD-02916,Jaipur Rural,Rajasthan,Drinking Water Supply,0.71,unit,CTR-0124,758810.18,852000.0,2022-05-19,2022-08-09,2022-08-31,2022-10-13,2022-10-31,45,26.4631,75.8904,False,
MPLAD-02917,Warangal,Telangana,Health Sub-Centre,2.97,unit,CTR-0171,9117911.72,9504000.0,2022-11-17,2022-12-21,2023-01-09,2024-11-08,2024-11-26,569,17.7829,78.6908,False,
MPLAD-02918,Pune,Maharashtra,School Building Repair,2.67,unit,CTR-0007,2690097.98,2403000.0,2022-11-06,2022-12-09,2023-01-18,2023-09-06,2023-09-12,191,19.2084,72.6228,False,
MPLAD-02919,Kota,Rajasthan,Community Hall,1.6,unit,CTR-0219,4134959.56,4000000.0,2023-02-02,2023-04-02,2023-05-15,2024-01-28,2024-02-11,223,26.8844,75.4566,False,
MPLAD-02920,Bhubaneswar,Odisha,Drinking Water Supply,1.75,unit,CTR-0189,2044786.88,2100000.0,2023-10-20,2023-11-08,2023-12-12,2024-04-24,2024-05-22,115,20.0454,86.0582,False,
MPLAD-02921,Kota,Rajasthan,Road Construction,2.31,km,CTR-0091,1698003.55,1963500.0,2024-09-10,2024-11-04,2024-12-04,2025-08-24,2025-09-10,220,27.1502,76.0472,False,
MPLAD-02922,Pune,Maharashtra,Road Construction,1.3,km,CTR-0004,942743.16,1105000.0,2024-05-11,2024-07-27,2024-09-08,2025-01-01,2025-01-12,105,18.8536,72.8352,False,
MPLAD-02923,Kota,Rajasthan,School Building Repair,2.43,unit,CTR-0208,2218527.77,2187000.0,2023-02-02,2023-04-07,2023-05-22,2023-11-28,2023-12-14,187,26.6422,75.5193,False,
MPLAD-02924,Jaipur Rural,Rajasthan,School Building Repair,2.36,unit,CTR-0071,2065647.68,2124000.0,2024-09-09,2024-12-06,2024-12-20,2025-06-02,2025-05-19,171,27.3199,75.4703,True,payment_timing
MPLAD-02925,Nalgonda,Telangana,Drinking Water Supply,1.05,unit,CTR-0047,1180684.23,1260000.0,2024-10-18,2024-12-03,2024-12-26,2025-03-22,2025-03-20,67,17.2231,78.1646,False,
MPLAD-02926,Patna Sahib,Bihar,Road Construction,0.51,km,CTR-0163,430019.61,433500.0,2022-02-24,2022-05-11,2022-06-21,2022-08-13,2022-08-12,50,25.3697,85.5495,False,
MPLAD-02927,Gaya,Bihar,Community Hall,0.54,unit,CTR-0097,1363216.45,1350000.0,2023-10-12,2024-01-09,2024-01-21,2024-05-02,2024-05-02,90,25.5391,84.898,False,
MPLAD-02928,Gaya,Bihar,Community Hall,1.41,unit,CTR-0112,3645552.48,3525000.0,2024-12-15,2025-02-12,2025-03-22,2025-11-25,2025-12-09,230,25.606,85.1956,False,
MPLAD-02929,Bhubaneswar,Odisha,Drainage System,1.63,km,CTR-0093,1655695.8,1793000.0,2023-06-03,2023-07-21,2023-08-11,2024-04-04,2024-04-23,185,19.8645,85.7351,False,
MPLAD-02930,Secunderabad,Telangana,Drinking Water Supply,1.13,unit,CTR-0058,1346534.06,1356000.0,2024-06-17,2024-07-22,2024-08-01,2024-10-02,2024-10-29,65,17.1742,78.4551,False,
MPLAD-02931,Madurai,Tamil Nadu,Road Construction,2.79,km,CTR-0220,2073675.26,2371500.0,2024-11-29,2025-02-12,2025-03-10,2025-12-15,2026-01-13,267,11.3483,77.8209,False,
MPLAD-02932,Nagpur,Maharashtra,Health Sub-Centre,2.1,unit,CTR-0011,5769391.44,6720000.0,2022-01-26,2022-03-22,2022-04-14,2023-04-08,2023-04-10,346,19.0382,72.7798,False,
MPLAD-02933,Nalgonda,Telangana,Drinking Water Supply,2.32,unit,CTR-0083,2422489.7,2784000.0,2023-09-13,2023-10-21,2023-11-13,2024-04-03,2024-04-28,134,17.0031,78.1347,False,
MPLAD-02934,Cuttack,Odisha,Community Hall,2.44,unit,CTR-0015,6581294.7,6100000.0,2023-02-19,2023-04-22,2023-05-09,2024-08-08,2024-08-26,366,20.4125,85.7723,False,
MPLAD-02935,Nagpur,Maharashtra,Health Sub-Centre,1.85,unit,CTR-0172,6044891.35,5920000.0,2022-11-17,2023-02-04,2023-02-20,2024-06-09,2024-06-11,399,19.1944,73.3162,False,
MPLAD-02936,Jaipur Rural,Rajasthan,Street Lighting,2.07,unit,CTR-0196,968637.21,931500.0,2022-10-27,2023-01-10,2023-01-27,2023-04-07,2023-04-29,65,26.6476,75.888,False,
MPLAD-02937,Nagpur,Maharashtra,Community Hall,2.53,unit,CTR-0165,6751434.76,6325000.0,2024-02-28,2024-05-05,2024-05-11,2025-09-18,2025-10-14,439,19.1032,72.7259,False,
MPLAD-02938,Madurai,Tamil Nadu,Road Construction,0.64,km,CTR-0194,567270.09,544000.0,2024-01-16,2024-02-05,2024-03-09,2024-05-14,2024-06-03,56,10.6571,78.2098,False,
MPLAD-02939,Coimbatore,Tamil Nadu,Health Sub-Centre,0.7,unit,CTR-0007,2528341.7,2240000.0,2023-01-08,2023-02-10,2023-03-12,2023-07-30,2023-08-22,135,11.0168,77.9456,True,contractor_collusion
MPLAD-02940,Varanasi,Uttar Pradesh,Street Lighting,0.7,unit,CTR-0172,300941.12,315000.0,2022-05-19,2022-07-31,2022-09-02,2022-09-24,2022-10-24,22,27.1402,81.3572,False,
MPLAD-02941,Secunderabad,Telangana,School Building Repair,2.09,unit,CTR-0058,1911255.38,1881000.0,2024-07-31,2024-08-19,2024-09-25,2025-04-15,2025-04-29,173,16.9071,78.3293,True,contractor_collusion
MPLAD-02942,Madurai,Tamil Nadu,Street Lighting,1.41,unit,CTR-0001,680498.89,634500.0,2024-09-04,2024-10-07,2024-11-08,2024-12-24,2025-01-11,42,10.5332,78.0534,False,
MPLAD-02943,Patna Sahib,Bihar,Road Construction,2.49,km,CTR-0022,2340037.6,2116500.0,2024-04-30,2024-07-11,2024-07-27,2025-02-24,2025-02-27,229,25.6347,84.9176,False,
MPLAD-02944,Jaipur Rural,Rajasthan,Street Lighting,0.57,unit,CTR-0201,289683.47,256500.0,2024-12-02,2025-01-28,2025-02-16,2025-03-06,2025-04-05,17,27.1709,75.4116,False,
MPLAD-02945,Nagpur,Maharashtra,Drainage System,1.28,km,CTR-0044,1290866.3,1408000.0,2023-05-10,2023-05-25,2023-06-26,2023-11-12,2023-11-09,119,19.4289,72.9292,False,
MPLAD-02946,Gaya,Bihar,Road Construction,1.15,km,CTR-0144,1101054.54,977500.0,2024-05-20,2024-08-09,2024-08-21,2024-12-04,2024-12-09,99,25.299,84.9947,False,
MPLAD-02947,Nalgonda,Telangana,School Building Repair,1.69,unit,CTR-0103,1462316.83,1521000.0,2023-12-30,2024-03-11,2024-03-31,2024-09-23,2024-10-08,148,17.1906,78.8109,False,
MPLAD-02948,Madurai,Tamil Nadu,Drainage System,2.17,km,CTR-0164,2345407.87,2387000.0,2022-09-25,2022-11-24,2022-11-29,2023-08-13,2023-08-19,253,10.8282,78.4251,False,
MPLAD-02949,Nagpur,Maharashtra,Drainage System,1.76,km,CTR-0189,1683173.03,1936000.0,2023-10-18,2023-12-13,2024-01-20,2024-08-13,2024-08-21,191,18.9426,72.9039,False,
MPLAD-02950,Jaipur Rural,Rajasthan,Health Sub-Centre,0.87,unit,CTR-0162,2806045.02,2784000.0,2022-08-22,2022-09-08,2022-10-01,2023-02-15,2023-02-13,147,27.1892,76.0351,False,
MPLAD-02951,Nagpur,Maharashtra,Drinking Water Supply,0.79,unit,CTR-0063,913580.52,948000.0,2022-09-01,2022-11-09,2022-11-21,2022-12-02,2022-12-02,49,19.2297,73.3692,True,ghost_project
MPLAD-02952,Varanasi,Uttar Pradesh,Drainage System,2.16,km,CTR-0113,2273566.29,2376000.0,2023-10-01,2023-11-27,2024-01-06,2024-07-25,2024-08-24,197,26.8872,80.5301,False,
MPLAD-02953,Bhubaneswar,Odisha,School Building Repair,2.06,unit,CTR-0147,1596556.02,1854000.0,2023-09-28,2023-11-21,2024-01-04,2024-06-19,2024-07-11,168,20.4491,86.0391,False,
MPLAD-02954,Bhubaneswar,Odisha,Drainage System,2.86,km,CTR-0130,3542692.66,3146000.0,2024-03-17,2024-04-28,2024-06-07,2025-03-06,2025-03-19,276,20.2872,86.1708,False,
MPLAD-02955,Madurai,Tamil Nadu,Drinking Water Supply,2.79,unit,CTR-0131,2943506.74,3348000.0,2023-03-29,2023-05-13,2023-06-09,2023-10-27,2023-11-09,152,11.3712,78.2679,False,
MPLAD-02956,Pune,Maharashtra,Drainage System,2.03,km,CTR-0201,2453934.21,2233000.0,2023-05-23,2023-06-11,2023-06-18,2024-02-18,2024-02-29,206,18.957,72.9917,False,
MPLAD-02957,Nalgonda,Telangana,Street Lighting,2.25,unit,CTR-0070,1125793.74,1012500.0,2024-05-04,2024-07-21,2024-09-04,2024-11-14,2024-11-29,74,17.0045,78.0102,False,
MPLAD-02958,Coimbatore,Tamil Nadu,Road Construction,1.95,km,CTR-0145,1878886.13,1657500.0,2024-10-16,2024-11-01,2024-12-13,2025-06-15,2025-06-17,168,11.3875,78.5696,False,
MPLAD-02959,Warangal,Telangana,Street Lighting,0.54,unit,CTR-0164,269093.15,243000.0,2024-02-17,2024-03-16,2024-04-01,2024-04-20,2024-05-08,17,16.9546,78.381,False,
MPLAD-02960,Secunderabad,Telangana,School Building Repair,0.78,unit,CTR-0060,779096.7,702000.0,2022-08-10,2022-09-10,2022-10-13,2022-12-11,2023-01-07,56,17.3524,78.1722,False,
MPLAD-02961,Madurai,Tamil Nadu,Health Sub-Centre,1.39,unit,CTR-0150,4445560.13,4448000.0,2023-09-25,2023-12-11,2024-01-02,2024-10-20,2024-11-19,280,10.5599,78.1641,False,
MPLAD-02962,Jaipur Rural,Rajasthan,Health Sub-Centre,1.67,unit,CTR-0031,4913605.14,5344000.0,2023-11-21,2024-02-07,2024-02-18,2025-02-19,2025-02-16,289,27.2938,75.4725,False,
MPLAD-02963,Warangal,Telangana,Health Sub-Centre,2.77,unit,CTR-0164,8205778.5,8864000.0,2024-05-04,2024-06-30,2024-07-07,2026-01-29,2026-02-09,461,17.6661,78.37,True,contractor_collusion
MPLAD-02964,Pune,Maharashtra,Drinking Water Supply,1.75,unit,CTR-0169,2183709.51,2100000.0,2024-04-28,2024-06-18,2024-07-16,2024-11-06,2024-11-08,113,19.4352,73.332,False,
MPLAD-02965,Nalgonda,Telangana,Street Lighting,1.99,unit,CTR-0066,891498.79,895500.0,2022-02-12,2022-03-23,2022-05-02,2022-07-14,2022-08-06,60,17.1465,78.3922,False,
MPLAD-02966,Varanasi,Uttar Pradesh,Community Hall,2.54,unit,CTR-0045,12944473.4,6350000.0,2024-09-22,2024-11-12,2024-11-24,2025-11-10,2025-11-21,343,27.1449,81.2935,True,cost_inflation
MPLAD-02967,Warangal,Telangana,Drainage System,0.98,km,CTR-0164,966401.93,1078000.0,2024-02-29,2024-03-26,2024-05-05,2024-08-08,2024-08-30,98,17.6199,78.8311,True,contractor_collusion
MPLAD-02968,Bhubaneswar,Odisha,Road Construction,1.4,km,CTR-0177,1037344.7,1190000.0,2023-12-22,2024-02-09,2024-02-22,2024-07-10,2024-07-28,112,20.5727,86.1663,False,
MPLAD-02969,Gaya,Bihar,Drinking Water Supply,1.76,unit,CTR-0139,1834330.44,2112000.0,2024-12-12,2025-01-18,2025-01-23,2025-06-03,2025-06-28,122,25.1718,84.9913,False,
MPLAD-02970,Coimbatore,Tamil Nadu,Road Construction,2.05,km,CTR-0169,1736599.65,1742500.0,2023-05-24,2023-06-27,2023-07-28,2024-03-20,2024-04-12,217,10.7475,77.7547,False,
MPLAD-02971,Jaipur Rural,Rajasthan,School Building Repair,1.57,unit,CTR-0185,1324583.11,1413000.0,2023-11-19,2024-02-06,2024-03-14,2024-08-30,2024-09-12,136,27.1623,75.8374,False,
MPLAD-02972,Jaipur Rural,Rajasthan,Drainage System,1.24,km,CTR-0193,1440109.33,1364000.0,2023-08-16,2023-10-04,2023-11-16,2024-05-02,2024-05-01,147,26.6013,75.789,False,
MPLAD-02973,Secunderabad,Telangana,School Building Repair,2.32,unit,CTR-0213,2328837.66,2088000.0,2023-06-18,2023-07-03,2023-07-29,2024-01-20,2024-02-11,177,17.7976,78.6462,False,
MPLAD-02974,Nalgonda,Telangana,Community Hall,0.69,unit,CTR-0049,1530131.41,1725000.0,2023-02-27,2023-03-27,2023-05-01,2023-09-01,2023-08-27,114,17.2415,78.3024,False,
MPLAD-02975,Pune,Maharashtra,Street Lighting,1.05,unit,CTR-0137,429933.27,472500.0,2022-07-16,2022-10-04,2022-10-10,2022-11-10,2022-11-30,33,19.12,72.92,True,geo_clustering
MPLAD-02976,Secunderabad,Telangana,School Building Repair,2.68,unit,CTR-0031,2210898.21,2412000.0,2024-01-19,2024-02-27,2024-03-07,2024-09-23,2024-10-05,212,17.6749,78.6682,False,
MPLAD-02977,Kota,Rajasthan,School Building Repair,1.4,unit,CTR-0025,1164014.51,1260000.0,2023-10-13,2024-01-10,2024-01-20,2024-05-07,2024-05-26,119,27.1749,75.3123,False,
MPLAD-02978,Kanpur,Uttar Pradesh,Community Hall,0.65,unit,CTR-0091,1574874.31,1625000.0,2024-04-20,2024-05-27,2024-06-10,2024-10-04,2024-10-30,114,26.82,80.92,True,geo_clustering
MPLAD-02979,Warangal,Telangana,Drinking Water Supply,2.98,unit,CTR-0141,3196675.98,3576000.0,2024-05-22,2024-06-18,2024-07-08,2025-02-11,2025-03-04,211,17.0254,78.0603,False,
MPLAD-02980,Patna Sahib,Bihar,Road Construction,2.61,km,CTR-0123,2478070.02,2218500.0,2022-02-06,2022-04-12,2022-04-25,2023-02-08,2023-03-08,245,25.1643,85.1643,False,
MPLAD-02981,Patna Sahib,Bihar,Drainage System,2.67,km,CTR-0048,2868848.5,2937000.0,2024-02-06,2024-02-27,2024-04-06,2024-12-29,2025-01-28,271,25.1929,84.9913,False,
MPLAD-02982,Cuttack,Odisha,Drainage System,0.78,km,CTR-0042,740103.64,858000.0,2024-08-22,2024-10-01,2024-10-09,2025-01-19,2025-02-12,92,19.8828,85.5806,False,
MPLAD-02983,Kanpur,Uttar Pradesh,Road Construction,2.73,km,CTR-0155,2080365.71,2320500.0,2023-11-30,2024-02-03,2024-02-19,2024-12-18,2024-12-15,287,26.7824,81.0325,False,
MPLAD-02984,Jaipur Rural,Rajasthan,Drinking Water Supply,1.78,unit,CTR-0074,2024735.52,2136000.0,2024-12-07,2025-02-28,2025-04-07,2025-08-17,2025-08-16,116,26.631,75.7618,False,
MPLAD-02985,Secunderabad,Telangana,Drinking Water Supply,2.46,unit,CTR-0058,2692707.91,2952000.0,2024-07-17,2024-08-23,2024-09-17,2025-02-02,2025-02-04,138,17.1967,78.6708,False,
MPLAD-02986,Cuttack,Odisha,Health Sub-Centre,1.72,unit,CTR-0076,6136962.73,5504000.0,2022-06-24,2022-09-11,2022-10-20,2023-09-08,2023-09-22,305,20.161,85.5683,False,
MPLAD-02987,Jaipur Rural,Rajasthan,Road Construction,2.07,km,CTR-0209,1933778.61,1759500.0,2023-07-07,2023-09-14,2023-10-02,2024-04-06,2024-05-04,177,26.6422,76.1423,False,
MPLAD-02988,Pune,Maharashtra,Drainage System,2.12,km,CTR-0094,2178187.86,2332000.0,2023-05-15,2023-08-07,2023-09-12,2024-05-29,2024-05-24,249,19.4745,72.8998,False,
MPLAD-02989,Nagpur,Maharashtra,Road Construction,0.64,km,CTR-0149,493128.11,544000.0,2022-10-24,2022-11-20,2023-01-04,2023-03-17,2023-03-26,58,19.3659,73.3914,False,
MPLAD-02990,Varanasi,Uttar Pradesh,Road Construction,1.02,km,CTR-0050,2636822.77,867000.0,2024-05-11,2024-08-08,2024-09-08,2024-12-19,2024-12-21,102,26.3488,80.7124,True,cost_inflation
MPLAD-02991,Kanpur,Uttar Pradesh,Drainage System,1.32,km,CTR-0054,1237307.82,1452000.0,2022-12-07,2023-01-13,2023-02-11,2023-07-03,2023-07-11,155,26.3773,80.7877,False,
MPLAD-02992,Gaya,Bihar,Health Sub-Centre,2.59,unit,CTR-0103,7608505.58,8288000.0,2022-07-13,2022-09-03,2022-09-11,2024-03-12,2024-03-16,435,25.2903,84.6078,False,
MPLAD-02993,Jaipur Rural,Rajasthan,Drainage System,2.01,km,CTR-0031,2265445.32,2211000.0,2023-05-28,2023-06-17,2023-07-13,2024-03-07,2024-03-25,198,26.4288,75.3736,False,
MPLAD-02994,Nalgonda,Telangana,Road Construction,2.58,km,CTR-0216,2399499.01,2193000.0,2024-06-22,2024-08-05,2024-09-19,2025-05-24,2025-06-14,237,17.8977,78.3648,False,
MPLAD-02995,Madurai,Tamil Nadu,School Building Repair,1.1,unit,CTR-0111,895589.34,990000.0,2022-02-27,2022-04-02,2022-04-18,2022-07-19,2022-08-16,76,11.2834,77.9764,False,
MPLAD-02996,Gaya,Bihar,Road Construction,1.32,km,CTR-0107,1096227.0,1122000.0,2022-12-10,2023-01-18,2023-02-15,2023-07-05,2023-07-28,112,25.5438,84.6812,False,
MPLAD-02997,Patna Sahib,Bihar,Road Construction,0.71,km,CTR-0121,574012.57,603500.0,2024-10-12,2024-12-29,2025-01-25,2025-03-22,2025-03-24,59,25.4159,85.0646,False,
MPLAD-02998,Coimbatore,Tamil Nadu,Street Lighting,1.99,unit,CTR-0135,953045.48,895500.0,2023-05-26,2023-06-22,2023-07-27,2023-08-03,2023-08-05,60,11.3658,77.7133,True,ghost_project
MPLAD-02999,Secunderabad,Telangana,Road Construction,2.51,km,CTR-0058,2013013.11,2133500.0,2023-09-18,2023-11-25,2023-12-28,2024-08-07,2024-08-15,227,17.3437,78.9231,False,
MPLAD-03000,Varanasi,Uttar Pradesh,Drainage System,1.93,km,CTR-0024,2391807.94,2123000.0,2024-04-03,2024-05-29,2024-06-22,2025-03-17,2025-04-01,213,26.9547,80.9427,False,
